nivel_atencion,tipo_establecimiento,camas_internamiento,usuarios_no_autosuficientes,capacidad_atencion,num_servicios,urgencias_24h,num_especialidades,num_pisos,area_construida,personal_medico_total,subfuncion
1,3,0,1,3,4,1,1,2,1098.6584841970366,14,I-3
1,3,0,1,3,4,1,1,2,833.7086111390219,15,I-3
2,7,3,1,3,4,1,1,3,6994.655844802531,57,II
1,1,0,0,1,1,0,0,1,76.69918962929685,1,I-1
1,3,0,1,3,4,1,1,1,639.4938606520418,19,I-3
3,6,3,1,3,5,1,2,3,17422.111536716162,150,III
1,3,0,1,3,2,1,1,1,1359.9404067363207,14,I-3
1,7,0,0,2,1,0,0,1,194.8448049611839,2,I-1
1,7,0,1,3,3,1,1,2,589.2305592312141,16,I-3
1,1,0,0,1,0,0,0,1,94.55922412472692,2,I-1
1,2,0,0,3,2,1,0,1,94.06201966919949,1,I-2
1,1,0,0,2,1,0,0,1,63.709014160108865,2,I-1
1,3,2,1,3,4,1,1,2,1293.9742936287178,23,I-4
3,5,3,1,3,5,1,2,3,11256.18838128675,152,III
1,3,2,1,3,4,1,1,2,1413.998773033815,27,I-4
2,7,2,1,3,4,1,1,2,6633.468615779944,27,II
1,1,0,0,1,1,0,0,1,83.74043008245924,1,I-1
1,3,2,1,3,3,1,1,2,2372.4395133156713,23,I-4
1,3,2,1,3,3,1,1,2,1466.4734825734934,22,I-4
1,3,2,1,3,3,1,1,2,1841.8651387715518,17,I-4
1,1,0,0,1,0,0,0,1,73.67663185416978,1,I-1
1,7,0,0,2,2,0,0,1,115.90047527986552,3,I-2
1,1,0,0,2,0,0,0,1,70.51424146988217,2,I-1
1,1,0,0,1,0,0,0,1,52.183673484086164,1,I-1
1,1,0,0,2,1,0,0,1,95.78185914055439,1,I-1
1,2,0,0,3,2,1,0,1,84.99059687222197,1,I-2
3,5,3,1,3,5,1,2,3,18753.09559908192,289,III
1,1,0,0,2,0,0,0,1,89.08088595534959,1,I-1
1,2,0,0,2,1,0,0,1,101.54616197341622,1,I-2
1,2,0,0,2,2,1,0,1,93.48612012104047,1,I-2
1,7,0,1,3,3,1,1,2,596.2512754063214,11,I-3
1,3,0,1,3,2,1,1,2,536.8869473545328,8,I-3
3,5,3,1,3,5,1,2,3,11343.757570839338,228,III
1,2,0,0,3,2,0,0,1,74.52331629069002,1,I-2
1,3,1,1,3,3,1,1,2,2092.324522917789,22,I-4
1,3,0,1,3,3,1,1,1,1316.4318732193838,8,I-3
1,1,0,0,2,0,0,0,1,91.50152828882318,2,I-1
1,7,1,1,3,3,1,1,2,1185.0428178364946,16,I-4
1,1,0,0,2,0,0,0,1,96.20379932420407,1,I-1
1,3,2,1,3,3,1,1,2,1812.1719607413488,24,I-4
1,2,0,0,3,2,0,0,1,91.77903470136039,1,I-2
1,2,0,0,3,1,0,0,1,97.98608743639608,1,I-2
1,2,0,0,3,2,0,0,1,113.22518545590704,1,I-2
2,4,2,1,3,4,1,1,2,3808.143570473069,77,II
1,3,2,1,3,4,1,1,2,2410.2001636866676,23,I-4
1,1,0,0,2,1,0,0,1,81.5137118615616,2,I-1
3,6,3,1,3,5,1,2,3,10846.989049961601,120,III
1,1,0,0,2,0,0,0,1,83.25639545512776,2,I-1
1,3,1,1,3,4,1,1,2,1397.8035515225881,28,I-4
1,3,1,1,3,4,1,1,2,2359.148181577831,25,I-4
2,4,3,1,3,4,1,1,2,5462.588469094319,44,II
1,2,0,0,3,1,0,0,1,62.616226305266025,1,I-2
3,6,3,1,3,5,1,2,3,18978.372682645382,198,III
2,4,2,1,3,4,1,1,2,5763.82483417745,70,II
3,5,3,1,3,5,1,2,3,11668.364231446183,259,III
2,4,3,1,3,4,1,1,3,5784.006312291751,70,II
2,4,3,1,3,4,1,1,3,4044.593588076801,86,II
3,5,3,1,3,5,1,2,3,11543.487061027265,116,III
2,4,3,1,3,4,1,1,3,5764.099884539539,81,II
2,4,2,1,3,4,1,1,3,7566.202762782356,97,II
1,1,0,0,2,0,0,0,1,44.256455019995656,2,I-1
2,4,2,1,3,4,1,1,2,4877.91476319972,41,II
1,3,0,1,3,4,1,1,1,655.0416167277442,13,I-3
1,7,2,1,3,4,1,1,2,2198.420953121419,20,I-4
1,1,0,0,1,1,0,0,1,52.949261649810595,1,I-1
1,3,0,1,3,3,1,1,1,1199.5122107671937,15,I-3
2,4,3,1,3,4,1,1,3,4614.78236470623,56,II
1,3,0,1,3,3,1,1,1,750.8605273466612,17,I-3
3,5,3,1,3,5,1,2,3,16261.998809184397,228,III
1,1,0,0,2,1,0,0,1,72.95359988236723,2,I-1
1,2,0,0,2,2,0,0,1,99.42667971001,1,I-2
1,3,0,1,3,4,1,1,2,1066.0372104940761,10,I-3
2,7,3,1,3,4,1,1,3,2276.0158521305166,81,II
2,4,3,1,3,4,1,1,3,5458.079375584162,78,II
1,2,0,0,2,1,1,0,1,116.94874389548315,1,I-2
3,6,3,1,3,5,1,2,3,15510.318988570836,285,III
1,3,0,1,3,2,1,1,2,1115.8511643899137,14,I-3
3,6,3,1,3,5,1,2,3,19282.762897099492,251,III
1,3,1,1,3,3,1,1,2,2216.8062651040045,25,I-4
3,5,3,1,3,5,1,2,3,15817.817262293454,142,III
1,7,0,1,2,1,0,0,1,64.16644411338926,3,I-2
1,2,0,0,2,2,0,0,1,80.4374741678544,1,I-2
1,2,0,0,3,1,0,0,1,116.19888911134244,1,I-2
1,1,0,0,1,0,0,0,1,72.87831299488525,1,I-1
2,4,2,1,3,4,1,1,2,5063.0883845571325,57,II
1,2,0,0,2,2,0,0,1,74.31581158742041,1,I-2
1,3,1,1,3,3,1,1,2,1566.5933292644422,15,I-4
1,3,0,1,3,3,1,1,1,1395.5232284962003,8,I-3
1,1,0,0,1,1,0,0,1,61.29431142776323,2,I-1
3,5,3,1,3,5,1,2,3,13916.307893261659,243,III
1,3,0,1,3,2,1,1,2,1172.5184560770385,11,I-3
3,5,3,1,3,5,1,2,3,9094.473236584285,141,III
3,6,3,1,3,5,1,2,3,13298.366016480524,174,III
1,1,0,0,2,1,0,0,1,77.09308379897567,1,I-1
2,4,3,1,3,4,1,1,3,4983.25800977126,66,II
2,4,2,1,3,4,1,1,3,7933.1978925058775,87,II
3,5,3,1,3,5,1,2,3,19366.982928606303,144,III
2,4,2,1,3,4,1,1,2,6885.734579637184,93,II
2,4,2,1,3,4,1,1,2,5172.2592224413565,84,II
1,1,0,0,2,1,0,0,1,47.12907497608431,1,I-1
2,4,2,1,3,4,1,1,2,4187.5323564623495,96,II
1,3,0,1,3,2,1,1,2,936.335831606556,17,I-3
1,1,0,0,1,0,0,0,1,93.46858682188426,2,I-1
3,6,3,1,3,5,1,2,3,14646.25141281585,119,III
1,1,0,0,1,1,0,0,1,57.66963681036579,1,I-1
1,3,2,1,3,3,1,1,2,1068.1695705121867,26,I-4
3,7,3,1,3,5,1,2,3,10917.826979121948,201,III
1,3,2,1,3,4,1,1,2,1695.5476074099734,24,I-4
1,2,0,0,2,1,1,0,1,87.19445080972986,1,I-2
1,1,0,0,1,1,0,0,1,76.16691292139791,2,I-1
1,1,0,0,1,1,0,0,1,96.98799479751544,2,I-1
1,3,2,1,3,4,1,1,2,2314.992228888689,25,I-4
1,7,0,0,1,2,0,0,1,171.58299961727494,4,I-1
3,6,3,1,3,5,1,2,3,12570.690279572258,185,III
2,4,2,1,3,4,1,1,3,3184.109338179957,40,II
1,7,0,0,2,1,0,0,1,130.15194125441946,1,I-1
3,5,3,1,3,5,1,2,3,16713.450128862176,182,III
1,2,0,0,3,1,0,0,1,96.3704780670528,1,I-2
1,2,0,0,3,2,0,0,1,66.81345553197774,1,I-2
1,3,2,1,3,3,1,1,2,1780.24525166799,26,I-4
2,4,3,1,3,4,1,1,3,6959.089197348165,56,II
1,7,0,0,1,1,0,0,1,143.04643270301972,2,I-1
2,4,3,1,3,4,1,1,3,7902.313625461889,89,II
1,3,1,1,3,3,1,1,2,2356.2380417406225,18,I-4
1,3,1,1,3,4,1,1,2,1446.9391773129257,24,I-4
3,6,3,1,3,5,1,2,3,13512.161695354069,244,III
1,3,0,1,3,2,1,1,2,1120.8056844220914,9,I-3
1,2,0,0,3,1,1,0,1,67.73278331463895,1,I-2
1,1,0,0,2,1,0,0,1,78.45248468819287,2,I-1
2,4,3,1,3,4,1,1,2,5576.180274321054,71,II
1,1,0,0,1,0,0,0,1,50.136103784329876,2,I-1
1,7,0,0,1,1,0,0,1,103.39872264079793,2,I-2
1,3,0,1,3,2,1,1,1,539.312139841099,16,I-3
1,3,0,1,3,3,1,1,1,1420.8724005318131,8,I-3
1,2,0,0,2,1,1,0,1,72.56095940020262,1,I-2
1,3,0,1,3,3,1,1,2,868.9136395697724,15,I-3
2,7,2,1,3,4,1,1,3,2798.7015715248695,22,II
3,5,3,1,3,5,1,2,3,8365.66583280313,117,III
1,3,0,1,3,4,1,1,2,769.243230949381,12,I-3
1,2,0,0,2,1,1,0,1,92.1201338409314,1,I-2
1,2,0,0,2,2,0,0,1,98.92937041749457,1,I-2
1,3,0,1,3,3,1,1,2,1057.7422659504373,15,I-3
1,3,0,1,3,2,1,1,1,863.0822963986351,17,I-3
1,3,1,1,3,3,1,1,2,1495.522721921371,23,I-4
1,2,0,0,3,2,1,0,1,69.64088239557334,1,I-2
1,2,0,0,2,2,0,0,1,64.81402473969854,1,I-2
1,3,0,1,3,4,1,1,2,897.8555990457417,19,I-3
3,7,3,1,3,5,1,2,3,19626.007444177136,143,III
1,1,0,0,1,1,0,0,1,73.40577358083578,2,I-1
1,3,0,1,3,2,1,1,2,1467.9940665042343,11,I-3
1,3,0,1,3,2,1,1,2,614.8368247392035,17,I-3
2,4,3,1,3,4,1,1,2,7660.0717112846705,52,II
1,7,0,1,3,3,1,1,2,461.2976123267691,11,I-3
1,3,2,1,3,4,1,1,2,1131.8021668639851,29,I-4
2,4,2,1,3,4,1,1,2,5357.880942750791,94,II
2,4,2,1,3,4,1,1,3,6729.872627743591,89,II
1,1,0,0,1,1,0,0,1,50.87398396993961,1,I-1
3,6,3,1,3,5,1,2,3,18101.945321099265,171,III
2,4,3,1,3,4,1,1,3,7125.663383463986,76,II
2,4,3,1,3,4,1,1,3,4794.152420617513,84,II
1,3,2,1,3,3,1,1,2,2070.673682282989,17,I-4
1,3,1,1,3,3,1,1,2,1866.2294063591885,15,I-4
3,6,3,1,3,5,1,2,3,8799.429348689804,203,III
1,3,2,1,3,3,1,1,2,1941.5620796071266,22,I-4
2,4,2,1,3,4,1,1,2,5477.118132019828,69,II
3,6,3,1,3,5,1,2,3,17028.83744046587,254,III
2,7,3,1,3,4,1,1,3,6574.752114444143,93,II
1,2,0,0,2,1,0,0,1,67.64931973991895,1,I-2
1,3,0,1,3,2,1,1,1,729.2513952326415,19,I-3
2,7,2,1,3,4,1,1,2,5393.050083937843,45,II
1,2,0,0,2,2,0,0,1,95.00350768596724,1,I-2
1,3,0,1,3,3,1,1,1,653.3514031160802,15,I-3
1,3,0,1,3,4,1,1,2,1372.1239089441515,19,I-3
1,1,0,0,1,1,0,0,1,41.38135628725825,1,I-1
1,1,0,0,2,0,0,0,1,65.44784027814316,1,I-1
1,1,0,0,1,0,0,0,1,47.368646910744026,1,I-1
3,6,3,1,3,5,1,2,3,18049.889468029905,100,III
3,6,3,1,3,5,1,2,3,15294.732725531105,274,III
1,1,0,0,2,0,0,0,1,40.27792138027617,1,I-1
1,1,0,0,2,0,0,0,1,95.3776139079091,1,I-1
1,2,0,0,2,2,1,0,1,87.1463709679616,1,I-2
1,1,0,0,1,1,0,0,1,65.13552697027288,2,I-1
1,2,0,0,2,2,1,0,1,72.76084706047358,1,I-2
1,3,0,1,3,2,1,1,1,1057.305368890048,13,I-3
1,1,0,0,1,0,0,0,1,75.72310103920262,1,I-1
1,3,0,1,3,4,1,1,2,705.1396404820072,8,I-3
1,1,0,0,2,0,0,0,1,43.94251836570114,2,I-1
2,4,3,1,3,4,1,1,3,5405.439741937929,69,II
1,3,1,1,3,4,1,1,2,2292.678431520276,21,I-4
2,4,2,1,3,4,1,1,3,5632.892333296469,72,II
1,1,0,0,2,0,0,0,1,79.53543651460907,1,I-1
1,3,1,1,3,3,1,1,2,1758.2618186590507,22,I-4
1,1,0,0,1,0,0,0,1,79.16476647111247,1,I-1
2,4,3,1,3,4,1,1,3,6015.987010884898,85,II
2,4,2,1,3,4,1,1,3,4024.921477079105,70,II
1,2,0,0,3,1,0,0,1,110.88768572801301,1,I-2
1,1,0,0,1,1,0,0,1,82.23676810831057,1,I-1
2,4,3,1,3,4,1,1,2,4898.462040836334,62,II
1,1,0,0,1,1,0,0,1,86.43007139208041,1,I-1
1,3,0,1,3,3,1,1,2,1279.7587747880307,8,I-3
3,6,3,1,3,5,1,2,3,13652.785432325772,213,III
1,1,0,0,2,1,0,0,1,78.00869318956885,1,I-1
1,2,0,0,3,2,1,0,1,114.03433807418314,1,I-2
2,4,3,1,3,4,1,1,3,5648.308393275405,81,II
1,3,1,1,3,3,1,1,2,1977.1305825277964,24,I-4
2,4,3,1,3,4,1,1,2,4318.419013173082,70,II
3,6,3,1,3,5,1,2,3,15597.17676028937,152,III
1,1,0,0,2,0,0,0,1,62.98831169496985,2,I-1
1,3,0,1,3,3,1,1,1,684.3709206789632,12,I-3
1,3,1,1,3,3,1,1,2,1433.0406051560499,18,I-4
2,4,2,1,3,4,1,1,3,5380.2520109954985,86,II
3,6,3,1,3,5,1,2,3,10579.284543089081,135,III
1,3,0,1,3,4,1,1,1,996.3662472012363,18,I-3
1,2,0,0,2,1,1,0,1,103.6913253722162,1,I-2
1,3,0,1,3,3,1,1,1,746.4020332391068,10,I-3
1,7,0,0,1,2,0,0,1,50.788072783757734,4,I-1
1,3,0,1,3,4,1,1,1,636.8186309189614,17,I-3
2,4,3,1,3,4,1,1,3,7790.853965019652,58,II
2,4,2,1,3,4,1,1,2,6461.382822589262,45,II
3,6,3,1,3,5,1,2,3,10654.513301835226,253,III
1,1,0,0,2,1,0,0,1,75.29582541819586,1,I-1
1,2,0,0,3,1,1,0,1,101.84521603481039,1,I-2
1,2,0,0,3,1,0,0,1,88.45285299944783,1,I-2
3,6,3,1,3,5,1,2,3,14269.214912854028,202,III
1,1,0,0,1,1,0,0,1,47.23401314663673,2,I-1
3,6,3,1,3,5,1,2,3,16697.201258345136,207,III
1,3,2,1,3,3,1,1,2,1992.4827626208123,27,I-4
1,3,2,1,3,4,1,1,2,1349.4392121304506,21,I-4
1,3,0,1,3,4,1,1,1,685.4729095767225,9,I-3
3,5,3,1,3,5,1,2,3,8113.825203541977,128,III
2,4,2,1,3,4,1,1,3,6137.5273160918505,95,II
1,2,0,0,3,1,0,0,1,91.35115149807139,1,I-2
2,7,2,1,3,4,1,1,3,3782.017258729293,87,II
2,4,3,1,3,4,1,1,2,7551.695510287672,54,II
1,3,0,1,3,4,1,1,2,1297.9893221433833,12,I-3
1,1,0,0,2,0,0,0,1,96.68392133748462,1,I-1
3,5,3,1,3,5,1,2,3,19894.02351364372,158,III
1,3,0,1,3,3,1,1,1,1330.6425177506246,17,I-3
1,1,0,0,1,0,0,0,1,97.43621577899954,2,I-1
1,7,0,0,1,1,0,0,1,189.16284247928195,2,I-2
1,3,0,1,3,4,1,1,2,991.1863408686265,8,I-3
1,1,0,0,2,0,0,0,1,53.42905688935738,1,I-1
1,1,0,0,1,1,0,0,1,67.44592586642244,2,I-1
1,2,0,0,2,1,0,0,1,111.72765703592704,1,I-2
2,4,2,1,3,4,1,1,2,3434.933799557051,63,II
1,7,0,0,2,2,0,0,1,129.8903779101143,1,I-2
1,2,0,0,2,1,0,0,1,89.70879162083847,1,I-2
1,3,0,1,3,3,1,1,1,847.8092079021931,9,I-3
1,3,1,1,3,4,1,1,2,1781.8904682706225,22,I-4
1,2,0,0,3,1,0,0,1,74.32140187806105,1,I-2
3,5,3,1,3,5,1,2,3,17032.599674691694,106,III
3,5,3,1,3,5,1,2,3,8350.96739641471,122,III
1,1,0,0,1,1,0,0,1,94.52207855616207,2,I-1
2,4,2,1,3,4,1,1,3,3031.929358584168,71,II
1,1,0,0,1,0,0,0,1,46.95063140681546,2,I-1
1,3,1,1,3,4,1,1,2,1160.4709582404375,28,I-4
1,1,0,0,2,0,0,0,1,63.5290726867118,1,I-1
3,6,3,1,3,5,1,2,3,10085.041703690802,167,III
1,2,0,0,3,1,0,0,1,80.7529834171774,1,I-2
1,7,2,1,3,4,1,1,2,2454.931247601575,21,I-4
2,4,2,1,3,4,1,1,3,3122.9345822940077,50,II
2,4,3,1,3,4,1,1,2,4262.543748441911,62,II
1,3,0,1,3,2,1,1,2,926.1813022359729,16,I-3
1,1,0,0,1,0,0,0,1,53.24617676732562,2,I-1
2,4,2,1,3,4,1,1,2,7340.271612661464,83,II
1,1,0,0,1,1,0,0,1,91.44160552554992,2,I-1
1,3,0,1,3,4,1,1,1,909.3340063150431,19,I-3
2,4,2,1,3,4,1,1,3,7340.614067452655,63,II
1,3,0,1,3,4,1,1,2,659.2457382792645,16,I-3
3,5,3,1,3,5,1,2,3,13444.32361526339,149,III
2,4,3,1,3,4,1,1,3,3162.6308974562594,99,II
3,5,3,1,3,5,1,2,3,13778.2682181506,298,III
1,1,0,0,2,0,0,0,1,52.0314836020202,1,I-1
1,1,0,0,1,0,0,0,1,75.41583633313735,2,I-1
1,2,0,0,3,1,1,0,1,83.54961338440108,1,I-2
1,3,0,1,3,4,1,1,1,1257.0592676112233,19,I-3
2,7,3,1,3,4,1,1,2,2629.5810705090494,36,II
1,1,0,0,1,1,0,0,1,68.9413828930955,2,I-1
2,4,3,1,3,4,1,1,3,4632.306541219959,41,II
1,3,0,1,3,3,1,1,1,1324.5140468968339,17,I-3
1,3,0,1,3,4,1,1,2,1189.4649691372656,9,I-3
2,7,3,1,3,4,1,1,2,7709.299846131962,80,II
2,7,3,1,3,4,1,1,2,2311.8277019088346,51,II
1,2,0,0,3,2,0,0,1,107.00536355649689,1,I-2
1,3,1,1,3,4,1,1,2,1829.5021788879376,20,I-4
2,4,2,1,3,4,1,1,2,5632.013304680566,81,II
1,3,0,1,3,4,1,1,2,659.5446801131884,10,I-3
1,2,0,0,3,1,1,0,1,107.38191042854875,1,I-2
1,3,2,1,3,4,1,1,2,2078.802667408396,20,I-4
1,2,0,0,2,1,1,0,1,84.19568166742991,1,I-2
1,2,0,0,2,1,0,0,1,70.45160019469522,1,I-2
3,6,3,1,3,5,1,2,3,13105.920013376905,103,III
2,4,3,1,3,4,1,1,3,5716.502616816442,90,II
1,3,1,1,3,4,1,1,2,1730.0034121370543,16,I-4
1,3,1,1,3,4,1,1,2,2488.199974511009,24,I-4
3,5,3,1,3,5,1,2,3,13589.753684242984,120,III
2,4,3,1,3,4,1,1,3,7545.162603328205,62,II
1,3,2,1,3,3,1,1,2,1619.5467619715455,20,I-4
1,3,0,1,3,2,1,1,1,1092.9183998317817,14,I-3
1,2,0,0,3,1,0,0,1,118.16473934011725,1,I-2
1,2,0,0,2,1,0,0,1,67.85241964310099,1,I-2
3,5,3,1,3,5,1,2,3,18604.51603592903,217,III
1,1,0,0,2,1,0,0,1,89.73300195295657,1,I-1
1,3,0,1,3,2,1,1,1,667.0419079009498,11,I-3
1,3,0,1,3,4,1,1,1,1033.5119252996956,8,I-3
2,4,3,1,3,4,1,1,2,7341.356402566294,83,II
1,7,0,1,3,3,1,1,2,447.5649702355521,9,I-3
3,7,3,1,3,5,1,2,3,6831.648710150402,247,III
1,2,0,0,2,1,0,0,1,101.29247195199574,1,I-2
1,3,0,1,3,4,1,1,1,517.3797901854797,16,I-3
1,3,1,1,3,4,1,1,2,1773.3940428688752,16,I-4
1,2,0,0,2,2,1,0,1,68.61254172236357,1,I-2
3,6,3,1,3,5,1,2,3,19638.944553287245,228,III
2,4,3,1,3,4,1,1,2,7816.734164101995,86,II
2,4,3,1,3,4,1,1,2,6416.240141448229,89,II
1,2,0,0,2,2,0,0,1,66.78658914459439,1,I-2
2,4,2,1,3,4,1,1,2,7704.376781690325,53,II
1,3,0,1,3,3,1,1,2,1157.845304603036,9,I-3
1,3,1,1,3,3,1,1,2,2490.0054060379425,27,I-4
2,4,2,1,3,4,1,1,2,7392.57780650674,77,II
1,2,0,0,3,2,0,0,1,107.86881893151806,1,I-2
1,3,0,1,3,3,1,1,2,1149.0746587943931,12,I-3
1,2,0,0,2,1,0,0,1,83.31348607622074,1,I-2
1,3,0,1,3,2,1,1,1,727.2696272631515,17,I-3
1,3,2,1,3,4,1,1,2,2139.0164918842993,23,I-4
1,3,0,1,3,3,1,1,2,1414.23651595147,17,I-3
1,1,0,0,2,0,0,0,1,54.7641795278799,2,I-1
1,3,2,1,3,4,1,1,2,2077.1846143397415,25,I-4
1,3,0,1,3,4,1,1,1,1396.7142898401223,12,I-3
3,5,3,1,3,5,1,2,3,12560.894107246462,167,III
3,6,3,1,3,5,1,2,3,9995.979292917706,295,III
1,2,0,0,2,1,0,0,1,92.34967660051527,1,I-2
1,2,0,0,3,2,1,0,1,84.8129460915211,1,I-2
1,1,0,0,1,1,0,0,1,50.88630086173762,1,I-1
1,2,0,0,2,2,1,0,1,115.06514935028264,1,I-2
1,3,0,1,3,3,1,1,1,873.5096830383876,17,I-3
1,7,0,0,2,2,0,0,1,127.27627555005974,4,I-1
1,2,0,0,3,2,0,0,1,110.39167817200322,1,I-2
3,6,3,1,3,5,1,2,3,11067.739973711268,167,III
1,2,0,0,3,1,0,0,1,65.7321188300801,1,I-2
1,3,2,1,3,3,1,1,2,1252.0213116172952,17,I-4
3,5,3,1,3,5,1,2,3,9148.57466624194,275,III
1,2,0,0,2,2,0,0,1,75.41303085874289,1,I-2
1,7,1,1,3,4,1,1,2,1266.7184318002132,16,I-4
2,4,3,1,3,4,1,1,2,6587.988828290881,88,II
1,1,0,0,2,0,0,0,1,76.19316461280233,2,I-1
1,3,2,1,3,4,1,1,2,1128.4873743946457,15,I-4
1,3,1,1,3,3,1,1,2,1515.340712163556,21,I-4
1,1,0,0,2,1,0,0,1,88.0213904693417,1,I-1
1,3,2,1,3,4,1,1,2,2020.197896655177,26,I-4
1,2,0,0,3,2,0,0,1,99.71035139096271,1,I-2
1,3,2,1,3,4,1,1,2,1090.2135139011777,26,I-4
1,1,0,0,1,0,0,0,1,85.29026919645086,1,I-1
1,3,0,1,3,2,1,1,1,1256.1633288952462,8,I-3
1,2,0,0,2,2,0,0,1,67.18974012105878,1,I-2
3,7,3,1,3,5,1,2,3,16057.703375108647,297,III
1,3,0,1,3,2,1,1,2,1123.5856880027598,9,I-3
2,4,2,1,3,4,1,1,3,5534.192159102413,91,II
2,7,2,1,3,4,1,1,2,3578.675419465057,85,II
1,3,0,1,3,2,1,1,1,1009.7242467516982,10,I-3
1,3,0,1,3,3,1,1,1,661.7642113521097,13,I-3
1,3,0,1,3,2,1,1,2,708.5105143573358,8,I-3
1,1,0,0,1,1,0,0,1,92.67845922670418,2,I-1
2,4,2,1,3,4,1,1,3,7093.675020371351,54,II
1,3,0,1,3,3,1,1,1,846.0997265377855,11,I-3
1,3,2,1,3,3,1,1,2,1719.0316602067778,15,I-4
3,6,3,1,3,5,1,2,3,18779.139527512474,224,III
1,2,0,0,3,1,0,0,1,67.30571466751648,1,I-2
1,3,0,1,3,4,1,1,2,579.965394359302,19,I-3
3,5,3,1,3,5,1,2,3,19237.390086603926,119,III
1,3,0,1,3,3,1,1,2,716.0381825095997,9,I-3
1,3,1,1,3,3,1,1,2,2171.14237910266,24,I-4
1,2,0,0,3,1,0,0,1,77.84130289421033,1,I-2
1,3,0,1,3,2,1,1,1,1282.6960407441493,10,I-3
1,1,0,0,1,1,0,0,1,77.99137756080785,2,I-1
2,4,3,1,3,4,1,1,2,6119.479181458192,99,II
2,4,2,1,3,4,1,1,3,5023.992145425999,74,II
1,3,0,1,3,3,1,1,1,1233.614380561402,13,I-3
3,6,3,1,3,5,1,2,3,13776.129819623882,178,III
1,3,2,1,3,3,1,1,2,1928.4222895115822,27,I-4
1,1,0,0,1,0,0,0,1,88.09222671297937,1,I-1
1,1,0,0,1,1,0,0,1,78.76540740775047,1,I-1
2,4,3,1,3,4,1,1,3,3750.243323469921,91,II
1,2,0,0,2,1,0,0,1,111.57391389881676,1,I-2
1,3,0,1,3,2,1,1,1,602.1495296575381,15,I-3
1,2,0,0,3,2,1,0,1,110.45229476555537,1,I-2
1,1,0,0,1,1,0,0,1,78.23208860849682,2,I-1
1,3,0,1,3,2,1,1,1,1389.3909161288443,14,I-3
1,3,0,1,3,2,1,1,1,1180.2277792083532,15,I-3
1,1,0,0,1,0,0,0,1,44.27540366591552,2,I-1
1,1,0,0,2,1,0,0,1,67.71681620025734,2,I-1
1,2,0,0,2,1,1,0,1,70.44656012004506,1,I-2
1,1,0,0,2,1,0,0,1,55.90278569950024,2,I-1
1,1,0,0,1,0,0,0,1,86.94909547383628,2,I-1
1,3,2,1,3,3,1,1,2,1182.0796272391096,28,I-4
1,7,0,0,1,2,0,0,1,184.3721896057823,2,I-2
2,4,3,1,3,4,1,1,3,6009.407948181611,92,II
3,6,3,1,3,5,1,2,3,15877.743287978032,110,III
1,1,0,0,2,0,0,0,1,45.70070193953828,2,I-1
1,3,0,1,3,2,1,1,2,1443.0758377447078,11,I-3
1,1,0,0,2,0,0,0,1,78.74864875931236,1,I-1
1,3,1,1,3,3,1,1,2,1387.647430437727,29,I-4
1,2,0,0,2,2,0,0,1,103.70944062969679,1,I-2
2,4,2,1,3,4,1,1,3,5725.134594484692,82,II
1,2,0,0,2,2,1,0,1,101.11788096695241,1,I-2
1,1,0,0,1,0,0,0,1,49.04056646259264,2,I-1
2,4,2,1,3,4,1,1,2,5541.8027345814,93,II
1,3,1,1,3,4,1,1,2,1954.437030968872,19,I-4
1,1,0,0,2,1,0,0,1,54.80073187129738,1,I-1
3,5,3,1,3,5,1,2,3,12817.93179033546,205,III
1,3,1,1,3,4,1,1,2,2222.6775767205518,25,I-4
1,2,0,0,2,1,0,0,1,60.313776812574766,1,I-2
2,7,2,1,3,4,1,1,3,3214.8833609914245,53,II
2,4,3,1,3,4,1,1,2,7209.851857483543,45,II
3,6,3,1,3,5,1,2,3,12624.510596568341,231,III
2,4,2,1,3,4,1,1,3,4957.628490889147,60,II
1,1,0,0,2,1,0,0,1,50.013107071292254,2,I-1
2,4,2,1,3,4,1,1,2,5404.864449430619,53,II
2,4,3,1,3,4,1,1,2,6514.717204893384,95,II
1,3,2,1,3,3,1,1,2,1404.7310801923215,26,I-4
1,2,0,0,2,2,0,0,1,104.75551252882047,1,I-2
3,6,3,1,3,5,1,2,3,14207.228677299312,275,III
1,3,0,1,3,2,1,1,1,735.8575991436871,11,I-3
1,1,0,0,1,0,0,0,1,84.01694980253875,2,I-1
1,3,2,1,3,4,1,1,2,2178.477427120348,25,I-4
2,4,3,1,3,4,1,1,2,6699.931933428059,65,II
1,3,1,1,3,4,1,1,2,1501.7669331128982,27,I-4
2,4,3,1,3,4,1,1,2,6488.353137600376,98,II
1,2,0,0,3,1,0,0,1,112.36381502907611,1,I-2
2,4,2,1,3,4,1,1,2,5290.934433689463,44,II
2,4,3,1,3,4,1,1,2,7519.566651301873,74,II
1,3,0,1,3,3,1,1,1,658.9081676693536,19,I-3
1,1,0,0,2,1,0,0,1,68.3236260518199,1,I-1
1,7,0,0,2,2,0,0,1,89.2558525603859,3,I-1
1,2,0,0,3,2,0,0,1,85.73321273166232,1,I-2
2,4,2,1,3,4,1,1,2,7265.448117018253,82,II
1,1,0,0,1,0,0,0,1,71.94524093651303,1,I-1
2,4,2,1,3,4,1,1,3,6662.243659190449,50,II
3,5,3,1,3,5,1,2,3,12721.374158763098,253,III
1,3,0,1,3,2,1,1,1,1481.2970904972467,9,I-3
1,1,0,0,1,1,0,0,1,60.2957863199409,1,I-1
3,5,3,1,3,5,1,2,3,10196.185330816726,260,III
1,1,0,0,2,0,0,0,1,91.03696347046827,1,I-1
1,3,1,1,3,4,1,1,2,1605.9668144898224,25,I-4
1,1,0,0,1,1,0,0,1,44.9035207448067,2,I-1
2,4,2,1,3,4,1,1,3,6320.939572527087,96,II
1,3,2,1,3,3,1,1,2,1976.4602007264311,20,I-4
1,2,0,0,3,2,0,0,1,118.68370907841171,1,I-2
2,4,3,1,3,4,1,1,2,7360.678500112383,65,II
1,2,0,0,3,1,1,0,1,112.66980468912246,1,I-2
3,5,3,1,3,5,1,2,3,19359.655450395287,267,III
3,5,3,1,3,5,1,2,3,14630.163377392702,230,III
3,6,3,1,3,5,1,2,3,17580.13025869194,266,III
1,3,2,1,3,3,1,1,2,2163.417776387991,17,I-4
1,2,0,0,3,2,0,0,1,105.44891308736504,1,I-2
1,2,0,0,2,1,1,0,1,113.81747582541206,1,I-2
1,3,0,1,3,3,1,1,2,666.0343134161955,10,I-3
1,3,0,1,3,4,1,1,2,1007.0511038654411,19,I-3
1,2,0,0,2,2,0,0,1,69.12625699333637,1,I-2
1,3,0,1,3,3,1,1,1,1382.4163684073387,19,I-3
2,4,2,1,3,4,1,1,2,5426.794915799435,92,II
1,3,2,1,3,4,1,1,2,2322.8916374569662,29,I-4
1,3,1,1,3,3,1,1,2,1139.5457296900408,18,I-4
2,4,3,1,3,4,1,1,3,6657.482451701811,67,II
2,4,3,1,3,4,1,1,3,6551.2139931165575,83,II
3,6,3,1,3,5,1,2,3,13511.182366078567,230,III
3,6,3,1,3,5,1,2,3,16544.16824396937,289,III
2,4,3,1,3,4,1,1,2,6698.356503633819,57,II
2,4,3,1,3,4,1,1,3,4761.874733048272,44,II
2,4,2,1,3,4,1,1,2,3155.5779995867883,55,II
1,1,0,0,2,1,0,0,1,80.9001689440972,2,I-1
2,4,3,1,3,4,1,1,2,4396.380442272052,42,II
2,4,3,1,3,4,1,1,2,4063.2218818554807,74,II
2,4,3,1,3,4,1,1,3,7518.039221733976,56,II
2,4,2,1,3,4,1,1,2,4301.434287830015,72,II
3,7,3,1,3,5,1,2,3,7536.216055339888,147,III
1,3,0,1,3,2,1,1,2,628.8487120002549,10,I-3
3,6,3,1,3,5,1,2,3,8216.00106734258,267,III
2,4,2,1,3,4,1,1,3,7291.708383995604,58,II
3,5,3,1,3,5,1,2,3,17658.881322097266,272,III
3,5,3,1,3,5,1,2,3,15538.857325559376,220,III
1,2,0,0,3,2,0,0,1,92.44190859869462,1,I-2
1,1,0,0,2,0,0,0,1,68.12607792787034,1,I-1
2,7,2,1,3,4,1,1,2,6381.4768825408755,60,II
1,1,0,0,2,1,0,0,1,80.06828099358438,2,I-1
1,2,0,0,2,1,0,0,1,110.28913101311547,1,I-2
1,2,0,0,2,2,0,0,1,94.40096073811307,1,I-2
1,3,1,1,3,3,1,1,2,1732.561943474408,19,I-4
1,1,0,0,2,0,0,0,1,89.75720795900534,2,I-1
3,7,3,1,3,5,1,2,3,15416.756841960632,217,III
1,2,0,0,2,1,0,0,1,113.55139739729077,1,I-2
1,3,0,1,3,4,1,1,2,1091.6971623063255,10,I-3
1,2,0,0,3,2,0,0,1,89.26002411727586,1,I-2
1,3,2,1,3,3,1,1,2,2115.39087426484,15,I-4
1,2,0,0,3,1,1,0,1,62.38595789931417,1,I-2
1,3,1,1,3,4,1,1,2,1704.4626620210634,23,I-4
1,2,0,0,3,2,0,0,1,76.84099293095846,1,I-2
1,2,0,0,3,1,1,0,1,73.14412854611146,1,I-2
1,1,0,0,2,0,0,0,1,88.15514077478878,1,I-1
1,2,0,0,3,2,1,0,1,109.00093052704308,1,I-2
1,2,0,0,2,1,0,0,1,94.4867732558649,1,I-2
1,1,0,0,2,0,0,0,1,67.03582113898804,1,I-1
1,2,0,0,3,1,0,0,1,114.4566601533933,1,I-2
2,4,3,1,3,4,1,1,2,7118.9519211064735,78,II
3,5,3,1,3,5,1,2,3,15636.816442200885,186,III
2,4,2,1,3,4,1,1,2,7357.988636441153,57,II
1,1,0,0,1,1,0,0,1,62.14318130565499,1,I-1
1,3,1,1,3,3,1,1,2,1606.3595944663139,17,I-4
1,2,0,0,2,1,0,0,1,81.7151994502719,1,I-2
1,7,2,1,3,3,1,1,2,2352.5878108796023,16,I-4
3,5,3,1,3,5,1,2,3,16891.77500329494,192,III
1,1,0,0,2,1,0,0,1,40.70239664385424,2,I-1
1,3,0,1,3,4,1,1,1,899.368748394691,12,I-3
1,1,0,0,1,0,0,0,1,83.75040925296688,1,I-1
1,1,0,0,1,1,0,0,1,64.23387185020742,1,I-1
1,2,0,0,3,2,0,0,1,107.90282043110115,1,I-2
2,4,2,1,3,4,1,1,2,5154.926102566482,79,II
3,7,3,1,3,5,1,2,3,10550.785020113828,167,III
2,4,2,1,3,4,1,1,3,3834.301008493764,76,II
1,7,1,1,3,3,1,1,2,2409.2955377890285,28,I-4
1,1,0,0,2,0,0,0,1,60.4362499948775,1,I-1
2,4,2,1,3,4,1,1,3,7235.697448468925,47,II
1,3,0,1,3,3,1,1,1,605.2591851970124,8,I-3
1,1,0,0,2,1,0,0,1,70.327307074627,1,I-1
1,1,0,0,2,1,0,0,1,95.53823980152015,1,I-1
1,7,0,0,1,1,0,0,1,118.77845133228361,2,I-1
1,1,0,0,1,1,0,0,1,62.48821406690778,1,I-1
3,6,3,1,3,5,1,2,3,14544.573454619629,128,III
1,2,0,0,3,1,0,0,1,80.42322625527035,1,I-2
1,3,1,1,3,3,1,1,2,1812.5572186150061,20,I-4
1,2,0,0,2,2,0,0,1,102.5408234572219,1,I-2
1,1,0,0,1,1,0,0,1,54.10223288822951,1,I-1
1,3,2,1,3,3,1,1,2,1208.7950520185432,17,I-4
1,1,0,0,2,0,0,0,1,86.94329976760524,1,I-1
3,5,3,1,3,5,1,2,3,17510.25670355503,118,III
1,2,0,0,3,1,0,0,1,92.5814750374598,1,I-2
1,2,0,0,2,2,0,0,1,92.00319772592175,1,I-2
3,5,3,1,3,5,1,2,3,14591.869752838087,104,III
2,4,3,1,3,4,1,1,3,7720.210469126989,56,II
3,6,3,1,3,5,1,2,3,13800.88923167776,195,III
1,3,0,1,3,3,1,1,1,703.2230910860873,15,I-3
1,3,0,1,3,2,1,1,1,1077.2790292331313,10,I-3
3,6,3,1,3,5,1,2,3,17930.227065275634,103,III
2,4,2,1,3,4,1,1,2,3297.357844336404,84,II
1,3,0,1,3,4,1,1,1,1383.4647629860606,18,I-3
1,1,0,0,1,0,0,0,1,84.04178575535838,2,I-1
1,3,0,1,3,4,1,1,1,1192.532431537108,17,I-3
1,3,2,1,3,4,1,1,2,1500.1109832386658,17,I-4
1,2,0,0,2,1,0,0,1,100.60927793144373,1,I-2
2,4,2,1,3,4,1,1,2,6689.34759280765,64,II
1,7,1,1,3,4,1,1,2,2393.054748379951,18,I-4
2,4,3,1,3,4,1,1,2,3443.0235698483953,48,II
2,4,3,1,3,4,1,1,3,3122.492241338262,50,II
1,2,0,0,3,1,0,0,1,64.33898851547632,1,I-2
3,6,3,1,3,5,1,2,3,16180.983729081934,244,III
1,3,0,1,3,3,1,1,2,645.1965128846603,17,I-3
1,3,0,1,3,3,1,1,1,901.3060242197122,14,I-3
3,5,3,1,3,5,1,2,3,8264.323054685803,152,III
2,4,3,1,3,4,1,1,2,3168.3458910693635,58,II
1,2,0,0,3,1,0,0,1,90.18503704679019,1,I-2
1,3,0,1,3,3,1,1,2,1137.090837080905,9,I-3
1,2,0,0,3,1,0,0,1,93.15005804447335,1,I-2
1,3,0,1,3,4,1,1,2,771.4093804467143,14,I-3
1,1,0,0,2,1,0,0,1,83.30329316303076,1,I-1
2,4,2,1,3,4,1,1,2,5555.6456961861495,65,II
2,4,2,1,3,4,1,1,2,5916.332589065227,47,II
1,1,0,0,1,1,0,0,1,58.97620898375841,1,I-1
2,4,2,1,3,4,1,1,2,7332.739908745434,43,II
2,4,2,1,3,4,1,1,2,7549.71571927196,87,II
3,5,3,1,3,5,1,2,3,16244.231198038913,256,III
1,3,0,1,3,4,1,1,2,639.1158488910876,12,I-3
2,4,2,1,3,4,1,1,3,6805.188951253915,56,II
1,3,1,1,3,3,1,1,2,1713.1099117751105,17,I-4
1,7,1,1,3,4,1,1,2,2426.5596863232868,18,I-4
1,3,0,1,3,3,1,1,1,869.8132559871766,19,I-3
2,4,2,1,3,4,1,1,2,5078.987503437251,41,II
1,2,0,0,2,2,0,0,1,72.94444075058725,1,I-2
1,3,2,1,3,3,1,1,2,1204.901355476759,21,I-4
1,1,0,0,2,1,0,0,1,43.1319177426983,2,I-1
2,4,3,1,3,4,1,1,2,4437.047982327898,74,II
1,3,2,1,3,4,1,1,2,1815.708591799356,29,I-4
2,7,2,1,3,4,1,1,3,4024.073280614556,33,II
1,3,0,1,3,4,1,1,2,1030.9376784120939,13,I-3
1,2,0,0,2,2,1,0,1,83.85885477552216,1,I-2
2,4,3,1,3,4,1,1,2,4099.02674411595,67,II
3,5,3,1,3,5,1,2,3,8916.619339897472,274,III
2,4,3,1,3,4,1,1,2,3087.7618168331446,92,II
1,2,0,0,2,2,0,0,1,94.23897743285609,1,I-2
1,3,1,1,3,3,1,1,2,2318.8826722695767,17,I-4
1,1,0,0,1,0,0,0,1,86.82256741425883,2,I-1
1,2,0,0,3,1,0,0,1,116.24270628985924,1,I-2
1,3,2,1,3,3,1,1,2,2007.4634223190446,18,I-4
3,5,3,1,3,5,1,2,3,14368.84826344203,277,III
1,3,2,1,3,3,1,1,2,1307.4718142902248,24,I-4
1,2,0,0,3,1,0,0,1,94.69790396522164,1,I-2
1,1,0,0,2,1,0,0,1,63.28994236761973,2,I-1
1,3,1,1,3,4,1,1,2,1506.0102115255352,20,I-4
1,3,0,1,3,2,1,1,2,562.2032261647028,8,I-3
3,5,3,1,3,5,1,2,3,13372.081104925019,153,III
1,3,0,1,3,3,1,1,1,854.2677648410465,17,I-3
1,7,2,1,3,4,1,1,2,2171.8413345027893,27,I-4
1,3,1,1,3,4,1,1,2,1841.3116950439264,20,I-4
1,3,0,1,3,4,1,1,2,1343.6496640518237,18,I-3
2,4,3,1,3,4,1,1,3,7803.134877565999,55,II
1,3,2,1,3,4,1,1,2,2429.5300317683486,28,I-4
1,3,1,1,3,4,1,1,2,1890.3414030681788,21,I-4
1,7,0,1,2,1,0,0,1,159.81839102644338,1,I-2
3,5,3,1,3,5,1,2,3,19434.76155197393,261,III
2,4,3,1,3,4,1,1,3,6591.65587686002,86,II
1,2,0,0,2,1,0,0,1,105.81474413199436,1,I-2
2,4,2,1,3,4,1,1,3,6922.104290017089,67,II
3,5,3,1,3,5,1,2,3,8552.680810279477,269,III
1,2,0,0,3,2,1,0,1,85.72212125918603,1,I-2
1,1,0,0,1,0,0,0,1,47.11015741588909,1,I-1
1,1,0,0,2,0,0,0,1,69.680511375477,1,I-1
2,4,3,1,3,4,1,1,3,6771.324866735114,74,II
1,1,0,0,2,1,0,0,1,77.32237374225963,1,I-1
1,2,0,0,2,2,0,0,1,74.42393477361041,1,I-2
1,2,0,0,3,1,0,0,1,73.25116697778054,1,I-2
1,7,0,0,1,2,0,0,1,180.01555317590004,1,I-1
1,2,0,0,3,1,0,0,1,85.65010987968671,1,I-2
1,2,0,0,2,2,0,0,1,114.22545430650854,1,I-2
2,4,3,1,3,4,1,1,3,7115.804153544296,59,II
1,3,0,1,3,2,1,1,2,686.135897753348,10,I-3
1,7,2,1,3,3,1,1,2,1419.4022053279944,24,I-4
3,5,3,1,3,5,1,2,3,17730.54297209502,139,III
1,1,0,0,1,1,0,0,1,61.15615635573149,2,I-1
1,1,0,0,1,0,0,0,1,56.94834558220022,1,I-1
3,5,3,1,3,5,1,2,3,17186.561006190328,156,III
1,7,2,1,3,3,1,1,2,2029.3180656003422,17,I-4
1,2,0,0,2,2,1,0,1,60.08842932517869,1,I-2
2,4,3,1,3,4,1,1,2,6315.235959017113,86,II
1,3,0,1,3,3,1,1,2,1396.040799657219,12,I-3
2,4,3,1,3,4,1,1,2,4854.7050407888255,98,II
3,6,3,1,3,5,1,2,3,17050.97911618497,153,III
1,3,1,1,3,3,1,1,2,1816.7454386557977,24,I-4
1,1,0,0,2,0,0,0,1,56.1308045471706,2,I-1
1,1,0,0,2,1,0,0,1,57.79359473235584,1,I-1
1,1,0,0,1,0,0,0,1,82.50938184956783,1,I-1
1,3,0,1,3,3,1,1,2,680.1957541281479,14,I-3
1,3,0,1,3,4,1,1,2,1228.9810616558166,16,I-3
1,2,0,0,2,1,0,0,1,80.13662725619056,1,I-2
3,5,3,1,3,5,1,2,3,17176.62969771535,211,III
1,3,1,1,3,3,1,1,2,1570.7765648048417,29,I-4
1,3,0,1,3,3,1,1,1,525.1934139592294,11,I-3
1,1,0,0,1,1,0,0,1,90.59668545618413,1,I-1
1,2,0,0,2,2,0,0,1,118.02211651536877,1,I-2
1,1,0,0,1,1,0,0,1,91.75842826895074,1,I-1
3,5,3,1,3,5,1,2,3,12758.644183879558,222,III
3,5,3,1,3,5,1,2,3,11717.45431050919,250,III
1,2,0,0,2,1,1,0,1,78.7717896513078,1,I-2
3,5,3,1,3,5,1,2,3,18873.044725775126,171,III
1,1,0,0,2,0,0,0,1,58.40659597132847,1,I-1
1,3,0,1,3,2,1,1,1,1377.9844969848348,12,I-3
1,1,0,0,2,1,0,0,1,65.96601277595576,1,I-1
1,7,2,1,3,3,1,1,2,1448.4497704026294,10,I-4
1,3,1,1,3,3,1,1,2,1298.4882084391552,17,I-4
2,4,3,1,3,4,1,1,2,4626.269529622759,49,II
3,7,3,1,3,5,1,2,3,11751.747897122164,251,III
1,1,0,0,1,1,0,0,1,64.21606014169548,1,I-1
1,2,0,0,2,1,0,0,1,64.44253307474088,1,I-2
1,3,1,1,3,4,1,1,2,1946.0507067381775,22,I-4
1,3,1,1,3,3,1,1,2,1115.4692005974493,27,I-4
3,7,3,1,3,5,1,2,3,11455.6212453619,197,III
1,3,1,1,3,4,1,1,2,1401.103041786312,16,I-4
2,4,2,1,3,4,1,1,3,5253.432374694566,71,II
1,3,2,1,3,3,1,1,2,1896.5024240540547,27,I-4
1,1,0,0,1,1,0,0,1,76.73548904571068,1,I-1
2,4,2,1,3,4,1,1,3,5937.929355547009,73,II
1,7,0,1,3,2,1,1,1,762.7362154387777,11,I-3
1,2,0,0,2,2,0,0,1,110.3880963998656,1,I-2
1,2,0,0,3,2,1,0,1,60.49919653363152,1,I-2
1,3,0,1,3,4,1,1,1,1414.548663848559,19,I-3
3,5,3,1,3,5,1,2,3,16681.373814200015,253,III
3,5,3,1,3,5,1,2,3,15652.258962751226,269,III
2,4,2,1,3,4,1,1,2,7091.847832406686,86,II
2,7,2,1,3,4,1,1,2,3286.4388979589876,88,II
1,1,0,0,1,0,0,0,1,65.48629182550317,2,I-1
1,3,2,1,3,4,1,1,2,2427.2360652651805,24,I-4
3,6,3,1,3,5,1,2,3,19192.526097593138,176,III
2,4,3,1,3,4,1,1,2,4266.785850298307,66,II
1,7,0,1,3,3,1,1,1,1404.9199301560288,10,I-3
2,4,3,1,3,4,1,1,3,7576.285924589115,76,II
1,3,1,1,3,4,1,1,2,1945.3708291842368,25,I-4
1,3,2,1,3,4,1,1,2,1802.5382568983991,25,I-4
3,7,3,1,3,5,1,2,3,17371.148560205114,199,III
2,4,2,1,3,4,1,1,3,5951.163295754464,46,II
1,1,0,0,2,1,0,0,1,46.323593086468314,1,I-1
2,7,2,1,3,4,1,1,2,7544.161222554397,48,II
1,1,0,0,1,1,0,0,1,92.90143671061048,1,I-1
2,4,3,1,3,4,1,1,2,3039.822023727256,51,II
1,2,0,0,2,1,0,0,1,81.22734952418617,1,I-2
2,4,2,1,3,4,1,1,3,7568.942219366297,71,II
2,4,2,1,3,4,1,1,3,4357.493770909339,55,II
3,5,3,1,3,5,1,2,3,8931.689311865375,208,III
1,3,0,1,3,3,1,1,1,1176.9407829968372,8,I-3
1,2,0,0,3,1,1,0,1,77.7565733315194,1,I-2
1,3,0,1,3,3,1,1,2,729.5981607539686,14,I-3
1,3,0,1,3,2,1,1,2,1031.8890790075143,19,I-3
1,3,0,1,3,2,1,1,2,519.128966437287,18,I-3
2,4,3,1,3,4,1,1,3,6173.196282436902,90,II
1,2,0,0,3,1,1,0,1,63.46392955350703,1,I-2
1,3,0,1,3,4,1,1,2,1459.8628027134553,15,I-3
3,5,3,1,3,5,1,2,3,13147.332001161732,118,III
1,3,2,1,3,3,1,1,2,1305.5007066590274,16,I-4
1,3,0,1,3,3,1,1,1,1032.504066415982,8,I-3
1,3,0,1,3,4,1,1,2,1480.4355702703717,8,I-3
1,2,0,0,2,1,1,0,1,90.46830383752675,1,I-2
1,7,0,1,3,2,1,1,1,382.85508757751967,17,I-3
1,3,0,1,3,4,1,1,2,1214.6412749087242,16,I-3
2,4,3,1,3,4,1,1,2,5325.276241503222,61,II
2,4,2,1,3,4,1,1,3,6957.79101295685,53,II
1,3,0,1,3,2,1,1,1,984.3444262915086,18,I-3
1,1,0,0,2,1,0,0,1,94.10644171277372,2,I-1
1,7,0,0,1,1,0,0,1,161.46223094470702,3,I-2
1,1,0,0,1,1,0,0,1,62.52813570799002,1,I-1
3,5,3,1,3,5,1,2,3,14708.711419359226,166,III
1,2,0,0,3,2,1,0,1,82.1744519656064,1,I-2
1,3,0,1,3,3,1,1,1,1208.7656552291542,18,I-3
1,3,0,1,3,2,1,1,1,505.313475668346,19,I-3
1,1,0,0,2,0,0,0,1,74.86090560250656,1,I-1
1,3,1,1,3,4,1,1,2,2204.5031079367554,24,I-4
2,7,2,1,3,4,1,1,3,6279.415208500021,78,II
1,1,0,0,2,1,0,0,1,84.99866790712426,1,I-1
1,2,0,0,2,2,0,0,1,111.15509729630057,1,I-2
1,3,2,1,3,4,1,1,2,1622.4568231001172,25,I-4
1,2,0,0,2,1,1,0,1,72.89475822218375,1,I-2
1,3,0,1,3,4,1,1,1,1057.9274451507008,17,I-3
2,4,3,1,3,4,1,1,2,6297.553843203851,71,II
1,3,0,1,3,2,1,1,1,1136.7617170443273,10,I-3
1,3,1,1,3,4,1,1,2,1286.3898776074652,24,I-4
1,2,0,0,2,2,1,0,1,106.60742900443363,1,I-2
2,4,2,1,3,4,1,1,3,6933.541703536545,97,II
2,4,3,1,3,4,1,1,3,3155.7454639669554,61,II
1,1,0,0,1,0,0,0,1,73.44023017438047,2,I-1
2,4,2,1,3,4,1,1,3,4005.3257602497256,95,II
1,2,0,0,3,1,0,0,1,110.69228086531373,1,I-2
1,2,0,0,3,2,1,0,1,119.93355672199743,1,I-2
1,2,0,0,3,1,0,0,1,119.85769784412939,1,I-2
1,7,0,0,1,1,0,0,1,53.363883374308266,3,I-2
2,4,3,1,3,4,1,1,2,3401.1112322785702,92,II
1,7,0,0,2,1,0,0,1,164.345393675144,4,I-2
1,1,0,0,2,0,0,0,1,96.30482463148864,1,I-1
3,5,3,1,3,5,1,2,3,8831.939964653177,128,III
2,4,3,1,3,4,1,1,2,4946.152358458942,59,II
1,3,1,1,3,4,1,1,2,1557.2289154891514,26,I-4
1,3,0,1,3,4,1,1,1,1481.1179078679356,11,I-3
3,6,3,1,3,5,1,2,3,15117.898628473618,131,III
1,3,0,1,3,4,1,1,2,873.1226184223835,14,I-3
3,5,3,1,3,5,1,2,3,16290.607718609874,188,III
1,3,1,1,3,3,1,1,2,1953.9104902400663,18,I-4
1,3,0,1,3,3,1,1,2,1079.7261570972246,8,I-3
2,4,3,1,3,4,1,1,3,6895.512931978934,94,II
1,1,0,0,2,1,0,0,1,81.14203257601864,2,I-1
1,3,0,1,3,3,1,1,1,653.6910428442045,12,I-3
2,4,3,1,3,4,1,1,3,6702.82361629755,83,II
1,7,0,1,2,2,0,0,1,62.684806714585676,4,I-2
1,3,2,1,3,4,1,1,2,1895.1646299425345,27,I-4
3,5,3,1,3,5,1,2,3,16849.113029248125,187,III
3,5,3,1,3,5,1,2,3,8360.312063952713,218,III
1,3,1,1,3,4,1,1,2,1191.9053867676748,26,I-4
1,1,0,0,1,0,0,0,1,91.15284527475822,2,I-1
1,2,0,0,3,2,0,0,1,70.08708770395775,1,I-2
1,7,0,1,3,3,1,1,2,500.98930691292924,9,I-3
1,3,0,1,3,2,1,1,2,614.4315186123586,19,I-3
1,2,0,0,3,2,1,0,1,73.95035953246988,1,I-2
1,1,0,0,1,1,0,0,1,80.43965248874383,2,I-1
3,6,3,1,3,5,1,2,3,9763.063083005249,291,III
1,1,0,0,2,0,0,0,1,45.91497562134474,1,I-1
1,2,0,0,3,2,1,0,1,94.84194507325711,1,I-2
1,3,0,1,3,4,1,1,2,773.6404178607717,14,I-3
1,1,0,0,1,1,0,0,1,89.34287267112126,2,I-1
1,2,0,0,3,1,0,0,1,92.83425122523859,1,I-2
3,6,3,1,3,5,1,2,3,11766.505960669645,162,III
1,1,0,0,2,0,0,0,1,96.42515243804482,2,I-1
1,2,0,0,3,1,0,0,1,88.9908517988201,1,I-2
2,4,2,1,3,4,1,1,3,5034.024004758618,94,II
2,4,3,1,3,4,1,1,3,7516.490071878553,84,II
3,5,3,1,3,5,1,2,3,16834.877721605997,287,III
1,3,0,1,3,4,1,1,2,872.1732552468972,18,I-3
1,1,0,0,2,0,0,0,1,56.71858378690219,2,I-1
1,3,0,1,3,3,1,1,2,1427.1237818644495,15,I-3
1,3,2,1,3,4,1,1,2,1379.1976660236596,24,I-4
1,3,0,1,3,2,1,1,1,1345.120851496035,12,I-3
1,1,0,0,1,0,0,0,1,53.09245207313033,2,I-1
1,3,0,1,3,2,1,1,1,1370.6690341255176,9,I-3
1,1,0,0,1,1,0,0,1,55.92220669611852,1,I-1
1,2,0,0,3,2,0,0,1,62.40354714304167,1,I-2
1,2,0,0,3,1,0,0,1,88.08414325405741,1,I-2
1,3,0,1,3,4,1,1,2,1260.4243116824719,8,I-3
2,4,3,1,3,4,1,1,2,6540.609174503127,57,II
1,7,0,0,1,2,0,0,1,101.06173341713895,4,I-1
1,2,0,0,3,2,0,0,1,67.40404891233578,1,I-2
1,3,1,1,3,4,1,1,2,2392.575258454461,29,I-4
1,7,0,0,2,2,0,0,1,85.62178351283862,3,I-1
1,3,0,1,3,2,1,1,1,689.1391000229846,18,I-3
1,1,0,0,2,1,0,0,1,63.52561461427436,1,I-1
1,3,1,1,3,4,1,1,2,1834.6843087381847,19,I-4
1,3,2,1,3,4,1,1,2,1099.2477832516606,19,I-4
2,4,3,1,3,4,1,1,2,4414.0056533524985,90,II
1,7,0,0,1,2,0,0,1,189.98076316389594,4,I-2
1,3,2,1,3,4,1,1,2,1443.481812418728,20,I-4
3,6,3,1,3,5,1,2,3,12204.95900012237,276,III
1,2,0,0,3,2,0,0,1,102.37476975331573,1,I-2
1,3,2,1,3,4,1,1,2,1509.9577956898722,22,I-4
1,2,0,0,3,2,0,0,1,92.46017393565975,1,I-2
3,6,3,1,3,5,1,2,3,19143.566745384727,254,III
1,1,0,0,2,0,0,0,1,49.02833626035985,2,I-1
1,3,0,1,3,4,1,1,2,505.0265526098031,13,I-3
1,3,2,1,3,4,1,1,2,1866.8366690411326,17,I-4
1,2,0,0,2,2,0,0,1,87.74347061475244,1,I-2
3,5,3,1,3,5,1,2,3,12828.87511159174,194,III
1,2,0,0,3,1,1,0,1,66.42343071325116,1,I-2
1,3,0,1,3,4,1,1,2,1103.796991929096,11,I-3
2,4,3,1,3,4,1,1,2,5657.274570946527,77,II
2,4,3,1,3,4,1,1,3,6669.415654012706,64,II
1,1,0,0,1,1,0,0,1,94.1447819971662,2,I-1
1,7,0,0,1,2,0,0,1,180.9529091044574,4,I-2
1,3,2,1,3,4,1,1,2,1490.1920587866662,15,I-4
1,1,0,0,2,0,0,0,1,45.92423241295995,1,I-1
1,3,0,1,3,2,1,1,2,714.6958874633555,16,I-3
3,6,3,1,3,5,1,2,3,8389.321352566243,129,III
3,5,3,1,3,5,1,2,3,10070.286523356344,222,III
2,4,2,1,3,4,1,1,3,5117.7395799594815,69,II
1,2,0,0,2,2,0,0,1,63.0209716181612,1,I-2
1,1,0,0,1,1,0,0,1,53.591297562166346,1,I-1
1,3,2,1,3,4,1,1,2,2346.6153497645882,29,I-4
2,4,2,1,3,4,1,1,3,4812.7989827954725,86,II
1,1,0,0,1,0,0,0,1,90.07545715571632,2,I-1
1,3,0,1,3,3,1,1,2,880.9912736683999,13,I-3
2,4,2,1,3,4,1,1,2,4021.2337945608374,99,II
1,1,0,0,1,0,0,0,1,71.89432916120387,2,I-1
3,6,3,1,3,5,1,2,3,9934.62574370147,291,III
1,3,1,1,3,4,1,1,2,2267.293491234449,21,I-4
1,3,0,1,3,4,1,1,1,1438.4821582141544,19,I-3
2,4,3,1,3,4,1,1,3,6406.765066206744,97,II
2,4,2,1,3,4,1,1,2,4867.289725663526,82,II
3,6,3,1,3,5,1,2,3,12958.070206492634,157,III
1,3,0,1,3,4,1,1,1,788.0053459240412,15,I-3
1,1,0,0,2,1,0,0,1,65.15097255412728,2,I-1
1,3,0,1,3,4,1,1,2,817.6946975471621,18,I-3
1,2,0,0,3,2,1,0,1,87.87679012853825,1,I-2
1,3,0,1,3,4,1,1,2,1252.3978823037878,9,I-3
1,1,0,0,1,1,0,0,1,66.6342299391947,2,I-1
1,1,0,0,2,1,0,0,1,90.67995454541347,2,I-1
1,1,0,0,2,1,0,0,1,66.02623396108106,1,I-1
1,3,0,1,3,2,1,1,2,1073.0422006190156,15,I-3
1,1,0,0,1,0,0,0,1,98.7012872234114,2,I-1
1,2,0,0,2,1,0,0,1,109.2256092155412,1,I-2
1,3,0,1,3,3,1,1,2,1119.3434541369115,18,I-3
2,4,3,1,3,4,1,1,2,5298.254098297863,57,II
1,1,0,0,1,1,0,0,1,77.36520419439046,1,I-1
1,3,0,1,3,4,1,1,2,1276.2904775159477,9,I-3
1,1,0,0,1,1,0,0,1,93.87787881086732,1,I-1
2,4,2,1,3,4,1,1,2,3261.956477974306,74,II
1,3,1,1,3,3,1,1,2,1035.5616304667776,19,I-4
3,5,3,1,3,5,1,2,3,10777.702565183577,163,III
1,7,0,0,1,1,0,0,1,113.00061111221075,3,I-2
1,7,0,1,3,3,1,1,2,313.563043906827,16,I-3
1,2,0,0,3,2,0,0,1,93.972900945157,1,I-2
1,7,0,0,1,1,0,0,1,134.91074696722478,4,I-1
3,6,3,1,3,5,1,2,3,10333.371733180264,223,III
1,3,0,1,3,2,1,1,1,724.3185588535263,15,I-3
1,2,0,0,3,2,1,0,1,63.033551277572336,1,I-2
1,3,1,1,3,4,1,1,2,1497.9974413566479,21,I-4
1,1,0,0,1,0,0,0,1,60.06407073932492,2,I-1
2,4,2,1,3,4,1,1,3,4042.9418387052538,76,II
2,4,3,1,3,4,1,1,2,4340.871838724566,75,II
1,3,0,1,3,3,1,1,1,1327.3565548261456,10,I-3
2,4,3,1,3,4,1,1,3,4299.140689701498,61,II
1,2,0,0,2,1,1,0,1,98.8863020720474,1,I-2
3,6,3,1,3,5,1,2,3,16077.105570934604,231,III
1,7,0,0,1,2,0,0,1,130.27285005205255,2,I-1
1,3,2,1,3,3,1,1,2,2488.872693231645,24,I-4
1,3,0,1,3,3,1,1,2,851.8050064103525,10,I-3
1,3,1,1,3,3,1,1,2,1701.5218187273156,16,I-4
1,3,0,1,3,3,1,1,2,1165.3652084189043,14,I-3
3,5,3,1,3,5,1,2,3,9550.093342917324,184,III
2,7,3,1,3,4,1,1,3,2240.833154512199,94,II
3,6,3,1,3,5,1,2,3,17371.032276633086,298,III
1,2,0,0,3,1,1,0,1,118.74909330603694,1,I-2
1,3,2,1,3,3,1,1,2,2014.7256242809067,15,I-4
3,6,3,1,3,5,1,2,3,14904.310077549184,129,III
1,3,0,1,3,2,1,1,2,1192.3543061544142,15,I-3
1,2,0,0,3,2,1,0,1,99.02551492943186,1,I-2
1,2,0,0,3,1,1,0,1,119.81455311536132,1,I-2
1,2,0,0,3,2,1,0,1,61.670634454644805,1,I-2
1,3,2,1,3,4,1,1,2,1724.0702096154018,16,I-4
1,3,0,1,3,3,1,1,1,1133.411740242127,16,I-3
3,7,3,1,3,5,1,2,3,18355.76481282899,205,III
1,7,0,0,1,2,0,0,1,132.004449244451,1,I-1
1,3,2,1,3,4,1,1,2,1609.8858060392085,22,I-4
2,4,3,1,3,4,1,1,3,6923.848409124939,75,II
1,3,1,1,3,4,1,1,2,1921.728666267447,20,I-4
1,7,0,1,1,1,0,0,1,149.27518776709974,4,I-2
1,1,0,0,2,1,0,0,1,81.07757165589797,1,I-1
1,3,1,1,3,4,1,1,2,1201.8644006561617,26,I-4
3,6,3,1,3,5,1,2,3,15797.456561171595,208,III
3,6,3,1,3,5,1,2,3,17357.850608120818,178,III
3,7,3,1,3,5,1,2,3,9840.898590899576,269,III
1,7,0,0,2,1,0,0,1,193.64474694088818,3,I-2
3,5,3,1,3,5,1,2,3,14586.473618511198,121,III
1,3,1,1,3,3,1,1,2,1584.8496194366207,15,I-4
1,2,0,0,2,1,0,0,1,86.64621341439712,1,I-2
1,3,0,1,3,4,1,1,2,1082.7144493446815,8,I-3
1,2,0,0,2,1,0,0,1,111.57338381507621,1,I-2
1,3,1,1,3,3,1,1,2,2107.758817765778,19,I-4
1,3,1,1,3,4,1,1,2,2130.208165989395,18,I-4
1,3,0,1,3,4,1,1,1,1280.3478627401587,19,I-3
2,4,2,1,3,4,1,1,2,6982.542598618542,82,II
1,2,0,0,3,2,1,0,1,88.70946420643135,1,I-2
1,3,2,1,3,4,1,1,2,1085.540371005429,21,I-4
3,5,3,1,3,5,1,2,3,10804.889504440931,253,III
1,2,0,0,3,1,1,0,1,83.95000767066117,1,I-2
1,3,2,1,3,3,1,1,2,2465.547514817764,22,I-4
1,3,2,1,3,3,1,1,2,1961.4482921481367,27,I-4
3,6,3,1,3,5,1,2,3,14677.575648185864,270,III
3,5,3,1,3,5,1,2,3,11789.277814993951,220,III
3,6,3,1,3,5,1,2,3,11976.226624835805,217,III
1,3,1,1,3,4,1,1,2,1460.8584427715807,26,I-4
3,5,3,1,3,5,1,2,3,11815.79061608402,210,III
1,2,0,0,2,1,1,0,1,69.96315128889218,1,I-2
1,1,0,0,1,1,0,0,1,46.84839815857793,2,I-1
1,3,0,1,3,2,1,1,1,500.1865281706631,18,I-3
1,3,2,1,3,4,1,1,2,1092.1694351961812,21,I-4
1,3,0,1,3,2,1,1,2,697.6392205911302,17,I-3
1,3,0,1,3,2,1,1,2,901.4617790890433,11,I-3
1,2,0,0,3,2,1,0,1,97.19811389244985,1,I-2
2,4,2,1,3,4,1,1,3,4818.226794597248,74,II
1,1,0,0,2,1,0,0,1,71.79822046128524,1,I-1
1,3,2,1,3,4,1,1,2,1444.4887028497,17,I-4
1,1,0,0,2,0,0,0,1,44.8369243101761,2,I-1
1,2,0,0,2,2,1,0,1,78.9006223426039,1,I-2
2,4,3,1,3,4,1,1,3,4534.861411045091,46,II
1,3,2,1,3,3,1,1,2,1488.52720309593,20,I-4
2,7,3,1,3,4,1,1,2,5097.699795186044,49,II
1,3,1,1,3,4,1,1,2,2425.7992314316134,25,I-4
1,2,0,0,3,1,1,0,1,94.01356777497216,1,I-2
1,2,0,0,2,1,1,0,1,67.62577441310636,1,I-2
1,2,0,0,3,1,0,0,1,110.12235181705476,1,I-2
1,2,0,0,2,2,1,0,1,90.21281889071317,1,I-2
1,1,0,0,1,1,0,0,1,67.96697755950933,1,I-1
1,3,2,1,3,3,1,1,2,1811.6707373182671,26,I-4
1,7,0,1,3,2,1,1,1,325.2253280714606,10,I-3
1,1,0,0,2,0,0,0,1,71.40408225532049,2,I-1
1,3,1,1,3,3,1,1,2,1018.511569090561,17,I-4
1,2,0,0,2,1,1,0,1,83.86760645574589,1,I-2
1,3,0,1,3,4,1,1,2,645.3266924205041,11,I-3
1,7,0,0,2,1,0,0,1,128.0674106247929,3,I-1
3,5,3,1,3,5,1,2,3,9362.48770791544,170,III
1,7,0,0,1,2,0,0,1,131.19051664125172,1,I-1
1,3,0,1,3,3,1,1,2,796.6124821570932,16,I-3
3,6,3,1,3,5,1,2,3,9479.405351587362,211,III
2,4,2,1,3,4,1,1,2,6453.631575566315,44,II
3,5,3,1,3,5,1,2,3,9093.687673336131,127,III
1,7,0,0,1,2,0,0,1,146.27292752021532,3,I-1
2,4,3,1,3,4,1,1,3,5898.095486140683,43,II
1,1,0,0,1,1,0,0,1,75.96158350252993,2,I-1
3,5,3,1,3,5,1,2,3,10843.087926760682,124,III
1,1,0,0,2,1,0,0,1,75.26182109725275,1,I-1
1,3,0,1,3,4,1,1,1,780.600813237916,16,I-3
1,3,1,1,3,3,1,1,2,2030.9433438737763,28,I-4
2,4,2,1,3,4,1,1,2,5048.364346462596,94,II
1,7,1,1,3,4,1,1,2,2177.7959692662926,10,I-4
2,4,2,1,3,4,1,1,3,3298.086626723295,65,II
3,6,3,1,3,5,1,2,3,14583.06098065626,176,III
1,3,2,1,3,4,1,1,2,1949.2039159922604,17,I-4
1,3,0,1,3,4,1,1,1,1071.7893159359805,17,I-3
3,5,3,1,3,5,1,2,3,12252.526195833623,214,III
1,3,1,1,3,4,1,1,2,1536.7168740033894,25,I-4
1,2,0,0,2,1,1,0,1,78.90063043100548,1,I-2
1,7,0,0,1,2,0,0,1,120.9541255014531,4,I-2
1,3,1,1,3,3,1,1,2,1851.08641623411,29,I-4
1,2,0,0,2,1,0,0,1,79.0383286452292,1,I-2
3,7,3,1,3,5,1,2,3,15410.26121158613,243,III
1,7,0,0,1,1,0,0,1,160.19124510658025,1,I-2
1,2,0,0,2,1,0,0,1,63.6541159859696,1,I-2
1,1,0,0,2,0,0,0,1,47.522520954032395,1,I-1
3,5,3,1,3,5,1,2,3,13934.253501444895,225,III
1,3,2,1,3,3,1,1,2,2215.2416349395535,17,I-4
1,3,1,1,3,3,1,1,2,1491.131438100172,15,I-4
1,2,0,0,2,2,0,0,1,93.30802720519131,1,I-2
1,3,2,1,3,3,1,1,2,1122.3623884170488,21,I-4
2,4,2,1,3,4,1,1,3,5894.888232770726,63,II
1,3,0,1,3,4,1,1,2,1149.3788202366225,16,I-3
1,2,0,0,2,2,0,0,1,93.44429785885123,1,I-2
2,4,2,1,3,4,1,1,3,7429.569977487125,68,II
3,6,3,1,3,5,1,2,3,10500.79488341998,204,III
3,7,3,1,3,5,1,2,3,8466.212793117444,58,III
1,7,0,0,1,1,0,0,1,53.692697576185786,4,I-1
1,3,0,1,3,3,1,1,2,1258.0404210112165,11,I-3
1,3,0,1,3,4,1,1,1,1476.5610233229042,14,I-3
1,1,0,0,2,0,0,0,1,93.17729298734307,1,I-1
2,4,3,1,3,4,1,1,2,3653.5866179487866,41,II
3,6,3,1,3,5,1,2,3,10481.814717600755,169,III
1,3,0,1,3,4,1,1,2,813.2664765806103,12,I-3
1,2,0,0,2,2,1,0,1,107.0032331997503,1,I-2
3,5,3,1,3,5,1,2,3,11884.769907325084,134,III
2,4,3,1,3,4,1,1,3,4883.3822021473125,58,II
2,4,3,1,3,4,1,1,3,7061.953620930754,57,II
1,2,0,0,3,1,0,0,1,111.52188727467444,1,I-2
2,4,2,1,3,4,1,1,3,6451.614234503645,62,II
2,4,2,1,3,4,1,1,2,6346.784921203742,50,II
1,3,0,1,3,3,1,1,2,1302.3960305536325,13,I-3
1,1,0,0,2,0,0,0,1,80.95915630265193,1,I-1
2,4,3,1,3,4,1,1,3,4564.597740144113,98,II
2,4,2,1,3,4,1,1,2,3409.828673218311,93,II
1,2,0,0,3,1,1,0,1,103.04789943671473,1,I-2
1,3,0,1,3,4,1,1,1,1320.5521392557189,17,I-3
1,3,2,1,3,3,1,1,2,1766.6704577342507,29,I-4
1,3,0,1,3,4,1,1,2,1433.8659428462488,10,I-3
2,4,2,1,3,4,1,1,2,4814.914202019358,56,II
1,2,0,0,3,2,0,0,1,79.56647115075441,1,I-2
1,1,0,0,2,1,0,0,1,53.984368713450095,1,I-1
1,2,0,0,2,2,0,0,1,83.58730789242475,1,I-2
1,7,0,0,1,1,0,0,1,196.3668227823399,2,I-1
1,2,0,0,2,2,1,0,1,87.75561282630919,1,I-2
1,1,0,0,1,1,0,0,1,43.78779455247799,1,I-1
1,7,0,0,2,2,0,0,1,112.27184809891186,1,I-2
1,3,0,1,3,2,1,1,2,1353.2424691971175,8,I-3
1,1,0,0,1,1,0,0,1,95.84944449940684,1,I-1
1,2,0,0,2,1,0,0,1,115.24148404671718,1,I-2
1,7,0,1,1,2,0,0,1,82.94523928918535,1,I-2
1,3,2,1,3,4,1,1,2,2233.3421688655158,27,I-4
1,7,0,0,2,1,0,0,1,189.3211941031828,1,I-1
2,4,2,1,3,4,1,1,3,3365.0179644981367,98,II
1,3,1,1,3,3,1,1,2,1053.3853462097145,20,I-4
1,1,0,0,2,1,0,0,1,56.470400410424695,1,I-1
1,3,0,1,3,2,1,1,1,944.1834068783666,14,I-3
2,4,3,1,3,4,1,1,2,6357.93871469463,69,II
2,4,2,1,3,4,1,1,2,5416.160379377176,81,II
1,3,2,1,3,3,1,1,2,2329.7537899628537,15,I-4
2,4,2,1,3,4,1,1,3,4727.897929354065,98,II
1,2,0,0,3,1,1,0,1,114.24812115469143,1,I-2
1,1,0,0,2,0,0,0,1,48.22125460217924,2,I-1
1,1,0,0,1,0,0,0,1,57.48166437026467,1,I-1
1,3,0,1,3,4,1,1,2,1307.8656456839813,10,I-3
1,2,0,0,2,2,1,0,1,77.85901665409682,1,I-2
1,2,0,0,2,1,0,0,1,67.34987171795936,1,I-2
1,3,2,1,3,4,1,1,2,2364.144255528815,27,I-4
1,1,0,0,2,0,0,0,1,50.312590728155456,1,I-1
1,2,0,0,3,1,0,0,1,60.79372877431764,1,I-2
1,3,0,1,3,3,1,1,2,1409.202136206487,16,I-3
2,4,2,1,3,4,1,1,2,5518.541935420353,73,II
1,3,0,1,3,3,1,1,2,659.8797633664414,10,I-3
2,4,2,1,3,4,1,1,2,7149.106323586425,61,II
2,4,3,1,3,4,1,1,2,5735.226728077889,45,II
2,4,2,1,3,4,1,1,2,7754.093299582157,52,II
3,6,3,1,3,5,1,2,3,16816.502843180308,135,III
1,1,0,0,1,0,0,0,1,48.471943812231096,1,I-1
2,4,3,1,3,4,1,1,2,5388.710631997679,68,II
1,2,0,0,2,1,1,0,1,116.28384837408788,1,I-2
3,6,3,1,3,5,1,2,3,16358.736825728554,142,III
1,1,0,0,2,1,0,0,1,78.1387193171568,1,I-1
1,3,2,1,3,4,1,1,2,1827.9045415906999,26,I-4
1,1,0,0,1,0,0,0,1,57.99385557967217,2,I-1
3,6,3,1,3,5,1,2,3,12350.023814378157,254,III
2,4,2,1,3,4,1,1,3,5362.577214097926,75,II
1,3,0,1,3,2,1,1,1,912.366487274681,17,I-3
1,7,0,0,1,1,0,0,1,108.021086307782,1,I-2
1,3,1,1,3,3,1,1,2,1347.3985371458484,23,I-4
1,1,0,0,2,1,0,0,1,58.46074536867691,1,I-1
1,1,0,0,2,1,0,0,1,82.88174051414404,1,I-1
1,3,2,1,3,4,1,1,2,1801.838828734463,16,I-4
2,4,2,1,3,4,1,1,3,4006.3189406723623,53,II
2,4,3,1,3,4,1,1,2,6689.638844994001,95,II
1,7,1,1,3,3,1,1,2,1648.638209630264,14,I-4
3,6,3,1,3,5,1,2,3,13085.24143917108,253,III
1,2,0,0,3,1,1,0,1,115.03323550949176,1,I-2
1,3,2,1,3,3,1,1,2,1468.287825679582,17,I-4
1,3,0,1,3,4,1,1,2,1293.9351334518512,12,I-3
1,3,2,1,3,4,1,1,2,1061.602259185608,20,I-4
1,7,0,1,3,3,1,1,2,1108.5074757409077,14,I-3
1,3,2,1,3,4,1,1,2,1720.4413881870337,21,I-4
2,4,3,1,3,4,1,1,3,4459.555867489036,65,II
1,1,0,0,1,1,0,0,1,71.88140990516172,2,I-1
3,6,3,1,3,5,1,2,3,11596.024206097889,143,III
1,3,0,1,3,3,1,1,2,1166.7315298575897,12,I-3
1,7,0,1,1,1,0,0,1,86.35305427051435,3,I-2
1,3,0,1,3,3,1,1,2,1356.964414776239,10,I-3
1,3,0,1,3,3,1,1,2,809.4127948704444,19,I-3
1,7,2,1,3,4,1,1,2,1002.9477192749346,21,I-4
2,4,2,1,3,4,1,1,2,3958.6810869513324,71,II
2,4,2,1,3,4,1,1,2,3440.6721548834576,87,II
1,2,0,0,2,2,0,0,1,104.39206959602421,1,I-2
2,4,2,1,3,4,1,1,2,4432.368688722918,65,II
1,1,0,0,1,1,0,0,1,91.47609483983973,2,I-1
2,4,2,1,3,4,1,1,3,6480.962251505449,77,II
1,3,0,1,3,2,1,1,2,1226.0848514838503,8,I-3
2,4,2,1,3,4,1,1,3,3286.551550052434,81,II
1,1,0,0,2,0,0,0,1,98.18913187802708,1,I-1
1,1,0,0,2,1,0,0,1,51.02707990647407,1,I-1
1,3,1,1,3,4,1,1,2,1734.6788019823612,22,I-4
1,2,0,0,3,2,0,0,1,75.4487385686235,1,I-2
2,4,2,1,3,4,1,1,3,7280.005374465764,89,II
1,2,0,0,3,2,0,0,1,115.35870837621432,1,I-2
1,3,0,1,3,3,1,1,2,536.7129434830666,19,I-3
1,2,0,0,3,2,1,0,1,97.41115171044927,1,I-2
1,1,0,0,2,1,0,0,1,60.23601376325358,2,I-1
1,3,2,1,3,3,1,1,2,1643.724237937483,22,I-4
2,4,3,1,3,4,1,1,3,3571.1856929569794,49,II
1,3,0,1,3,3,1,1,2,966.2532815278354,14,I-3
1,7,0,0,2,1,0,0,1,67.69587254420924,4,I-1
1,3,2,1,3,4,1,1,2,1150.8440981251665,19,I-4
1,1,0,0,2,0,0,0,1,74.25442322512869,2,I-1
1,2,0,0,3,2,1,0,1,84.25449852642235,1,I-2
3,6,3,1,3,5,1,2,3,18380.85319250473,274,III
1,2,0,0,3,1,0,0,1,77.40264169067919,1,I-2
1,2,0,0,3,1,1,0,1,85.1481704665233,1,I-2
1,1,0,0,2,0,0,0,1,49.87595642197448,2,I-1
1,2,0,0,3,2,0,0,1,90.8845316254068,1,I-2
1,7,0,0,2,2,0,0,1,106.54792509302624,2,I-1
2,7,2,1,3,4,1,1,3,7105.7113964408,95,II
1,1,0,0,2,0,0,0,1,64.38499219444111,1,I-1
1,3,0,1,3,2,1,1,1,631.2879720048243,9,I-3
2,4,2,1,3,4,1,1,3,5011.865253612338,74,II
1,2,0,0,2,2,0,0,1,73.54737312903775,1,I-2
1,7,1,1,3,3,1,1,2,1596.5468908049288,22,I-4
1,3,0,1,3,2,1,1,1,1452.0956516529236,11,I-3
2,4,3,1,3,4,1,1,2,3043.8860597396474,65,II
2,4,3,1,3,4,1,1,2,5691.815510505114,93,II
1,3,1,1,3,3,1,1,2,2465.448319189934,16,I-4
2,4,3,1,3,4,1,1,3,4817.019659997135,81,II
1,3,0,1,3,4,1,1,2,1127.4678987660727,12,I-3
3,5,3,1,3,5,1,2,3,10827.05873893613,242,III
1,1,0,0,1,1,0,0,1,58.26942546124182,2,I-1
3,7,3,1,3,5,1,2,3,10082.195324072723,264,III
1,3,0,1,3,4,1,1,1,1369.5336718149797,9,I-3
2,4,2,1,3,4,1,1,2,4369.943907715091,53,II
1,3,0,1,3,2,1,1,2,1242.3699370897818,17,I-3
3,6,3,1,3,5,1,2,3,13691.703978421163,266,III
1,3,1,1,3,3,1,1,2,2298.3568301421465,28,I-4
3,5,3,1,3,5,1,2,3,12067.337304181385,250,III
1,3,0,1,3,2,1,1,2,1004.6372879774349,9,I-3
3,6,3,1,3,5,1,2,3,8460.810527916135,258,III
2,4,2,1,3,4,1,1,3,7284.1767486158815,88,II
2,4,2,1,3,4,1,1,2,7321.831332279866,43,II
3,6,3,1,3,5,1,2,3,19600.473680221527,212,III
1,1,0,0,1,1,0,0,1,44.125234385349245,1,I-1
1,1,0,0,2,0,0,0,1,53.24275515666512,2,I-1
1,7,2,1,3,4,1,1,2,1671.4459149754398,24,I-4
1,3,0,1,3,4,1,1,2,1115.0646298578113,11,I-3
1,2,0,0,2,2,1,0,1,69.97109997658495,1,I-2
1,2,0,0,2,1,0,0,1,89.11382734592138,1,I-2
1,1,0,0,2,1,0,0,1,82.58028061027147,2,I-1
2,4,2,1,3,4,1,1,3,7807.072702118196,53,II
1,7,0,1,1,2,0,0,1,70.1650141054325,3,I-2
1,3,0,1,3,4,1,1,1,790.2551053725294,9,I-3
1,1,0,0,1,1,0,0,1,65.97039526343033,1,I-1
3,5,3,1,3,5,1,2,3,18649.094424444324,228,III
2,4,3,1,3,4,1,1,2,3286.183467584047,85,II
1,3,0,1,3,3,1,1,1,1458.87187319041,15,I-3
1,3,0,1,3,2,1,1,1,1323.6455947530908,8,I-3
3,7,3,1,3,5,1,2,3,13678.127273052973,282,III
1,3,0,1,3,2,1,1,2,563.9009420483738,11,I-3
1,2,0,0,2,2,0,0,1,116.6824429003489,1,I-2
1,2,0,0,2,1,1,0,1,108.64101422025551,1,I-2
3,5,3,1,3,5,1,2,3,15322.352107830015,158,III
1,7,0,1,3,4,1,1,2,839.9324091226315,8,I-3
2,4,3,1,3,4,1,1,2,7779.215735875819,46,II
1,3,0,1,3,2,1,1,2,1477.4565631838427,12,I-3
1,1,0,0,1,0,0,0,1,56.29985148181933,2,I-1
2,4,2,1,3,4,1,1,2,6056.708281238631,56,II
2,4,2,1,3,4,1,1,2,7478.631777575573,71,II
1,3,0,1,3,2,1,1,1,1076.488903139866,10,I-3
1,2,0,0,2,1,0,0,1,74.15979635455426,1,I-2
1,1,0,0,1,1,0,0,1,70.77177276261946,2,I-1
3,6,3,1,3,5,1,2,3,15852.157515834293,276,III
1,3,2,1,3,3,1,1,2,2077.0212671905024,21,I-4
1,3,0,1,3,4,1,1,1,1081.2154774893834,16,I-3
1,2,0,0,2,2,1,0,1,80.88311732863923,1,I-2
3,5,3,1,3,5,1,2,3,18668.146281331516,293,III
1,3,0,1,3,4,1,1,2,1236.4731746190728,13,I-3
1,1,0,0,1,0,0,0,1,84.8378534535914,1,I-1
1,3,0,1,3,3,1,1,2,809.4695490886008,19,I-3
1,3,0,1,3,4,1,1,2,1141.0248576353547,8,I-3
1,2,0,0,2,1,0,0,1,65.31470037819864,1,I-2
1,7,2,1,3,3,1,1,2,2057.288001276963,11,I-4
2,7,3,1,3,4,1,1,2,4761.97430385659,86,II
3,5,3,1,3,5,1,2,3,8871.987050973881,175,III
1,3,0,1,3,2,1,1,2,1377.6921788278482,17,I-3
1,2,0,0,3,1,0,0,1,102.24188715549941,1,I-2
1,2,0,0,3,2,0,0,1,117.27998141274414,1,I-2
2,4,3,1,3,4,1,1,3,4584.520688603124,70,II
1,2,0,0,2,2,0,0,1,60.755784076307215,1,I-2
1,3,1,1,3,3,1,1,2,1953.4479979600599,16,I-4
1,1,0,0,2,1,0,0,1,81.60265231113115,2,I-1
1,3,0,1,3,4,1,1,1,1316.0923529142615,19,I-3
2,4,2,1,3,4,1,1,2,4125.805121079659,92,II
1,3,2,1,3,3,1,1,2,1595.1839881218764,20,I-4
1,3,1,1,3,4,1,1,2,1500.6648956046965,25,I-4
2,4,3,1,3,4,1,1,3,6572.298419428909,42,II
1,1,0,0,1,0,0,0,1,58.61411702468229,1,I-1
1,1,0,0,2,1,0,0,1,66.77022626876179,2,I-1
1,1,0,0,1,1,0,0,1,82.45723514443212,1,I-1
1,3,2,1,3,4,1,1,2,1942.6104364614846,29,I-4
1,3,1,1,3,3,1,1,2,1969.6110628421334,20,I-4
2,4,3,1,3,4,1,1,3,3426.3417080583868,76,II
1,3,0,1,3,3,1,1,1,633.4163355232071,19,I-3
2,4,3,1,3,4,1,1,3,3727.577413936796,67,II
1,3,0,1,3,4,1,1,1,1149.5560067569618,12,I-3
1,1,0,0,1,0,0,0,1,58.94460414904223,1,I-1
1,1,0,0,2,0,0,0,1,55.602882415146034,2,I-1
1,3,0,1,3,2,1,1,1,953.926136421796,10,I-3
2,4,2,1,3,4,1,1,3,4704.809868214943,43,II
1,3,0,1,3,2,1,1,2,1154.220462029013,13,I-3
2,4,2,1,3,4,1,1,2,7872.196553192377,85,II
1,1,0,0,1,1,0,0,1,92.75946780175363,1,I-1
1,1,0,0,1,0,0,0,1,94.70911417236681,2,I-1
1,3,2,1,3,4,1,1,2,1096.3578637856888,27,I-4
1,7,0,1,3,3,1,1,2,862.8299276614603,17,I-3
3,6,3,1,3,5,1,2,3,14303.819173408658,148,III
1,2,0,0,2,2,0,0,1,109.0134173702501,1,I-2
2,4,2,1,3,4,1,1,3,3285.4716895397187,44,II
1,1,0,0,1,1,0,0,1,75.86094013140755,2,I-1
2,4,3,1,3,4,1,1,2,5469.89574570094,41,II
1,3,2,1,3,4,1,1,2,1631.951322450047,28,I-4
3,5,3,1,3,5,1,2,3,14606.847614496372,163,III
1,2,0,0,3,1,1,0,1,103.24350672160074,1,I-2
1,3,0,1,3,3,1,1,1,1027.0501564925637,16,I-3
1,1,0,0,1,1,0,0,1,51.19540581239005,2,I-1
1,2,0,0,2,1,0,0,1,67.49220461435536,1,I-2
1,3,0,1,3,4,1,1,2,1498.3187565709568,16,I-3
1,2,0,0,3,1,1,0,1,104.11371108609576,1,I-2
1,3,1,1,3,3,1,1,2,2012.8462563430562,21,I-4
2,4,3,1,3,4,1,1,3,4529.06755641832,48,II
2,4,3,1,3,4,1,1,3,3920.5066168047847,93,II
1,2,0,0,3,2,0,0,1,64.24748616067046,1,I-2
1,3,2,1,3,3,1,1,2,1745.8437925299936,22,I-4
1,2,0,0,2,1,0,0,1,62.00541434613022,1,I-2
1,3,2,1,3,3,1,1,2,1263.8354251279932,20,I-4
1,7,1,1,3,3,1,1,2,824.9001163632274,19,I-4
2,4,3,1,3,4,1,1,3,3733.0727857992115,56,II
1,2,0,0,2,1,0,0,1,109.9616247809652,1,I-2
1,3,0,1,3,2,1,1,1,665.4201521284093,18,I-3
1,2,0,0,3,2,0,0,1,75.13936465582472,1,I-2
3,6,3,1,3,5,1,2,3,10360.006788683688,275,III
1,3,1,1,3,4,1,1,2,2452.4904401488825,16,I-4
2,4,2,1,3,4,1,1,2,5345.298721950595,74,II
1,2,0,0,2,1,1,0,1,85.37661262449346,1,I-2
2,4,3,1,3,4,1,1,3,6217.1447475866535,91,II
2,4,3,1,3,4,1,1,3,4184.247352982731,57,II
1,2,0,0,3,2,0,0,1,100.96026914776556,1,I-2
1,3,2,1,3,4,1,1,2,1683.3501729851632,26,I-4
1,3,2,1,3,3,1,1,2,1245.4243062074145,18,I-4
1,1,0,0,1,0,0,0,1,53.57664004862842,2,I-1
1,2,0,0,2,1,0,0,1,114.61176744868177,1,I-2
1,3,0,1,3,4,1,1,2,937.7650549881284,10,I-3
1,3,2,1,3,4,1,1,2,2410.745797769516,19,I-4
3,5,3,1,3,5,1,2,3,13688.91516929429,245,III
1,2,0,0,2,2,0,0,1,75.42914106654575,1,I-2
2,7,2,1,3,4,1,1,3,5760.520091253988,76,II
1,1,0,0,1,1,0,0,1,98.7882121228563,2,I-1
1,3,1,1,3,4,1,1,2,2364.346641070452,29,I-4
1,7,0,0,1,2,0,0,1,61.5193526430101,3,I-1
1,3,1,1,3,4,1,1,2,1754.3132800983774,26,I-4
1,3,1,1,3,3,1,1,2,1092.6435794352997,15,I-4
1,2,0,0,3,1,0,0,1,82.69893642991556,1,I-2
1,1,0,0,2,0,0,0,1,77.78101571555217,1,I-1
2,4,2,1,3,4,1,1,2,3271.7404917432855,41,II
1,7,0,0,2,1,0,0,1,137.11528754216323,2,I-1
1,2,0,0,2,2,1,0,1,96.66849139267477,1,I-2
3,6,3,1,3,5,1,2,3,15647.625878456287,170,III
1,1,0,0,1,0,0,0,1,42.064192507207494,1,I-1
2,4,2,1,3,4,1,1,3,5977.074008100542,81,II
2,4,2,1,3,4,1,1,2,7551.083274833222,57,II
1,1,0,0,2,1,0,0,1,92.41205585471288,1,I-1
1,3,0,1,3,2,1,1,2,1121.980790093874,9,I-3
1,1,0,0,2,1,0,0,1,91.8273773779002,1,I-1
1,7,0,0,1,2,0,0,1,144.8180182873477,3,I-2
1,3,0,1,3,3,1,1,1,922.6866196574257,16,I-3
1,1,0,0,1,0,0,0,1,98.9353636561969,1,I-1
1,3,1,1,3,4,1,1,2,1942.0456968543056,19,I-4
1,3,1,1,3,3,1,1,2,1043.7548384361148,25,I-4
1,3,0,1,3,3,1,1,1,1126.802630064844,14,I-3
1,3,0,1,3,2,1,1,2,790.999389564663,13,I-3
2,4,3,1,3,4,1,1,3,5931.177493903808,47,II
1,3,2,1,3,3,1,1,2,1375.510401072079,28,I-4
1,2,0,0,2,2,0,0,1,92.57642666935966,1,I-2
1,1,0,0,2,0,0,0,1,77.3772426510029,1,I-1
1,2,0,0,2,1,0,0,1,111.1876903146142,1,I-2
3,5,3,1,3,5,1,2,3,14207.266037051726,219,III
2,4,3,1,3,4,1,1,2,6574.492190386443,57,II
3,5,3,1,3,5,1,2,3,19573.85870028625,220,III
2,4,2,1,3,4,1,1,3,6072.497301275963,57,II
1,1,0,0,1,0,0,0,1,64.41390588343768,2,I-1
1,3,0,1,3,4,1,1,2,712.0812374773777,10,I-3
1,7,1,1,3,4,1,1,2,2372.6097459599932,25,I-4
3,6,3,1,3,5,1,2,3,11593.492687211055,251,III
1,1,0,0,1,1,0,0,1,48.796498021600186,1,I-1
1,3,2,1,3,3,1,1,2,1182.4078890220858,20,I-4
1,2,0,0,2,1,0,0,1,84.02139761038984,1,I-2
3,6,3,1,3,5,1,2,3,8445.359839547627,127,III
3,6,3,1,3,5,1,2,3,12097.632879301309,230,III
2,4,3,1,3,4,1,1,3,7025.596043773325,69,II
1,1,0,0,1,0,0,0,1,74.04659248139377,2,I-1
1,3,0,1,3,3,1,1,2,516.9691293154665,19,I-3
1,3,0,1,3,2,1,1,2,1201.3635603104415,18,I-3
3,5,3,1,3,5,1,2,3,12100.09488582145,279,III
1,3,1,1,3,3,1,1,2,1108.319778002782,16,I-4
1,1,0,0,2,1,0,0,1,59.406571306011806,1,I-1
1,3,1,1,3,3,1,1,2,1919.6743586038624,23,I-4
1,1,0,0,2,0,0,0,1,75.0958536387233,1,I-1
1,2,0,0,2,2,0,0,1,90.11217186147022,1,I-2
1,3,0,1,3,3,1,1,2,1046.247600130851,9,I-3
1,2,0,0,3,1,0,0,1,115.05269367578069,1,I-2
2,7,3,1,3,4,1,1,2,2611.350523829317,69,II
1,3,2,1,3,3,1,1,2,1350.5356732380455,29,I-4
1,2,0,0,3,2,0,0,1,83.10636737939522,1,I-2
1,7,0,1,3,4,1,1,2,841.542212613168,14,I-3
2,4,3,1,3,4,1,1,2,5530.699263473221,64,II
1,2,0,0,2,1,0,0,1,91.7560468886154,1,I-2
1,3,2,1,3,3,1,1,2,2208.1994245608803,28,I-4
2,4,3,1,3,4,1,1,2,4666.499299352625,93,II
1,3,1,1,3,4,1,1,2,1729.7241485986342,18,I-4
1,3,2,1,3,3,1,1,2,1159.3988571885939,24,I-4
1,1,0,0,1,1,0,0,1,81.3749839319938,1,I-1
1,3,2,1,3,3,1,1,2,1670.954134378901,16,I-4
1,2,0,0,3,1,0,0,1,76.55692968943126,1,I-2
2,7,2,1,3,4,1,1,2,3425.360087406619,89,II
1,2,0,0,2,2,0,0,1,95.00557290864546,1,I-2
1,3,0,1,3,3,1,1,2,683.5641142169329,17,I-3
1,3,0,1,3,2,1,1,2,767.5270302483423,15,I-3
1,2,0,0,3,1,0,0,1,104.08555733096271,1,I-2
1,7,0,1,1,2,0,0,1,124.03154893841796,3,I-2
3,6,3,1,3,5,1,2,3,14336.816971184948,257,III
1,7,0,0,1,1,0,0,1,170.34105457212166,4,I-1
1,3,1,1,3,4,1,1,2,1882.1890982017821,25,I-4
1,3,0,1,3,3,1,1,1,577.4836265554827,9,I-3
1,3,2,1,3,4,1,1,2,1168.0175696023084,25,I-4
2,4,3,1,3,4,1,1,3,3542.001863583114,68,II
1,1,0,0,2,1,0,0,1,41.64823375077909,2,I-1
1,3,1,1,3,4,1,1,2,1810.325900167928,19,I-4
2,4,2,1,3,4,1,1,2,4014.365879571173,49,II
2,4,3,1,3,4,1,1,2,3773.9301742305597,83,II
1,1,0,0,1,1,0,0,1,43.700475017257446,2,I-1
1,3,0,1,3,2,1,1,1,642.1813763873516,8,I-3
1,3,0,1,3,2,1,1,1,659.5399566884236,13,I-3
1,3,0,1,3,2,1,1,2,818.8173228730047,14,I-3
1,3,0,1,3,3,1,1,2,889.5160259454087,8,I-3
1,1,0,0,2,1,0,0,1,55.40980226351111,2,I-1
2,4,3,1,3,4,1,1,3,7687.405861995523,50,II
1,3,2,1,3,4,1,1,2,1140.449340000444,25,I-4
1,1,0,0,1,0,0,0,1,95.20240315275421,2,I-1
1,2,0,0,3,2,0,0,1,78.93320846658665,1,I-2
2,4,3,1,3,4,1,1,2,6462.570063805964,43,II
1,2,0,0,2,2,1,0,1,81.99307124275357,1,I-2
1,3,0,1,3,3,1,1,1,1207.2283283354232,19,I-3
2,4,2,1,3,4,1,1,3,3882.1988523517516,77,II
3,6,3,1,3,5,1,2,3,14038.150004616135,255,III
1,1,0,0,1,1,0,0,1,98.32476012847343,1,I-1
1,3,1,1,3,3,1,1,2,2340.959586193757,27,I-4
1,2,0,0,2,2,0,0,1,84.90934056343863,1,I-2
1,1,0,0,1,1,0,0,1,45.48557613170256,1,I-1
1,3,0,1,3,4,1,1,2,615.6056106115122,11,I-3
1,3,1,1,3,3,1,1,2,2254.4369696536896,15,I-4
3,6,3,1,3,5,1,2,3,9879.353778711798,204,III
1,3,0,1,3,3,1,1,2,597.3767291080042,15,I-3
3,6,3,1,3,5,1,2,3,19140.470623769503,101,III
1,3,0,1,3,4,1,1,2,755.6662233318144,19,I-3
1,3,1,1,3,4,1,1,2,2205.789829373234,25,I-4
1,1,0,0,2,1,0,0,1,48.49703469919703,1,I-1
1,3,0,1,3,3,1,1,1,642.7856366678847,10,I-3
3,6,3,1,3,5,1,2,3,18417.177918404755,124,III
1,2,0,0,3,2,0,0,1,61.06283103656334,1,I-2
2,7,2,1,3,4,1,1,2,2981.6989324553306,27,II
1,3,0,1,3,3,1,1,2,1101.0911673963028,8,I-3
3,6,3,1,3,5,1,2,3,11233.27335564386,108,III
1,2,0,0,2,1,0,0,1,65.06225378631031,1,I-2
2,4,2,1,3,4,1,1,2,3383.616997280114,86,II
1,1,0,0,1,0,0,0,1,64.52197373625603,2,I-1
3,5,3,1,3,5,1,2,3,16606.177364561092,217,III
1,2,0,0,3,1,1,0,1,84.86604281809988,1,I-2
2,4,3,1,3,4,1,1,3,3526.097776190849,91,II
1,3,2,1,3,4,1,1,2,1109.6276365392255,20,I-4
1,3,0,1,3,3,1,1,1,1499.3362799835043,14,I-3
1,7,0,1,3,4,1,1,1,1404.9250195632903,14,I-3
1,3,1,1,3,3,1,1,2,2010.4147479950427,18,I-4
2,4,3,1,3,4,1,1,2,6147.118555585503,89,II
1,3,1,1,3,4,1,1,2,1755.5791518849344,18,I-4
3,5,3,1,3,5,1,2,3,19226.276273106287,211,III
1,3,1,1,3,3,1,1,2,1872.1809218929363,19,I-4
3,5,3,1,3,5,1,2,3,10084.059643452078,142,III
1,1,0,0,1,0,0,0,1,77.71023400501407,1,I-1
3,5,3,1,3,5,1,2,3,14779.431291829678,225,III
1,3,1,1,3,4,1,1,2,1210.7609546628898,26,I-4
1,2,0,0,3,2,0,0,1,111.41700779216329,1,I-2
2,4,2,1,3,4,1,1,3,7366.80558920719,56,II
1,3,2,1,3,4,1,1,2,1620.5993463704947,27,I-4
3,7,3,1,3,5,1,2,3,10283.46462606118,125,III
1,2,0,0,2,2,0,0,1,106.4957083383573,1,I-2
2,4,3,1,3,4,1,1,3,7437.208453762439,91,II
1,1,0,0,2,0,0,0,1,49.414157448767206,2,I-1
1,3,0,1,3,3,1,1,2,680.8745244253364,18,I-3
1,2,0,0,2,2,0,0,1,99.95146597297664,1,I-2
1,3,0,1,3,2,1,1,2,1207.9409157399946,13,I-3
1,1,0,0,1,1,0,0,1,75.71661046624328,2,I-1
3,5,3,1,3,5,1,2,3,8763.217236533568,153,III
1,7,2,1,3,3,1,1,2,855.8563861586738,23,I-4
1,7,1,1,3,3,1,1,2,1191.6716215747595,29,I-4
1,2,0,0,3,2,0,0,1,76.08283124271827,1,I-2
2,7,3,1,3,4,1,1,2,2423.3003822593673,78,II
3,6,3,1,3,5,1,2,3,17886.756579495974,201,III
2,4,2,1,3,4,1,1,3,6768.841010225262,56,II
1,1,0,0,1,1,0,0,1,75.5496087505843,2,I-1
1,2,0,0,2,2,1,0,1,76.11029503517011,1,I-2
1,3,0,1,3,2,1,1,1,1103.792757286118,17,I-3
2,4,2,1,3,4,1,1,3,5218.5072351483395,91,II
1,7,0,1,3,4,1,1,2,1236.565366056186,18,I-3
1,3,2,1,3,3,1,1,2,1053.9486343201193,17,I-4
2,4,2,1,3,4,1,1,2,7272.577179553748,81,II
3,5,3,1,3,5,1,2,3,18146.129730086726,298,III
1,1,0,0,2,0,0,0,1,84.83416828237301,1,I-1
3,5,3,1,3,5,1,2,3,15527.76964412315,128,III
2,4,2,1,3,4,1,1,2,7992.804032928143,83,II
2,4,3,1,3,4,1,1,2,7291.847033598292,80,II
3,5,3,1,3,5,1,2,3,10645.254618711368,202,III
3,5,3,1,3,5,1,2,3,13519.303415527553,118,III
1,3,1,1,3,3,1,1,2,1504.590585104364,28,I-4
1,3,0,1,3,4,1,1,1,1002.7834418466805,9,I-3
2,4,2,1,3,4,1,1,2,5418.569161953566,40,II
1,1,0,0,2,0,0,0,1,61.977183172391335,1,I-1
1,1,0,0,2,0,0,0,1,75.61891510644165,1,I-1
1,2,0,0,2,2,0,0,1,101.82078083605577,1,I-2
1,3,1,1,3,4,1,1,2,1843.1663239348443,18,I-4
1,3,0,1,3,2,1,1,1,1474.769843420413,15,I-3
1,2,0,0,3,1,0,0,1,116.51433523562521,1,I-2
2,4,3,1,3,4,1,1,3,5051.51860936331,66,II
2,4,2,1,3,4,1,1,2,4781.249473018901,53,II
1,2,0,0,2,1,0,0,1,76.33892383086497,1,I-2
1,1,0,0,1,0,0,0,1,74.89533027098531,1,I-1
1,3,2,1,3,3,1,1,2,1780.2022716770273,16,I-4
1,1,0,0,2,1,0,0,1,96.19421308425035,1,I-1
1,2,0,0,2,1,1,0,1,100.36955331348506,1,I-2
1,3,0,1,3,2,1,1,1,922.7025695271727,15,I-3
2,4,2,1,3,4,1,1,3,5425.364545713477,81,II
2,4,3,1,3,4,1,1,3,3355.553541067184,51,II
1,3,1,1,3,4,1,1,2,1207.5963789521868,15,I-4
3,6,3,1,3,5,1,2,3,12055.98537234188,227,III
1,3,2,1,3,4,1,1,2,2016.5223116765474,29,I-4
2,4,2,1,3,4,1,1,3,4338.342185971488,54,II
1,2,0,0,3,1,0,0,1,85.85648019109962,1,I-2
1,2,0,0,2,2,0,0,1,95.13367760984681,1,I-2
1,3,0,1,3,3,1,1,2,1229.4154487265405,8,I-3
1,3,2,1,3,3,1,1,2,2119.678193285671,21,I-4
1,7,0,0,2,2,0,0,1,168.9038859274067,2,I-2
1,2,0,0,2,1,1,0,1,67.9025721123813,1,I-2
2,4,3,1,3,4,1,1,3,5776.4791266409065,55,II
1,2,0,0,2,1,1,0,1,91.02037699258253,1,I-2
1,3,0,1,3,3,1,1,2,1181.7248504123422,10,I-3
1,1,0,0,2,1,0,0,1,80.62226889292062,2,I-1
1,2,0,0,3,1,0,0,1,96.60260072746509,1,I-2
1,3,0,1,3,4,1,1,1,878.9559098125076,16,I-3
1,3,0,1,3,2,1,1,1,767.1652625879899,10,I-3
1,3,2,1,3,3,1,1,2,1348.1178667992476,20,I-4
1,2,0,0,2,1,1,0,1,102.32138221164709,1,I-2
1,2,0,0,3,1,0,0,1,113.33130590360517,1,I-2
2,7,3,1,3,4,1,1,3,6719.500824989039,91,II
1,1,0,0,2,0,0,0,1,67.57796526138762,2,I-1
1,1,0,0,2,1,0,0,1,79.86703942559558,1,I-1
3,7,3,1,3,5,1,2,3,8571.872648809982,243,III
1,1,0,0,1,1,0,0,1,78.35772835992745,1,I-1
1,3,0,1,3,2,1,1,1,574.0749072104477,10,I-3
1,3,0,1,3,3,1,1,2,804.3075918208643,14,I-3
1,1,0,0,1,0,0,0,1,50.653475182793365,2,I-1
3,5,3,1,3,5,1,2,3,15178.249999262343,287,III
1,1,0,0,1,1,0,0,1,94.34540743818687,2,I-1
1,3,0,1,3,3,1,1,2,612.8405445168844,19,I-3
2,7,3,1,3,4,1,1,3,6840.668855037884,61,II
1,1,0,0,2,1,0,0,1,48.29699040428486,1,I-1
1,3,0,1,3,2,1,1,2,1374.7470734889748,16,I-3
3,5,3,1,3,5,1,2,3,14606.543607439946,160,III
1,2,0,0,2,1,0,0,1,75.58766497026963,1,I-2
1,2,0,0,2,1,1,0,1,65.92111366559524,1,I-2
1,3,2,1,3,3,1,1,2,1803.1200032672016,29,I-4
2,4,3,1,3,4,1,1,2,5824.207183587133,89,II
2,7,2,1,3,4,1,1,2,6773.266351559888,92,II
1,7,0,1,3,3,1,1,2,1331.4035707498776,13,I-3
2,4,3,1,3,4,1,1,2,6851.143828249366,61,II
1,2,0,0,3,2,1,0,1,100.5655820498746,1,I-2
1,3,0,1,3,2,1,1,1,1011.5256408094931,15,I-3
3,5,3,1,3,5,1,2,3,12399.652401157477,222,III
1,3,2,1,3,3,1,1,2,1887.027556079814,16,I-4
1,1,0,0,1,1,0,0,1,51.617428587727645,2,I-1
1,2,0,0,3,2,0,0,1,85.91511186874973,1,I-2
1,3,0,1,3,4,1,1,1,607.2468334958461,18,I-3
2,4,2,1,3,4,1,1,3,4851.465332206589,95,II
3,6,3,1,3,5,1,2,3,10807.073849352619,122,III
2,4,3,1,3,4,1,1,3,3761.451235338276,52,II
1,3,0,1,3,2,1,1,2,840.222994451257,15,I-3
1,2,0,0,3,2,0,0,1,102.2505333716814,1,I-2
1,7,0,0,2,1,0,0,1,130.3490092592168,2,I-1
3,6,3,1,3,5,1,2,3,9275.34213884643,244,III
1,1,0,0,1,0,0,0,1,94.04560974704395,2,I-1
2,4,2,1,3,4,1,1,3,3558.179646980308,79,II
1,1,0,0,2,0,0,0,1,53.782977020993904,1,I-1
2,4,2,1,3,4,1,1,2,6826.352620584785,61,II
1,2,0,0,2,1,0,0,1,84.96424022452118,1,I-2
3,5,3,1,3,5,1,2,3,15781.458970177218,209,III
1,1,0,0,1,1,0,0,1,76.92087043771446,1,I-1
2,4,2,1,3,4,1,1,2,7252.558259885333,99,II
1,7,1,1,3,4,1,1,2,1903.5617402124838,22,I-4
2,4,3,1,3,4,1,1,2,5557.953053232746,97,II
1,1,0,0,1,0,0,0,1,59.03555046141206,1,I-1
1,3,0,1,3,2,1,1,2,1092.9827009674323,11,I-3
1,1,0,0,2,1,0,0,1,48.82089729398672,2,I-1
3,7,3,1,3,5,1,2,3,16290.90706738964,273,III
3,5,3,1,3,5,1,2,3,17832.778771597914,115,III
1,3,1,1,3,3,1,1,2,1562.649107977525,15,I-4
1,3,0,1,3,4,1,1,2,1142.110235025521,19,I-3
1,1,0,0,1,0,0,0,1,79.62818328186587,1,I-1
1,7,0,0,2,2,0,0,1,146.39419028163974,1,I-1
1,3,1,1,3,4,1,1,2,2241.8874318179687,20,I-4
1,1,0,0,2,1,0,0,1,83.26736536688597,1,I-1
2,4,2,1,3,4,1,1,2,5147.239485393513,64,II
2,4,2,1,3,4,1,1,3,7011.015044179283,40,II
1,2,0,0,3,2,0,0,1,100.02221142752123,1,I-2
3,5,3,1,3,5,1,2,3,10836.112919938514,156,III
1,2,0,0,2,1,0,0,1,82.60863766645275,1,I-2
1,7,0,1,3,3,1,1,2,598.4704725487495,13,I-3
2,4,3,1,3,4,1,1,2,5521.317303965157,60,II
1,1,0,0,1,0,0,0,1,93.65092951699427,1,I-1
1,3,1,1,3,3,1,1,2,2188.9937151274253,22,I-4
1,7,0,1,3,3,1,1,2,760.177347090051,8,I-3
1,1,0,0,2,1,0,0,1,78.16802006368394,1,I-1
1,3,0,1,3,3,1,1,2,948.6325916177342,12,I-3
3,5,3,1,3,5,1,2,3,12737.687394539073,163,III
1,1,0,0,1,0,0,0,1,81.29313516446415,2,I-1
1,1,0,0,1,0,0,0,1,92.69514806394079,1,I-1
1,2,0,0,2,2,0,0,1,113.2702753555728,1,I-2
1,3,0,1,3,3,1,1,2,960.1171832033256,17,I-3
1,2,0,0,2,2,0,0,1,80.26902259929383,1,I-2
1,3,0,1,3,3,1,1,1,1021.7432257909146,15,I-3
1,3,0,1,3,4,1,1,1,1003.6917612374446,8,I-3
1,1,0,0,1,0,0,0,1,74.26558974607087,1,I-1
1,2,0,0,2,1,0,0,1,98.88612763566428,1,I-2
1,1,0,0,1,1,0,0,1,58.59082700519679,1,I-1
3,6,3,1,3,5,1,2,3,16271.351854710045,116,III
1,1,0,0,1,1,0,0,1,90.30117424294096,1,I-1
1,2,0,0,3,2,1,0,1,117.54145055837796,1,I-2
1,3,1,1,3,3,1,1,2,1042.2870106708333,24,I-4
1,3,0,1,3,3,1,1,1,1418.2850353799577,9,I-3
2,4,2,1,3,4,1,1,3,4555.183336301685,86,II
1,1,0,0,2,0,0,0,1,94.44779058078552,1,I-1
1,3,0,1,3,4,1,1,2,582.4332720189907,8,I-3
1,1,0,0,2,1,0,0,1,96.70734692469321,1,I-1
3,6,3,1,3,5,1,2,3,9946.200468894529,131,III
1,1,0,0,1,0,0,0,1,99.04713302957424,1,I-1
1,1,0,0,1,0,0,0,1,86.4803762309079,2,I-1
1,1,0,0,1,1,0,0,1,93.47204784410857,2,I-1
1,3,0,1,3,4,1,1,1,739.2588627514639,12,I-3
3,6,3,1,3,5,1,2,3,14102.32918128287,225,III
1,3,0,1,3,2,1,1,2,1229.8891177035978,17,I-3
3,5,3,1,3,5,1,2,3,16533.461804183433,222,III
1,3,2,1,3,4,1,1,2,1413.8924469250944,27,I-4
1,3,0,1,3,4,1,1,1,1249.7257467835434,10,I-3
1,1,0,0,2,1,0,0,1,67.3659715997555,2,I-1
1,3,0,1,3,2,1,1,1,814.8050589205684,11,I-3
1,2,0,0,2,2,0,0,1,90.11613484685164,1,I-2
1,3,1,1,3,4,1,1,2,1757.3992061341,27,I-4
2,4,3,1,3,4,1,1,2,4122.797346344481,54,II
3,6,3,1,3,5,1,2,3,15631.274920897204,202,III
1,3,0,1,3,2,1,1,1,683.5796273551459,14,I-3
1,3,0,1,3,3,1,1,1,956.3168205509623,16,I-3
3,7,3,1,3,5,1,2,3,17813.870923309092,218,III
1,3,1,1,3,3,1,1,2,2406.5569230690517,25,I-4
1,3,1,1,3,3,1,1,2,1811.1362528310347,24,I-4
3,5,3,1,3,5,1,2,3,14556.685606540834,212,III
3,6,3,1,3,5,1,2,3,8877.710113739407,202,III
1,1,0,0,1,1,0,0,1,68.40609601564293,1,I-1
2,4,2,1,3,4,1,1,2,7840.561182030583,53,II
3,6,3,1,3,5,1,2,3,16344.928051636693,264,III
1,1,0,0,1,0,0,0,1,49.77415926864364,2,I-1
1,2,0,0,2,2,0,0,1,97.70536973506037,1,I-2
1,3,0,1,3,4,1,1,2,1220.3732127322028,16,I-3
1,2,0,0,3,2,1,0,1,108.35347015181125,1,I-2
1,1,0,0,2,1,0,0,1,69.09152438296621,1,I-1
3,6,3,1,3,5,1,2,3,15698.956174920731,298,III
1,7,0,0,1,2,0,0,1,114.73764936762637,1,I-1
2,4,3,1,3,4,1,1,2,3267.8827980370397,98,II
3,5,3,1,3,5,1,2,3,14048.840956981092,276,III
3,6,3,1,3,5,1,2,3,18109.569282026903,168,III
3,5,3,1,3,5,1,2,3,13913.376150379469,259,III
1,3,1,1,3,4,1,1,2,1523.578636692327,16,I-4
1,3,2,1,3,4,1,1,2,1412.0575492107155,15,I-4
1,7,2,1,3,3,1,1,2,2013.6315867742167,27,I-4
2,7,3,1,3,4,1,1,3,5159.569655538737,99,II
1,7,0,0,2,2,0,0,1,141.02398453828744,2,I-2
1,3,0,1,3,3,1,1,2,1032.0868239380113,16,I-3
1,3,0,1,3,4,1,1,1,1242.8312764656903,17,I-3
1,2,0,0,2,2,0,0,1,71.30310056009237,1,I-2
1,1,0,0,1,1,0,0,1,87.01503368457301,2,I-1
1,2,0,0,2,1,0,0,1,83.77663574950203,1,I-2
2,4,2,1,3,4,1,1,2,4338.871573020588,80,II
1,3,2,1,3,3,1,1,2,1835.0230790226303,28,I-4
1,1,0,0,2,0,0,0,1,50.106433067914914,2,I-1
1,3,2,1,3,4,1,1,2,2058.9856044429903,29,I-4
2,4,3,1,3,4,1,1,2,7248.000874912291,56,II
2,4,2,1,3,4,1,1,2,5573.347620259137,55,II
3,6,3,1,3,5,1,2,3,11576.690861537714,225,III
1,3,1,1,3,4,1,1,2,1790.96634346359,18,I-4
1,2,0,0,2,1,0,0,1,106.67667164821927,1,I-2
2,4,3,1,3,4,1,1,2,4414.429548931826,53,II
3,6,3,1,3,5,1,2,3,16661.605058598274,130,III
1,1,0,0,1,1,0,0,1,56.69303122412933,1,I-1
2,4,3,1,3,4,1,1,3,6448.19259829453,48,II
1,1,0,0,1,1,0,0,1,64.2711714674941,1,I-1
1,3,1,1,3,4,1,1,2,1499.1012309757832,23,I-4
1,3,1,1,3,3,1,1,2,1381.2209201917217,19,I-4
1,2,0,0,2,2,1,0,1,71.57904047634172,1,I-2
1,1,0,0,1,0,0,0,1,51.28094303177734,2,I-1
1,3,0,1,3,4,1,1,1,1234.2278011860833,17,I-3
1,3,2,1,3,3,1,1,2,1690.1539398365321,19,I-4
1,3,0,1,3,2,1,1,1,1020.456092139383,10,I-3
1,2,0,0,2,1,0,0,1,64.50857719065519,1,I-2
1,1,0,0,2,1,0,0,1,82.47686960207135,1,I-1
2,4,2,1,3,4,1,1,2,3975.54410012105,65,II
1,3,0,1,3,4,1,1,1,593.9909294166021,14,I-3
1,3,1,1,3,4,1,1,2,1385.6441340926676,15,I-4
2,4,2,1,3,4,1,1,3,7507.234147691897,72,II
1,3,0,1,3,4,1,1,1,1114.1688503188925,8,I-3
1,2,0,0,2,2,1,0,1,94.95413455288868,1,I-2
2,4,3,1,3,4,1,1,3,5720.915744884009,52,II
1,3,0,1,3,3,1,1,1,939.4653743584422,14,I-3
2,4,3,1,3,4,1,1,2,7065.749941819071,95,II
1,3,2,1,3,3,1,1,2,1595.9369394188584,27,I-4
1,1,0,0,2,1,0,0,1,76.21514725949234,1,I-1
2,4,3,1,3,4,1,1,2,5714.3906618040255,73,II
3,6,3,1,3,5,1,2,3,14681.82032333969,125,III
2,4,3,1,3,4,1,1,3,5807.389718683384,47,II
2,4,2,1,3,4,1,1,3,3564.2907235638113,62,II
1,3,0,1,3,3,1,1,2,1248.3608334286196,16,I-3
1,1,0,0,1,1,0,0,1,73.62092046101941,2,I-1
3,6,3,1,3,5,1,2,3,15024.505073491477,251,III
2,4,3,1,3,4,1,1,2,4920.803789767313,64,II
1,2,0,0,3,2,0,0,1,107.34243625212284,1,I-2
1,2,0,0,2,1,1,0,1,63.67299948861432,1,I-2
1,3,2,1,3,3,1,1,2,1070.0272298489106,26,I-4
1,2,0,0,3,1,1,0,1,94.36096895140136,1,I-2
1,3,0,1,3,2,1,1,1,755.2324343442834,16,I-3
1,2,0,0,3,2,0,0,1,104.13124234761487,1,I-2
1,3,1,1,3,3,1,1,2,1750.457734531772,26,I-4
1,2,0,0,2,2,0,0,1,65.64358921371533,1,I-2
3,5,3,1,3,5,1,2,3,16955.76575082892,291,III
1,3,0,1,3,2,1,1,1,1416.6431026939163,11,I-3
2,4,3,1,3,4,1,1,2,6379.962448781701,66,II
1,3,0,1,3,3,1,1,1,1021.8622953321787,8,I-3
1,3,0,1,3,2,1,1,1,1350.1719452050475,8,I-3
1,1,0,0,1,1,0,0,1,40.70679257719852,1,I-1
2,4,2,1,3,4,1,1,3,6932.629435517956,70,II
3,5,3,1,3,5,1,2,3,18171.68395411106,179,III
3,6,3,1,3,5,1,2,3,11758.184608443622,162,III
3,6,3,1,3,5,1,2,3,10943.35165969241,151,III
1,7,1,1,3,4,1,1,2,2434.773136263022,22,I-4
3,5,3,1,3,5,1,2,3,16754.203142877464,132,III
1,3,0,1,3,2,1,1,1,906.1099805025578,14,I-3
1,7,2,1,3,4,1,1,2,2306.826700062419,14,I-4
1,7,2,1,3,4,1,1,2,1859.6345373903978,19,I-4
1,3,0,1,3,3,1,1,1,762.6933098800052,13,I-3
2,4,3,1,3,4,1,1,2,4597.947131299991,41,II
2,7,2,1,3,4,1,1,3,5415.688297703146,27,II
2,4,3,1,3,4,1,1,2,6346.927118349346,80,II
1,7,2,1,3,3,1,1,2,2122.392099412691,26,I-4
1,2,0,0,2,2,0,0,1,110.14698425127608,1,I-2
1,3,0,1,3,2,1,1,1,1382.8364906780791,18,I-3
3,6,3,1,3,5,1,2,3,16991.784261709214,256,III
1,2,0,0,3,1,1,0,1,94.77794749210909,1,I-2
1,3,2,1,3,3,1,1,2,1408.4284910622014,25,I-4
1,2,0,0,2,1,1,0,1,112.86630890139395,1,I-2
1,2,0,0,2,1,0,0,1,84.8657887480222,1,I-2
2,4,3,1,3,4,1,1,2,7983.416389673399,76,II
1,1,0,0,2,1,0,0,1,87.74720387059011,1,I-1
1,3,1,1,3,3,1,1,2,2261.177607908672,19,I-4
1,2,0,0,3,2,0,0,1,63.32098735308571,1,I-2
1,1,0,0,2,0,0,0,1,78.38651209422534,1,I-1
1,3,2,1,3,4,1,1,2,2122.3582092713505,27,I-4
3,7,3,1,3,5,1,2,3,11323.313723270512,258,III
3,6,3,1,3,5,1,2,3,10155.743790369579,174,III
1,1,0,0,2,0,0,0,1,78.03098912411943,1,I-1
1,3,0,1,3,3,1,1,2,1103.755143837613,12,I-3
1,1,0,0,1,1,0,0,1,62.64325749848658,2,I-1
1,1,0,0,2,1,0,0,1,79.74231159476521,1,I-1
1,3,0,1,3,4,1,1,2,1019.3976852834676,17,I-3
2,4,2,1,3,4,1,1,3,7459.1010570330645,91,II
1,1,0,0,1,0,0,0,1,96.1744232684322,1,I-1
1,3,2,1,3,4,1,1,2,1567.0374241516029,23,I-4
1,3,2,1,3,3,1,1,2,2286.8756083653516,27,I-4
1,2,0,0,2,2,0,0,1,108.19827441108201,1,I-2
3,6,3,1,3,5,1,2,3,15589.66642893773,124,III
1,3,1,1,3,4,1,1,2,1599.3977674313019,28,I-4
3,7,3,1,3,5,1,2,3,13721.373423036306,196,III
1,2,0,0,3,1,0,0,1,72.2047801318989,1,I-2
1,1,0,0,1,1,0,0,1,51.19470995521848,1,I-1
1,1,0,0,1,1,0,0,1,58.913004242637165,2,I-1
1,3,0,1,3,3,1,1,2,756.9522995084699,10,I-3
1,2,0,0,2,2,0,0,1,87.57013599421904,1,I-2
1,3,0,1,3,3,1,1,1,1153.2895409013627,18,I-3
1,3,1,1,3,4,1,1,2,1617.7784247167456,24,I-4
1,3,2,1,3,3,1,1,2,1276.329848944539,26,I-4
1,3,2,1,3,4,1,1,2,1620.1986500652401,18,I-4
1,1,0,0,1,0,0,0,1,52.44816628353263,2,I-1
2,4,3,1,3,4,1,1,2,5841.595755389628,97,II
2,4,3,1,3,4,1,1,2,7212.284930592068,90,II
3,7,3,1,3,5,1,2,3,18691.81078079788,218,III
1,2,0,0,2,2,1,0,1,89.73923525299483,1,I-2
1,3,0,1,3,2,1,1,2,636.3711050294584,18,I-3
1,3,0,1,3,3,1,1,1,1074.839037859875,16,I-3
1,2,0,0,3,2,0,0,1,81.470469518492,1,I-2
1,1,0,0,1,0,0,0,1,96.41079008375448,1,I-1
1,3,1,1,3,4,1,1,2,1653.6015352649615,20,I-4
1,7,2,1,3,4,1,1,2,1577.2917133532255,26,I-4
1,3,0,1,3,2,1,1,2,1231.87325306272,18,I-3
3,6,3,1,3,5,1,2,3,9805.945976871026,254,III
2,4,3,1,3,4,1,1,2,7243.837926406572,77,II
1,3,0,1,3,4,1,1,2,824.5541097309261,10,I-3
1,2,0,0,3,1,0,0,1,67.82110078288751,1,I-2
2,4,2,1,3,4,1,1,3,7403.252887322889,77,II
2,4,2,1,3,4,1,1,2,6045.144723534579,48,II
2,4,2,1,3,4,1,1,2,5054.803040179517,72,II
1,3,0,1,3,3,1,1,2,816.0047228663939,8,I-3
1,2,0,0,2,1,0,0,1,70.1300163991542,1,I-2
2,4,2,1,3,4,1,1,3,4686.010175844764,45,II
1,3,0,1,3,2,1,1,1,1498.2224506090506,15,I-3
1,3,0,1,3,2,1,1,1,663.9202620469449,8,I-3
3,6,3,1,3,5,1,2,3,16746.44611386315,154,III
1,3,1,1,3,3,1,1,2,1118.4708990493475,29,I-4
1,1,0,0,1,1,0,0,1,80.16090104576776,2,I-1
3,6,3,1,3,5,1,2,3,18546.573750954223,123,III
1,1,0,0,1,1,0,0,1,41.85823620535061,1,I-1
2,4,2,1,3,4,1,1,3,4170.026435801849,69,II
1,3,1,1,3,4,1,1,2,1774.3717348000907,27,I-4
1,2,0,0,2,2,1,0,1,108.28355902448587,1,I-2
1,3,1,1,3,4,1,1,2,1464.593832626995,24,I-4
1,2,0,0,2,2,0,0,1,68.21893333857167,1,I-2
2,4,2,1,3,4,1,1,3,5799.276900172386,41,II
1,2,0,0,3,1,0,0,1,66.26881900523749,1,I-2
2,4,2,1,3,4,1,1,2,7612.862024529,96,II
1,7,0,1,3,2,1,1,2,1132.2118044555846,15,I-3
1,1,0,0,1,0,0,0,1,63.92929161544345,2,I-1
1,3,2,1,3,4,1,1,2,1926.5903860926915,24,I-4
2,4,2,1,3,4,1,1,2,4682.305812886061,49,II
1,3,0,1,3,3,1,1,2,1326.2173757752203,15,I-3
2,7,3,1,3,4,1,1,3,4269.240703238467,82,II
2,4,3,1,3,4,1,1,2,7059.448217841584,66,II
3,6,3,1,3,5,1,2,3,19305.895004359918,125,III
2,4,3,1,3,4,1,1,2,6537.614094890214,74,II
1,3,0,1,3,3,1,1,1,612.7969188665769,16,I-3
3,5,3,1,3,5,1,2,3,17285.60898282841,278,III
1,2,0,0,2,2,0,0,1,97.90649061916533,1,I-2
1,2,0,0,2,1,0,0,1,60.891367350450224,1,I-2
1,3,0,1,3,2,1,1,2,1070.664578980789,9,I-3
1,1,0,0,2,0,0,0,1,59.8724981397113,1,I-1
1,2,0,0,2,2,0,0,1,89.16345251416085,1,I-2
1,2,0,0,2,2,1,0,1,100.98417451140745,1,I-2
1,3,1,1,3,4,1,1,2,1078.0687581341972,18,I-4
1,2,0,0,3,2,0,0,1,68.06940638973013,1,I-2
1,2,0,0,3,1,0,0,1,66.80773150239445,1,I-2
1,2,0,0,3,2,0,0,1,117.26381412200845,1,I-2
3,5,3,1,3,5,1,2,3,13937.941479457042,165,III
1,3,2,1,3,4,1,1,2,2179.724551443859,24,I-4
1,3,1,1,3,4,1,1,2,2096.6544745053434,26,I-4
2,4,3,1,3,4,1,1,3,7946.703189198119,60,II
1,1,0,0,1,0,0,0,1,40.01457606607077,1,I-1
1,2,0,0,3,1,0,0,1,94.02772245194238,1,I-2
1,3,2,1,3,4,1,1,2,1200.3146342583268,25,I-4
1,3,0,1,3,3,1,1,1,787.8795033348446,17,I-3
1,3,0,1,3,3,1,1,2,1051.1413361947339,12,I-3
1,1,0,0,2,0,0,0,1,59.256126299166425,1,I-1
1,2,0,0,3,2,0,0,1,66.33590376156846,1,I-2
2,4,3,1,3,4,1,1,3,3630.975455131183,85,II
2,4,3,1,3,4,1,1,2,5103.151184394097,80,II
3,6,3,1,3,5,1,2,3,8627.224010739159,246,III
1,1,0,0,1,1,0,0,1,79.05198371524844,2,I-1
1,3,0,1,3,2,1,1,2,1482.3905545175667,8,I-3
2,7,2,1,3,4,1,1,2,2040.7290441415387,29,II
1,2,0,0,2,1,0,0,1,91.20961338146374,1,I-2
1,3,0,1,3,2,1,1,2,835.0085699576957,17,I-3
1,3,0,1,3,2,1,1,1,1188.9999849885683,18,I-3
2,7,2,1,3,4,1,1,3,2665.521385248839,93,II
1,3,2,1,3,3,1,1,2,1087.8049001200752,16,I-4
3,5,3,1,3,5,1,2,3,17129.1117006434,264,III
3,6,3,1,3,5,1,2,3,14078.599998902566,211,III
2,4,2,1,3,4,1,1,3,7643.646846386678,93,II
1,1,0,0,1,0,0,0,1,50.095626660280246,1,I-1
1,2,0,0,3,1,0,0,1,72.17961355147183,1,I-2
1,3,0,1,3,2,1,1,2,596.9173270669949,12,I-3
2,4,3,1,3,4,1,1,3,3763.290822703919,56,II
1,2,0,0,3,1,0,0,1,101.05971902731599,1,I-2
1,2,0,0,2,1,0,0,1,107.45098065799075,1,I-2
2,4,3,1,3,4,1,1,3,4236.025594653166,65,II
1,1,0,0,1,0,0,0,1,59.659297821016935,1,I-1
1,1,0,0,2,1,0,0,1,41.319191322359416,2,I-1
1,2,0,0,3,2,0,0,1,108.93993244887803,1,I-2
1,1,0,0,1,0,0,0,1,48.02564170462013,1,I-1
1,3,0,1,3,4,1,1,2,922.4457900308792,16,I-3
1,3,2,1,3,3,1,1,2,1037.7095886344712,17,I-4
1,2,0,0,2,1,0,0,1,61.077471825009056,1,I-2
1,1,0,0,2,1,0,0,1,81.59257253313206,2,I-1
1,1,0,0,2,1,0,0,1,89.81155378417428,1,I-1
1,7,1,1,3,3,1,1,2,2140.0678538904103,18,I-4
1,3,0,1,3,2,1,1,2,1086.208166190509,13,I-3
1,1,0,0,1,0,0,0,1,70.51233348986247,2,I-1
3,6,3,1,3,5,1,2,3,15261.219466845809,221,III
3,5,3,1,3,5,1,2,3,16960.91969357792,162,III
1,3,0,1,3,3,1,1,2,706.0737799371752,12,I-3
1,1,0,0,2,1,0,0,1,94.18585042295858,2,I-1
3,6,3,1,3,5,1,2,3,15433.340885817839,241,III
1,1,0,0,1,0,0,0,1,57.0757476721551,2,I-1
1,3,0,1,3,2,1,1,2,1321.577691760838,19,I-3
1,7,0,0,2,1,0,0,1,181.97156535795278,4,I-1
2,7,2,1,3,4,1,1,3,5879.726801945332,33,II
3,6,3,1,3,5,1,2,3,14580.811240902942,111,III
2,4,2,1,3,4,1,1,2,5352.3665983857845,98,II
1,1,0,0,1,1,0,0,1,54.003776167487615,2,I-1
1,3,2,1,3,4,1,1,2,2451.7935267448197,15,I-4
1,3,1,1,3,3,1,1,2,1655.5505881746562,28,I-4
1,3,2,1,3,4,1,1,2,1440.6428095410795,25,I-4
1,2,0,0,3,1,0,0,1,70.24064611813402,1,I-2
1,3,2,1,3,3,1,1,2,1737.2713387477397,26,I-4
2,4,3,1,3,4,1,1,2,7781.229779348336,84,II
1,1,0,0,2,0,0,0,1,87.28958728814239,1,I-1
1,3,1,1,3,4,1,1,2,2210.816494638126,19,I-4
1,3,0,1,3,2,1,1,1,1038.3841868964332,14,I-3
2,4,2,1,3,4,1,1,2,3332.3656510458577,83,II
1,3,0,1,3,4,1,1,2,850.2723706693275,14,I-3
2,4,2,1,3,4,1,1,3,4590.937397281943,82,II
2,4,2,1,3,4,1,1,3,4268.212371706878,71,II
3,6,3,1,3,5,1,2,3,11711.217337996344,150,III
2,7,3,1,3,4,1,1,2,2182.277479726775,73,II
1,7,2,1,3,4,1,1,2,2434.5494547031503,23,I-4
1,2,0,0,2,1,0,0,1,64.30887502583494,1,I-2
2,7,3,1,3,4,1,1,2,3560.376488253144,63,II
2,4,3,1,3,4,1,1,3,3587.3794943824646,55,II
1,2,0,0,2,1,0,0,1,115.08063060566103,1,I-2
3,6,3,1,3,5,1,2,3,12583.760545555351,196,III
1,2,0,0,2,1,0,0,1,91.96114084282894,1,I-2
1,3,1,1,3,3,1,1,2,1463.27091217243,29,I-4
1,7,0,1,2,2,0,0,1,116.53995519772808,1,I-2
3,6,3,1,3,5,1,2,3,9022.405730715944,196,III
2,4,2,1,3,4,1,1,3,5450.021253821717,99,II
3,5,3,1,3,5,1,2,3,8426.985749521551,200,III
1,1,0,0,2,1,0,0,1,50.87308261681704,2,I-1
2,4,2,1,3,4,1,1,2,7337.385117479863,40,II
3,5,3,1,3,5,1,2,3,9671.56027288521,292,III
1,2,0,0,2,1,1,0,1,118.33378255298146,1,I-2
1,1,0,0,1,0,0,0,1,75.77096016414261,2,I-1
3,5,3,1,3,5,1,2,3,15820.157538541123,283,III
2,7,3,1,3,4,1,1,3,4483.8061909043245,40,II
3,5,3,1,3,5,1,2,3,9953.313212304425,175,III
1,3,0,1,3,3,1,1,1,1037.416938599807,15,I-3
1,3,0,1,3,4,1,1,1,1135.156988863935,14,I-3
1,1,0,0,1,0,0,0,1,74.61803862810225,2,I-1
1,2,0,0,3,1,0,0,1,112.68691181914208,1,I-2
1,3,2,1,3,4,1,1,2,1988.7333169002015,21,I-4
1,2,0,0,2,2,0,0,1,66.93107400641892,1,I-2
3,5,3,1,3,5,1,2,3,15778.51012938267,120,III
1,1,0,0,2,0,0,0,1,61.39730792956313,2,I-1
2,4,2,1,3,4,1,1,3,7487.095250390868,92,II
2,4,2,1,3,4,1,1,2,3395.9320455431293,43,II
3,5,3,1,3,5,1,2,3,19431.705569610334,140,III
1,3,0,1,3,3,1,1,2,1361.0629364797194,12,I-3
1,2,0,0,3,1,1,0,1,72.9482550635816,1,I-2
1,1,0,0,2,1,0,0,1,41.11879518488698,1,I-1
1,3,0,1,3,2,1,1,1,1013.0772183680499,10,I-3
2,7,3,1,3,4,1,1,3,7443.459003662472,78,II
1,1,0,0,1,0,0,0,1,62.00835310840034,1,I-1
1,3,1,1,3,4,1,1,2,2291.8483408905786,24,I-4
3,6,3,1,3,5,1,2,3,16249.577648596736,204,III
1,3,0,1,3,2,1,1,1,829.3053128645993,12,I-3
3,6,3,1,3,5,1,2,3,12733.815576170064,239,III
2,4,3,1,3,4,1,1,2,3511.1208556597226,99,II
1,1,0,0,1,1,0,0,1,41.22409664129238,2,I-1
2,4,3,1,3,4,1,1,2,5152.46791715755,93,II
1,3,1,1,3,4,1,1,2,1613.8743606780959,28,I-4
2,4,2,1,3,4,1,1,3,5524.374075476535,50,II
1,3,1,1,3,4,1,1,2,1413.1700196857637,27,I-4
1,3,2,1,3,3,1,1,2,2390.8096971862465,15,I-4
2,4,2,1,3,4,1,1,3,5063.791601386967,83,II
1,3,0,1,3,2,1,1,1,978.9705614534714,11,I-3
1,2,0,0,2,2,0,0,1,84.72561657795235,1,I-2
1,1,0,0,2,1,0,0,1,73.53045225727999,2,I-1
1,1,0,0,2,1,0,0,1,43.81653977059004,2,I-1
1,1,0,0,2,0,0,0,1,43.60439010129895,2,I-1
1,3,0,1,3,2,1,1,2,898.8414119469707,14,I-3
1,1,0,0,1,1,0,0,1,76.37299853324596,2,I-1
2,4,3,1,3,4,1,1,3,4547.162354847416,78,II
1,2,0,0,3,1,1,0,1,60.72419611803708,1,I-2
1,3,0,1,3,4,1,1,1,1089.4708030932468,11,I-3
1,3,0,1,3,2,1,1,2,1127.506154201766,13,I-3
1,2,0,0,2,1,0,0,1,90.19315243097773,1,I-2
1,1,0,0,2,1,0,0,1,57.36987190718318,2,I-1
2,4,2,1,3,4,1,1,3,3319.3318667051194,83,II
2,4,2,1,3,4,1,1,3,4566.25370244411,60,II
2,4,3,1,3,4,1,1,3,7160.955761537788,90,II
1,3,0,1,3,3,1,1,2,924.6790124184586,18,I-3
2,4,3,1,3,4,1,1,3,4929.297234180545,46,II
1,3,0,1,3,4,1,1,2,926.1152788307795,19,I-3
1,1,0,0,1,1,0,0,1,84.04441186035268,2,I-1
1,3,0,1,3,4,1,1,1,623.5724905994905,10,I-3
1,3,2,1,3,3,1,1,2,1260.3582162271596,25,I-4
1,3,0,1,3,3,1,1,2,1239.607969000137,13,I-3
1,7,0,1,3,2,1,1,2,927.78977978117,13,I-3
1,2,0,0,2,1,1,0,1,75.66171991760696,1,I-2
1,3,0,1,3,4,1,1,1,990.4464599209755,13,I-3
1,3,0,1,3,2,1,1,2,1473.6921348501987,16,I-3
1,2,0,0,2,2,0,0,1,79.17128710844855,1,I-2
1,1,0,0,1,1,0,0,1,40.966493112960215,2,I-1
2,4,3,1,3,4,1,1,3,7479.060506992893,56,II
1,3,0,1,3,3,1,1,2,1006.7700407177881,8,I-3
1,1,0,0,2,1,0,0,1,60.3396382096944,1,I-1
3,6,3,1,3,5,1,2,3,11383.99223221966,113,III
2,7,3,1,3,4,1,1,3,3218.423557520373,99,II
1,7,0,0,2,1,0,0,1,94.14406609831113,4,I-1
1,3,2,1,3,4,1,1,2,1513.3983891846192,27,I-4
1,3,2,1,3,4,1,1,2,2054.42132292536,20,I-4
1,2,0,0,2,1,0,0,1,75.72677832100779,1,I-2
1,2,0,0,2,2,0,0,1,116.61391302941863,1,I-2
1,1,0,0,1,1,0,0,1,95.21181916445644,1,I-1
1,2,0,0,3,2,1,0,1,64.96002227919254,1,I-2
1,1,0,0,2,1,0,0,1,99.53451489166733,2,I-1
1,1,0,0,2,0,0,0,1,41.73980466015688,1,I-1
3,6,3,1,3,5,1,2,3,10571.261711723115,118,III
1,3,2,1,3,3,1,1,2,1358.1488410059599,24,I-4
3,6,3,1,3,5,1,2,3,16683.313253095417,184,III
1,3,0,1,3,2,1,1,1,850.2366143270767,10,I-3
2,4,3,1,3,4,1,1,2,7584.032890373882,97,II
1,1,0,0,2,0,0,0,1,62.413977162344835,1,I-1
2,4,2,1,3,4,1,1,2,7570.782308267506,54,II
2,4,3,1,3,4,1,1,3,6490.584620417618,54,II
1,3,0,1,3,3,1,1,2,674.6500654553681,15,I-3
1,7,0,1,3,2,1,1,1,686.4966903795189,18,I-3
3,6,3,1,3,5,1,2,3,12381.004079412809,240,III
1,7,0,0,2,1,0,0,1,180.77993687764172,1,I-2
1,3,2,1,3,4,1,1,2,2098.4358511385444,22,I-4
1,1,0,0,2,1,0,0,1,89.84137631188085,1,I-1
1,3,0,1,3,2,1,1,1,1070.8530255443127,16,I-3
1,1,0,0,2,0,0,0,1,49.45003288454823,1,I-1
1,1,0,0,1,0,0,0,1,61.41399323048529,1,I-1
1,3,0,1,3,3,1,1,2,1167.601713583235,9,I-3
1,3,1,1,3,4,1,1,2,1583.8995952135724,16,I-4
2,4,2,1,3,4,1,1,2,4571.925205337292,62,II
1,2,0,0,3,1,0,0,1,74.74501873115327,1,I-2
1,3,1,1,3,3,1,1,2,1007.9862858565964,21,I-4
2,4,3,1,3,4,1,1,3,5809.906708131896,89,II
1,2,0,0,2,1,0,0,1,99.27397147341588,1,I-2
3,5,3,1,3,5,1,2,3,15102.972853028841,265,III
1,3,0,1,3,2,1,1,1,774.9791919736401,11,I-3
1,1,0,0,2,1,0,0,1,81.2423479454684,2,I-1
1,2,0,0,2,2,0,0,1,93.20566204722408,1,I-2
1,1,0,0,2,0,0,0,1,96.55658260951932,2,I-1
1,3,0,1,3,2,1,1,1,1179.8108916013302,11,I-3
1,3,0,1,3,2,1,1,1,1290.7730637320342,15,I-3
1,1,0,0,1,1,0,0,1,71.52162890916988,1,I-1
2,4,3,1,3,4,1,1,2,5660.663697911762,96,II
1,3,1,1,3,3,1,1,2,1429.9908719305345,28,I-4
1,3,0,1,3,2,1,1,1,590.1136329341446,13,I-3
1,1,0,0,2,0,0,0,1,79.53656763608456,1,I-1
2,4,3,1,3,4,1,1,3,3506.325904937048,66,II
1,3,0,1,3,3,1,1,2,1496.990502812551,14,I-3
1,2,0,0,3,1,0,0,1,87.25624346162552,1,I-2
2,4,2,1,3,4,1,1,3,6678.589933890549,49,II
3,5,3,1,3,5,1,2,3,19712.84703238285,293,III
1,3,0,1,3,3,1,1,2,1017.4325598129631,19,I-3
3,6,3,1,3,5,1,2,3,11692.690272372452,206,III
1,1,0,0,1,0,0,0,1,97.03563795586746,2,I-1
3,6,3,1,3,5,1,2,3,10414.075605366808,138,III
3,5,3,1,3,5,1,2,3,12712.82137069073,115,III
1,1,0,0,2,0,0,0,1,95.82199947409177,1,I-1
1,1,0,0,1,0,0,0,1,65.37210454354522,2,I-1
1,3,2,1,3,4,1,1,2,1784.887769407986,29,I-4
2,4,2,1,3,4,1,1,3,5349.227174918375,89,II
2,4,2,1,3,4,1,1,2,6125.133939051644,93,II
3,5,3,1,3,5,1,2,3,12546.645083991263,223,III
1,1,0,0,2,1,0,0,1,70.79319854966913,1,I-1
1,3,0,1,3,4,1,1,2,878.196349528219,15,I-3
1,3,0,1,3,4,1,1,2,688.3682320670698,9,I-3
3,6,3,1,3,5,1,2,3,10671.790822721425,208,III
1,2,0,0,3,1,1,0,1,62.509297427187924,1,I-2
1,3,2,1,3,3,1,1,2,1965.8409126598153,21,I-4
3,6,3,1,3,5,1,2,3,13137.3628369669,266,III
3,5,3,1,3,5,1,2,3,16630.136288623755,211,III
1,3,2,1,3,3,1,1,2,1366.924411078399,19,I-4
2,4,3,1,3,4,1,1,3,5933.657636948759,82,II
1,3,1,1,3,3,1,1,2,1926.0313764821008,26,I-4
1,3,0,1,3,3,1,1,2,670.2691371285943,13,I-3
1,3,0,1,3,2,1,1,1,909.1966437856497,9,I-3
2,4,3,1,3,4,1,1,3,7091.576058271358,43,II
1,1,0,0,2,0,0,0,1,76.29700078886225,1,I-1
1,2,0,0,3,2,0,0,1,80.010741219772,1,I-2
1,2,0,0,3,1,0,0,1,80.91054898692514,1,I-2
1,1,0,0,2,0,0,0,1,41.81759358877754,2,I-1
1,1,0,0,1,0,0,0,1,53.9115768329709,1,I-1
3,7,3,1,3,5,1,2,3,5716.995644866239,122,III
1,3,0,1,3,2,1,1,2,1202.097188379491,15,I-3
2,7,2,1,3,4,1,1,2,6885.252602327978,66,II
1,3,0,1,3,3,1,1,2,980.980246046328,13,I-3
1,1,0,0,2,1,0,0,1,80.71284048508963,1,I-1
1,3,0,1,3,3,1,1,2,976.3382934943661,10,I-3
1,3,0,1,3,4,1,1,2,1426.8067091100406,10,I-3
1,3,1,1,3,3,1,1,2,1096.4788347903752,17,I-4
