categoria_estrellas,tipo_especial,num_pisos,tiene_sotano,num_habitaciones,capacidad_ocupantes,uso_mixto,tiene_estacionamiento,estacionamiento_en_sotano,area_estacionamiento,subfuncion
2,0,8,0,107,131,1,1,0,0.0,3.3
3,0,2,0,298,395,1,1,1,724.7564316322379,3.4
1,1,3,0,248,514,1,0,0,0.0,3.1
0,1,9,0,246,786,1,1,1,883.2635188254582,3.4
4,1,1,1,6,399,1,1,1,1042.2847745949985,3.4
2,1,8,0,256,711,1,1,1,1028.7375091519293,3.4
1,1,9,1,69,530,0,1,1,1015.4614284548342,3.4
3,0,5,0,45,37,0,0,0,0.0,3.3
0,0,3,0,218,556,0,1,0,0.0,3.1
3,1,9,0,46,470,1,0,0,0.0,3.3
3,1,5,1,241,664,0,1,1,489.75145291376805,3.3
5,0,9,1,288,37,1,1,0,0.0,3.3
1,0,7,0,287,642,0,0,0,0.0,3.4
2,0,1,1,176,673,0,1,1,903.0189588951779,3.4
5,1,7,0,117,622,1,1,1,702.6790232288615,3.4
1,0,1,1,134,62,0,0,0,0.0,3.2
3,1,8,1,259,303,1,0,0,0.0,3.3
2,0,9,0,263,669,1,1,0,0.0,3.3
2,1,9,0,132,560,0,1,1,313.4735212405891,3.3
4,1,7,0,116,581,1,0,0,0.0,3.3
3,1,7,0,103,668,0,0,0,0.0,3.3
3,1,1,1,108,263,1,1,1,205.0615838462187,3.1
2,1,9,1,72,407,1,0,0,0.0,3.3
4,0,1,0,26,759,0,0,0,0.0,3.1
5,1,2,0,101,293,0,0,0,0.0,3.1
2,1,3,0,21,181,0,0,0,0.0,3.1
2,0,5,0,185,616,0,0,0,0.0,3.3
2,0,3,1,285,744,0,0,0,0.0,3.2
1,0,2,0,108,402,0,1,1,1009.3611554785136,3.4
4,0,7,0,177,29,0,0,0,0.0,3.3
4,1,2,1,219,60,0,1,1,790.8332605690108,3.4
0,1,5,0,57,581,1,0,0,0.0,3.3
0,1,3,0,148,278,0,0,0,0.0,3.4
1,1,7,1,121,136,0,1,1,356.43704267108603,3.3
2,0,8,0,276,198,0,1,1,619.6000624277899,3.4
2,0,6,1,224,78,1,1,0,0.0,3.3
0,0,5,0,293,263,0,1,1,835.0936508676438,3.3
0,1,1,0,8,25,1,0,0,0.0,3.4
3,1,8,0,167,389,1,0,0,0.0,3.3
3,0,1,0,47,565,1,1,1,238.96313231023362,3.1
2,0,8,0,94,427,1,1,1,548.3366044531974,3.4
0,0,5,0,168,403,0,1,1,931.6477552996403,3.4
1,0,1,0,283,226,1,1,1,696.5611906830777,3.4
1,1,1,1,237,85,1,0,0,0.0,3.1
2,0,5,1,29,478,0,0,0,0.0,3.3
0,0,7,0,126,142,0,1,0,0.0,3.3
3,0,1,1,11,183,0,1,0,0.0,3.2
0,0,6,0,149,520,0,1,1,908.1811955831998,3.4
2,1,3,1,177,662,0,1,0,0.0,3.1
4,0,3,0,194,514,1,1,0,0.0,3.1
5,1,5,1,217,212,0,1,1,275.43454708976924,3.3
1,0,5,0,263,665,0,0,0,0.0,3.3
0,1,8,0,12,131,1,1,1,783.6561118508721,3.4
5,1,6,1,205,733,0,1,1,276.20037959916317,3.3
2,0,9,0,290,251,0,1,1,977.6022837352256,3.4
5,1,5,0,221,698,0,1,1,473.40707193070625,3.3
4,0,5,0,263,446,0,0,0,0.0,3.3
2,0,9,1,55,694,0,1,1,818.1282404578958,3.4
1,0,2,0,263,315,0,1,1,1076.6536026583449,3.4
1,0,5,0,79,444,0,0,0,0.0,3.3
3,0,3,0,253,175,0,0,0,0.0,3.1
2,0,5,0,142,193,0,0,0,0.0,3.3
0,0,2,0,239,52,1,1,1,328.04583895777245,3.1
1,1,8,0,285,204,0,1,0,0.0,3.3
1,0,5,0,174,543,1,1,1,406.3337184057925,3.3
2,0,9,1,51,130,0,1,1,577.2859652420725,3.4
4,0,3,1,211,312,1,1,1,568.9136395697724,3.4
3,1,8,1,7,632,0,0,0,0.0,3.2
2,1,3,1,123,494,1,1,0,0.0,3.1
2,0,1,0,29,589,1,0,0,0.0,3.1
3,0,8,0,240,604,1,1,0,0.0,3.3
1,1,6,0,293,446,1,1,1,360.6813732595557,3.3
1,0,7,1,35,49,0,0,0,0.0,3.3
3,1,4,1,122,615,1,0,0,0.0,3.1
3,0,3,0,137,335,0,0,0,0.0,3.1
3,1,1,0,42,148,0,1,1,569.2304815098962,3.4
2,0,2,0,134,605,1,0,0,0.0,3.1
3,1,1,0,240,343,0,0,0,0.0,3.1
2,0,8,0,64,358,1,0,0,0.0,3.3
1,0,5,0,82,419,0,1,1,882.9820634171324,3.4
3,1,6,0,67,152,0,1,1,731.857479688174,3.4
1,1,6,0,183,563,1,0,0,0.0,3.3
2,1,4,0,101,420,0,1,1,962.4586857406905,3.4
2,0,4,0,188,24,0,1,1,922.2525683930663,3.4
3,1,4,0,287,78,0,0,0,0.0,3.1
1,0,8,0,115,625,0,0,0,0.0,3.3
3,0,8,0,96,387,1,1,1,1040.439631980423,3.4
1,0,5,1,186,10,0,1,1,599.0027038701303,3.4
2,1,9,1,295,584,0,0,0,0.0,3.3
2,1,2,0,132,772,1,1,1,618.9254495045479,3.4
2,1,6,1,53,93,0,1,0,0.0,3.3
1,0,7,0,215,327,1,1,1,672.0669451099993,3.4
0,1,2,0,117,123,0,0,0,0.0,3.1
2,1,3,0,91,64,1,0,0,0.0,3.1
0,1,8,1,259,337,1,0,0,0.0,3.3
3,0,3,1,82,297,0,0,0,0.0,3.2
3,0,7,0,11,339,1,1,1,381.43543508979735,3.3
2,0,1,0,15,755,0,1,1,1030.65450656525,3.4
3,0,2,0,284,602,0,1,0,0.0,3.1
2,1,1,1,44,246,0,1,1,621.7039345532818,3.4
5,0,7,0,150,137,1,1,1,754.1780025157934,3.4
4,0,6,1,291,655,0,1,1,694.2738501382714,3.4
4,0,2,1,197,702,0,1,1,488.69373677069984,3.2
3,1,6,0,115,673,0,0,0,0.0,3.3
0,1,3,0,205,163,0,1,1,612.7935506067522,3.4
3,0,7,1,233,117,0,1,1,560.9738969400269,3.4
5,0,1,0,16,327,0,0,0,0.0,3.1
3,0,6,0,204,546,0,0,0,0.0,3.3
0,0,7,0,286,95,0,1,1,497.3490073725508,3.3
5,0,2,0,107,282,0,1,1,681.0618838440864,3.4
2,0,7,0,43,536,0,1,1,937.855766906525,3.4
2,1,2,1,174,555,1,0,0,0.0,3.1
5,1,7,1,33,486,1,1,1,471.6869710690041,3.3
0,1,5,0,181,12,0,1,0,0.0,3.3
3,0,5,0,77,408,1,0,0,0.0,3.3
5,0,5,1,202,449,0,0,0,0.0,3.3
5,1,4,1,152,584,1,0,0,0.0,3.2
0,0,9,1,263,783,0,0,0,0.0,3.3
2,1,1,1,182,71,0,0,0,0.0,3.1
3,0,9,0,102,276,0,1,1,1088.7480798689771,3.4
4,0,8,0,230,133,1,1,0,0.0,3.3
0,1,5,0,118,49,0,1,0,0.0,3.3
3,1,1,0,151,345,0,0,0,0.0,3.1
3,1,9,0,195,676,0,1,0,0.0,3.3
0,0,5,0,86,365,0,0,0,0.0,3.3
1,0,1,0,227,709,1,0,0,0.0,3.1
1,0,9,0,64,344,0,1,0,0.0,3.3
0,1,1,0,197,31,0,1,0,0.0,3.1
5,1,3,0,11,38,1,1,1,970.4074178077932,3.4
2,0,4,0,43,280,0,0,0,0.0,3.1
0,1,6,1,199,391,1,1,0,0.0,3.3
3,1,9,0,261,579,0,1,1,231.13408288451137,3.3
2,1,8,1,149,614,0,0,0,0.0,3.3
3,1,5,0,50,536,0,1,1,885.5652872289713,3.4
1,0,6,0,121,395,0,1,1,211.62053990810062,3.3
2,1,9,0,106,434,1,1,1,442.04501586252746,3.3
1,1,4,0,246,11,0,0,0,0.0,3.1
4,0,6,0,170,99,0,0,0,0.0,3.3
1,0,8,0,127,18,0,1,1,909.0605194509164,3.4
3,1,7,0,212,399,0,1,1,726.4026609361132,3.4
0,1,7,0,29,310,0,1,1,944.2790655949556,3.4
2,1,2,1,215,671,1,1,1,281.5264895524267,3.1
1,0,7,0,217,168,0,0,0,0.0,3.3
3,1,8,0,100,626,0,0,0,0.0,3.3
4,0,4,0,247,380,1,1,1,665.8128070202486,3.4
1,0,8,0,91,307,1,0,0,0.0,3.3
4,0,9,1,115,23,0,1,1,363.5238725850228,3.3
5,0,3,0,168,310,1,1,0,0.0,3.1
2,0,9,0,280,785,0,0,0,0.0,3.3
1,0,5,0,208,174,0,0,0,0.0,3.3
4,1,4,1,134,520,1,1,1,424.70117697268,3.2
0,0,1,0,16,499,1,1,1,217.37979018547964,3.1
5,1,2,0,298,160,1,1,0,0.0,3.1
3,0,5,1,268,678,0,0,0,0.0,3.3
3,0,2,1,30,657,0,0,0,0.0,3.2
3,1,1,0,291,663,1,0,0,0.0,3.1
3,0,6,0,165,690,0,0,0,0.0,3.3
1,1,4,0,106,503,0,1,0,0.0,3.1
2,0,1,1,93,734,1,1,1,895.4672066898622,3.4
2,0,1,0,106,276,0,0,0,0.0,3.1
2,1,5,0,121,230,1,1,1,780.1723692273323,3.4
3,0,5,1,121,133,0,0,0,0.0,3.3
1,0,6,1,56,503,1,0,0,0.0,3.3
2,1,2,0,81,653,0,1,1,1059.4157932805892,3.4
1,0,8,0,267,394,1,1,1,202.5840148449824,3.3
2,1,9,0,275,19,1,1,0,0.0,3.3
3,1,5,0,156,540,0,0,0,0.0,3.3
3,0,1,0,73,696,1,0,0,0.0,3.1
2,0,3,0,164,532,1,1,1,696.7668588591694,3.4
1,0,2,0,129,176,0,1,1,1018.7070571192328,3.4
2,0,4,1,168,82,1,1,1,269.4238427460934,3.2
0,0,5,1,204,571,0,1,1,390.3248628190678,3.3
2,0,3,0,290,125,1,1,0,0.0,3.1
3,0,7,0,162,642,0,1,1,1181.2363743443038,3.4
2,1,3,1,9,257,0,0,0,0.0,3.1
3,0,8,0,165,793,0,1,1,317.64902847355864,3.3
2,0,5,0,253,458,1,1,1,800.5943333606173,3.4
5,1,6,0,248,499,0,1,1,827.9500527726358,3.4
2,1,7,0,77,408,0,1,1,546.0997265377855,3.4
3,0,2,1,293,173,0,1,0,0.0,3.2
2,1,9,0,145,126,1,1,1,432.5513583653801,3.3
3,1,4,0,164,52,0,0,0,0.0,3.1
0,1,2,0,134,391,0,1,1,1183.6789252634135,3.4
1,0,3,1,256,618,0,0,0,0.0,3.2
3,1,4,0,235,699,1,0,0,0.0,3.1
1,1,6,0,233,607,0,1,1,618.5806216239353,3.4
3,0,8,0,69,22,1,1,0,0.0,3.3
5,1,1,1,192,404,0,0,0,0.0,3.2
2,1,2,0,256,603,0,1,1,659.4467684059866,3.4
4,0,1,0,133,139,0,1,0,0.0,3.4
3,1,7,0,218,209,1,0,0,0.0,3.3
4,0,1,0,12,209,1,0,0,0.0,3.1
0,0,5,0,236,375,0,0,0,0.0,3.3
3,1,5,0,12,329,0,1,1,1098.9008240062353,3.4
1,0,2,0,53,391,1,1,0,0.0,3.1
4,0,5,1,262,383,0,0,0,0.0,3.3
3,0,1,0,187,674,1,1,1,363.6838014653015,3.1
5,1,3,0,126,553,1,0,0,0.0,3.1
2,0,5,0,242,656,1,1,1,953.1873359134028,3.4
2,0,2,1,217,472,1,0,0,0.0,3.2
1,1,6,0,193,362,0,1,1,888.8853020500907,3.4
3,0,8,0,148,593,1,0,0,0.0,3.3
0,0,2,1,14,414,0,0,0,0.0,3.2
2,0,9,0,90,243,0,1,0,0.0,3.3
5,0,4,0,247,744,1,0,0,0.0,3.1
2,0,4,0,28,236,1,0,0,0.0,3.3
0,1,9,0,277,128,0,1,0,0.0,3.3
1,1,4,1,28,171,0,0,0,0.0,3.3
2,1,6,0,80,551,0,1,0,0.0,3.3
2,0,7,1,120,122,0,0,0,0.0,3.3
5,0,1,0,264,669,0,1,1,1039.8022856356172,3.4
3,0,9,0,142,59,1,0,0,0.0,3.3
3,0,3,0,39,311,1,1,1,680.9060007530696,3.4
5,1,6,0,130,752,0,0,0,0.0,3.3
0,0,6,1,192,578,0,0,0,0.0,3.3
0,1,6,1,167,229,0,0,0,0.0,3.3
2,0,6,1,232,705,1,0,0,0.0,3.3
2,0,1,0,74,648,1,0,0,0.0,3.1
1,0,8,1,169,323,0,1,0,0.0,3.3
2,1,9,0,165,187,0,1,1,883.7541055770425,3.4
5,0,2,0,47,690,0,1,1,426.14705158994076,3.1
2,0,2,0,61,75,1,0,0,0.0,3.1
3,1,8,0,298,580,0,1,0,0.0,3.3
1,1,4,0,218,664,1,0,0,0.0,3.1
4,1,9,0,288,35,0,1,1,543.6631926091031,3.4
2,1,6,0,283,610,1,1,1,395.609273044515,3.3
0,1,9,0,89,81,0,1,0,0.0,3.3
1,1,6,0,267,396,1,0,0,0.0,3.3
2,1,1,1,12,622,0,0,0,0.0,3.1
3,1,9,0,20,138,0,0,0,0.0,3.3
3,1,6,0,63,256,1,0,0,0.0,3.3
0,1,2,1,137,236,1,0,0,0.0,3.1
2,1,9,0,217,737,0,0,0,0.0,3.3
1,0,8,1,167,701,0,0,0,0.0,3.3
3,0,5,0,275,298,1,0,0,0.0,3.3
3,1,7,1,152,133,0,1,1,540.380092666675,3.4
1,0,3,0,146,469,1,0,0,0.0,3.1
4,1,1,0,223,416,1,1,1,426.73038292351066,3.1
1,1,4,1,274,163,0,1,0,0.0,3.1
4,1,9,0,177,336,0,1,1,732.6758867615549,3.4
2,0,4,1,290,274,1,1,1,798.3574842977588,3.4
1,0,4,1,268,523,0,1,0,0.0,3.2
0,0,1,1,272,44,1,0,0,0.0,3.2
3,1,5,0,205,454,1,0,0,0.0,3.3
5,0,7,0,80,183,0,0,0,0.0,3.3
2,0,3,0,161,188,1,1,1,584.5113276448126,3.4
3,0,8,0,261,593,0,1,1,561.8530932051387,3.4
0,1,1,0,113,762,0,1,1,674.2884204312605,3.4
2,0,1,1,47,413,1,1,0,0.0,3.2
2,1,6,0,269,353,1,0,0,0.0,3.3
2,0,7,0,271,503,0,1,1,594.5760755976464,3.4
2,0,5,1,244,310,0,0,0,0.0,3.3
4,0,7,1,150,333,1,1,1,321.02500048519306,3.3
3,0,3,0,262,114,0,0,0,0.0,3.1
2,1,6,1,43,549,1,0,0,0.0,3.3
2,1,8,0,272,428,0,1,1,1110.1346367821343,3.4
1,0,7,0,298,286,0,1,1,475.3811742554185,3.3
3,1,2,0,199,165,0,0,0,0.0,3.1
4,0,9,1,171,299,1,1,1,1090.0970351838082,3.4
1,0,2,0,130,404,1,0,0,0.0,3.1
2,1,8,0,35,397,1,0,0,0.0,3.3
5,1,4,1,238,572,1,0,0,0.0,3.2
1,0,5,0,39,96,0,0,0,0.0,3.3
0,1,4,1,228,287,0,1,1,741.704812410004,3.4
4,1,3,0,113,572,1,1,1,435.0372148038251,3.1
2,0,8,0,115,148,1,0,0,0.0,3.3
2,0,8,0,169,529,1,1,1,427.74973610320956,3.3
5,1,6,0,144,255,1,0,0,0.0,3.3
3,1,9,0,16,591,1,1,0,0.0,3.3
4,0,4,1,220,416,1,1,1,777.2790292331313,3.4
5,0,3,0,243,781,0,1,0,0.0,3.1
0,0,1,1,151,584,0,1,1,826.5925110932102,3.4
0,0,6,0,58,329,1,1,0,0.0,3.3
1,0,3,0,268,122,1,1,1,541.7824047367617,3.4
0,0,8,0,192,137,0,0,0,0.0,3.3
1,0,2,1,264,423,1,1,1,832.0898295062423,3.4
3,0,3,0,20,75,1,1,0,0.0,3.1
0,0,8,1,294,304,0,1,1,466.16801251553744,3.3
2,0,1,0,273,542,1,1,0,0.0,3.1
3,0,4,0,56,669,0,1,0,0.0,3.1
4,1,7,0,16,640,1,0,0,0.0,3.3
3,0,1,0,245,163,0,1,0,0.0,3.1
2,0,9,1,160,660,0,1,1,1066.5479817490868,3.4
5,1,3,0,116,577,0,1,1,693.8140404569288,3.4
3,0,7,1,239,22,1,1,1,876.1082314144111,3.4
1,1,3,0,297,110,0,1,0,0.0,3.1
1,1,9,1,17,219,0,1,0,0.0,3.3
4,0,4,0,177,758,1,1,1,938.5974581323306,3.4
3,0,8,0,69,365,1,1,1,1023.3094298207178,3.4
2,0,5,0,262,407,0,1,1,730.9376784120939,3.4
0,1,9,0,192,239,0,1,1,419.80534882319,3.3
4,0,9,1,138,400,1,1,0,0.0,3.3
2,1,5,0,139,237,0,1,0,0.0,3.3
3,0,6,1,108,204,0,0,0,0.0,3.3
2,1,7,0,8,611,0,1,1,850.9573351180726,3.4
3,0,1,1,203,371,0,0,0,0.0,3.2
1,0,5,0,72,421,0,0,0,0.0,3.3
2,1,9,0,178,251,0,0,0,0.0,3.3
1,0,2,0,230,24,1,0,0,0.0,3.1
3,0,3,1,97,529,1,1,0,0.0,3.2
3,1,6,1,72,261,0,0,0,0.0,3.3
3,1,5,0,23,320,1,1,1,1029.3916269585125,3.4
2,0,5,0,251,529,1,1,0,0.0,3.3
3,0,4,0,97,95,0,0,0,0.0,3.1
2,1,5,1,256,331,0,0,0,0.0,3.3
1,0,3,0,177,19,0,1,0,0.0,3.1
2,0,7,0,121,615,0,0,0,0.0,3.3
2,0,4,0,185,100,0,0,0,0.0,3.1
4,1,4,1,207,50,1,1,1,1066.7703545060003,3.4
5,0,8,0,103,597,0,1,1,1094.0943025332508,3.4
4,0,4,0,88,408,0,1,1,495.69467404160423,3.1
0,0,4,1,199,376,0,0,0,0.0,3.2
3,0,4,1,185,257,1,0,0,0.0,3.2
2,0,9,0,192,575,1,0,0,0.0,3.3
1,0,4,1,183,351,0,0,0,0.0,3.2
3,0,5,0,34,711,0,1,1,325.3564757923856,3.3
5,1,7,1,26,222,0,1,1,614.4697155393433,3.4
0,0,9,1,14,735,1,0,0,0.0,3.3
3,0,5,1,195,738,1,0,0,0.0,3.3
1,1,6,0,171,518,0,1,0,0.0,3.3
2,1,4,1,67,570,0,1,0,0.0,3.1
2,1,4,0,47,428,1,0,0,0.0,3.1
2,1,8,0,172,348,0,1,1,318.49235876840055,3.3
3,1,9,1,155,523,0,0,0,0.0,3.3
1,1,2,0,87,188,1,0,0,0.0,3.1
2,0,5,0,101,526,0,1,1,983.7598424841073,3.4
2,1,6,0,51,688,0,0,0,0.0,3.3
3,1,6,0,33,347,0,0,0,0.0,3.2
2,0,2,0,173,91,0,1,1,597.6123785528705,3.4
1,0,3,1,128,595,0,1,1,372.11060282277765,3.2
0,0,6,0,88,492,0,1,1,1165.015369454472,3.4
3,0,6,0,104,68,0,0,0,0.0,3.3
1,0,5,0,154,569,1,0,0,0.0,3.3
2,0,1,1,72,16,1,1,0,0.0,3.2
4,0,6,0,149,379,0,1,0,0.0,3.3
4,1,9,0,252,794,0,0,0,0.0,3.3
1,0,5,0,51,584,1,1,1,1111.1682851800792,3.4
2,0,1,0,98,313,1,0,0,0.0,3.1
2,0,8,1,95,759,1,0,0,0.0,3.3
1,1,9,0,288,703,0,1,0,0.0,3.3
4,1,6,0,118,261,1,0,0,0.0,3.3
2,1,9,1,218,265,0,1,1,410.0293495162816,3.3
3,0,9,1,42,350,1,1,1,864.2193849889683,3.4
4,1,3,1,73,138,1,1,1,735.5538148796726,3.4
2,1,8,0,36,576,0,1,1,705.6341534219589,3.4
4,0,9,1,113,556,1,1,0,0.0,3.3
2,1,9,1,289,248,0,1,1,429.59816075396867,3.3
1,0,2,0,112,27,1,1,1,614.2009255718303,3.4
4,0,3,1,205,243,0,1,1,591.0328691273987,3.4
1,1,8,0,141,184,0,0,0,0.0,3.3
2,0,1,1,145,767,0,1,0,0.0,3.2
2,0,7,1,286,26,1,1,0,0.0,3.3
2,0,1,1,21,180,1,1,1,828.4264566145871,3.4
1,0,6,0,124,102,0,0,0,0.0,3.3
2,0,7,0,151,438,0,1,1,847.7742329503421,3.4
1,1,9,0,224,125,0,1,1,1003.8145451934467,3.4
5,1,3,1,186,215,1,1,1,664.2385197392249,3.4
3,1,2,0,53,357,0,1,1,248.65766366171331,3.1
2,0,5,0,299,489,0,1,1,820.4737850519706,3.4
1,0,6,0,219,798,0,0,0,0.0,3.3
3,0,6,0,108,68,1,1,0,0.0,3.3
3,1,1,0,182,405,0,1,0,0.0,3.1
2,0,3,0,226,70,1,1,1,894.6409588937278,3.4
3,0,7,0,211,397,0,0,0,0.0,3.3
3,1,1,0,261,686,1,1,0,0.0,3.1
3,0,6,0,191,513,1,0,0,0.0,3.3
4,0,8,1,186,777,0,0,0,0.0,3.3
5,1,3,0,167,360,1,1,1,222.4258891620551,3.1
3,1,5,1,170,424,0,0,0,0.0,3.3
0,1,3,0,201,134,0,1,0,0.0,3.1
2,0,9,1,215,660,0,1,1,411.6358985698612,3.3
5,1,6,0,170,23,1,1,1,877.5316138836847,3.4
5,0,5,1,63,520,0,1,1,947.7943497593724,3.4
2,1,6,0,213,102,0,1,1,224.96622212005718,3.3
2,1,6,0,188,99,0,1,1,477.0125243259788,3.3
3,1,8,0,152,17,1,1,0,0.0,3.3
1,1,7,0,243,164,0,1,0,0.0,3.3
0,0,1,0,123,273,0,0,0,0.0,3.1
2,0,7,0,277,73,0,1,1,989.4094219135857,3.4
1,1,4,1,220,573,0,1,0,0.0,3.1
1,1,8,1,114,201,1,1,1,456.46306101676595,3.3
3,1,5,1,8,232,0,1,0,0.0,3.3
0,1,5,0,270,433,1,1,1,374.24340164537955,3.3
2,0,9,0,185,193,1,1,1,747.2375204206431,3.4
3,0,7,0,36,402,0,1,1,670.8673562231768,3.4
3,1,7,1,52,27,1,0,0,0.0,3.3
2,0,1,0,81,197,0,0,0,0.0,3.1
3,0,6,1,124,229,1,0,0,0.0,3.3
2,0,6,0,76,194,0,1,0,0.0,3.3
2,1,5,1,131,296,1,0,0,0.0,3.3
1,0,2,1,209,346,1,1,1,293.7765262570165,3.2
5,0,7,1,268,324,1,0,0,0.0,3.3
2,0,7,0,214,520,0,0,0,0.0,3.3
2,0,5,0,116,576,0,1,1,668.3301859338135,3.4
1,1,1,0,141,703,0,0,0,0.0,3.1
1,1,1,0,76,676,1,1,0,0.0,3.1
3,1,1,1,225,734,0,0,0,0.0,3.1
0,0,3,0,237,236,0,1,1,493.77590617439074,3.3
1,0,6,0,32,559,0,0,0,0.0,3.3
1,1,4,0,62,297,0,1,1,994.4808178535061,3.4
1,1,1,1,101,456,0,0,0,0.0,3.1
1,1,9,1,188,597,1,1,1,1113.2326804214563,3.4
0,0,9,0,14,220,0,0,0,0.0,3.3
0,1,9,0,286,696,0,0,0,0.0,3.3
5,0,6,1,162,387,0,0,0,0.0,3.3
1,0,1,1,257,152,0,1,0,0.0,3.2
3,0,5,0,116,373,0,0,0,0.0,3.3
4,1,8,0,184,721,0,0,0,0.0,3.3
3,0,8,1,201,594,0,0,0,0.0,3.3
3,1,7,1,224,615,1,0,0,0.0,3.3
2,1,9,0,282,561,0,1,1,888.7625408113654,3.4
3,1,8,1,277,538,0,1,0,0.0,3.3
5,1,8,0,287,278,0,1,0,0.0,3.3
5,0,7,0,30,14,1,1,1,819.2390320535817,3.4
5,0,7,0,23,584,0,0,0,0.0,3.3
2,1,3,0,48,326,0,0,0,0.0,3.1
2,1,6,0,243,196,1,0,0,0.0,3.3
1,0,2,0,250,145,0,0,0,0.0,3.1
1,1,3,0,129,322,1,1,1,243.05240271566856,3.1
2,0,7,0,126,503,1,0,0,0.0,3.3
2,0,9,0,216,15,1,1,1,206.37904340659068,3.3
5,1,1,0,218,513,0,0,0,0.0,3.1
3,1,3,0,80,608,0,1,1,398.09551672028954,3.1
4,0,4,0,34,290,1,1,1,957.2829782755007,3.4
0,0,7,0,29,343,1,1,1,434.9942775346916,3.3
5,0,2,0,58,340,0,1,0,0.0,3.1
5,0,4,0,134,483,1,0,0,0.0,3.1
5,1,1,1,296,529,0,1,1,537.4542789642289,3.4
0,0,7,1,128,390,0,1,1,729.9405869302329,3.4
3,0,7,1,152,290,1,1,1,879.6972168333452,3.4
0,0,3,0,145,436,0,1,0,0.0,3.1
1,1,3,0,120,248,0,1,1,305.59154597664,3.3
3,0,6,0,294,598,0,1,0,0.0,3.3
3,1,9,0,99,190,0,1,1,818.772077041005,3.4
2,0,8,0,8,336,1,0,0,0.0,3.1
2,0,5,0,110,781,1,1,0,0.0,3.3
4,1,3,0,186,665,1,1,1,343.3953700108925,3.2
3,0,8,0,46,312,1,1,1,1049.4464062257355,3.1
5,0,9,0,77,597,1,0,0,0.0,3.3
4,1,2,0,128,685,1,1,1,1165.3027236303997,3.4
4,1,4,0,284,631,1,0,0,0.0,3.1
5,1,6,1,40,694,1,1,1,1100.2641112020704,3.4
3,1,4,0,199,672,1,1,1,861.8345851139982,3.4
3,1,1,0,146,326,1,1,1,1031.5183331122234,3.4
3,0,4,0,260,215,1,1,0,0.0,3.1
1,0,4,0,205,335,0,1,1,1188.8355313891643,3.4
2,0,4,1,100,596,0,0,0,0.0,3.2
0,1,4,0,197,67,0,1,1,1059.5563969179368,3.4
3,0,3,0,201,484,1,1,1,1004.0956696335928,3.4
5,1,9,1,56,120,0,0,0,0.0,3.3
1,0,3,0,81,146,1,1,1,785.5876838726125,3.4
1,0,6,0,279,457,1,1,1,353.91950978290504,3.3
2,1,6,0,267,276,0,0,0,0.0,3.3
3,1,3,0,50,609,0,0,0,0.0,3.1
2,1,6,0,11,375,1,1,1,990.014841559882,3.4
3,0,9,1,168,791,1,0,0,0.0,3.3
2,1,8,0,110,516,0,1,1,261.4462901307875,3.3
5,0,2,1,142,450,0,1,1,538.0844093662614,3.4
2,0,4,0,222,269,0,1,0,0.0,3.1
2,1,4,0,127,292,0,1,1,1078.7692497929145,3.4
4,1,5,1,43,498,0,1,1,830.0931268616634,3.4
3,0,7,0,91,99,1,0,0,0.0,3.2
2,0,5,1,37,238,0,0,0,0.0,3.3
4,1,7,1,239,711,1,0,0,0.0,3.4
0,1,7,0,240,431,1,1,1,1020.4875844802748,3.4
3,0,2,0,26,459,0,0,0,0.0,3.1
3,1,7,0,224,188,0,1,1,259.5870973531437,3.3
3,1,7,0,127,396,1,1,1,251.15020562039763,3.3
2,1,3,0,126,349,0,1,1,753.2906396230001,3.4
5,0,5,1,19,623,0,0,0,0.0,3.3
2,0,8,1,16,354,1,1,1,445.8474424934003,3.3
5,0,9,1,145,564,0,1,1,870.4343337969175,3.4
2,0,8,0,224,490,1,0,0,0.0,3.2
3,0,5,1,122,376,1,1,1,531.9864714327027,3.4
2,0,7,0,39,318,0,0,0,0.0,3.3
2,0,3,0,218,672,1,1,0,0.0,3.1
3,0,3,0,184,262,1,0,0,0.0,3.1
3,0,7,0,154,537,0,0,0,0.0,3.3
0,0,8,1,69,655,1,0,0,0.0,3.3
2,0,2,0,229,322,1,1,1,269.1535677185012,3.1
1,0,4,0,141,254,0,0,0,0.0,3.1
3,0,1,1,105,767,0,1,1,488.1845259595295,3.2
5,0,6,1,79,663,1,1,1,260.9019330994933,3.4
3,0,8,0,194,10,1,1,0,0.0,3.3
4,0,3,0,29,537,1,1,1,364.62051323650485,3.1
3,0,2,0,49,655,0,1,0,0.0,3.1
3,0,9,1,92,765,1,0,0,0.0,3.3
4,0,9,1,213,281,1,1,0,0.0,3.3
4,0,4,0,193,104,1,0,0,0.0,3.1
0,0,3,0,168,385,0,1,0,0.0,3.3
2,1,7,0,155,678,1,0,0,0.0,3.3
3,0,4,0,213,502,0,0,0,0.0,3.1
1,1,3,0,196,334,1,1,1,398.63161386186914,3.1
5,1,9,0,39,192,1,0,0,0.0,3.3
0,0,9,0,236,700,1,1,0,0.0,3.3
2,0,7,0,38,557,1,0,0,0.0,3.3
3,0,7,0,156,340,0,1,1,1002.3960305536325,3.4
1,0,5,0,226,337,0,1,0,0.0,3.3
5,0,8,0,200,44,0,1,1,917.4649906119122,3.4
4,1,7,1,182,584,0,1,1,660.8983382065819,3.4
4,1,3,0,257,326,1,0,0,0.0,3.1
1,0,6,0,83,591,1,0,0,0.0,3.3
3,0,9,1,193,265,1,1,0,0.0,3.3
2,0,2,1,196,774,0,1,1,674.0062659484452,3.4
4,0,4,0,249,31,1,0,0,0.0,3.1
2,0,7,0,89,491,0,1,0,0.0,3.3
0,1,9,0,205,718,0,1,1,712.9793498209074,3.4
4,0,6,0,101,539,0,1,0,0.0,3.3
1,1,1,0,109,448,1,0,0,0.0,3.1
0,0,8,1,17,449,0,1,1,875.5867735674387,3.4
4,1,2,0,75,257,1,1,1,982.5001443802936,3.4
2,0,5,0,13,772,1,0,0,0.0,3.3
0,1,8,1,69,703,1,1,1,387.1242704105017,3.3
1,1,6,0,130,422,0,1,0,0.0,3.3
3,0,1,0,211,119,0,0,0,0.0,3.1
2,0,3,0,202,330,0,1,0,0.0,3.1
4,0,1,0,196,180,1,0,0,0.0,3.1
3,1,2,0,210,599,0,1,0,0.0,3.1
2,1,6,0,133,447,1,1,0,0.0,3.3
1,0,7,1,31,106,1,1,1,1147.7796979692298,3.4
3,0,7,0,212,343,0,0,0,0.0,3.3
3,0,9,0,75,524,0,0,0,0.0,3.3
4,0,4,0,107,19,1,1,0,0.0,3.1
1,0,3,1,174,725,0,0,0,0.0,3.2
4,0,2,0,131,301,0,1,1,612.366487274681,3.4
3,1,9,0,121,175,1,1,1,743.9731112849676,3.4
4,0,8,0,277,126,0,1,0,0.0,3.3
2,0,8,1,278,563,1,0,0,0.0,3.3
2,0,4,0,51,116,1,1,1,416.5791856272409,3.1
0,0,9,0,178,101,0,0,0,0.0,3.3
5,1,1,1,80,186,1,0,0,0.0,3.2
4,1,4,0,267,55,0,0,0,0.0,3.1
2,0,9,0,148,451,0,1,1,680.2942587913558,3.4
1,0,7,0,125,310,1,1,1,595.7776796604307,3.4
4,0,1,0,220,619,0,1,1,253.78196417737792,3.3
1,0,2,1,191,567,0,0,0,0.0,3.2
5,1,2,0,242,143,0,1,1,1042.1068624835116,3.4
2,1,6,1,57,628,1,1,1,474.1203638192007,3.3
3,0,5,1,97,538,0,0,0,0.0,3.3
3,0,8,0,123,535,1,0,0,0.0,3.3
0,0,9,0,149,744,0,1,1,366.25533034970067,3.3
3,1,2,0,134,21,0,1,1,866.6856518925131,3.4
3,0,2,0,143,645,0,1,0,0.0,3.1
0,1,6,0,153,245,1,0,0,0.0,3.3
2,0,6,0,193,565,1,0,0,0.0,3.2
3,0,6,0,270,129,0,1,1,436.6097827075073,3.3
2,1,9,0,287,595,0,0,0,0.0,3.3
3,1,7,1,184,241,0,1,1,637.8998871429123,3.4
1,0,5,1,295,444,0,1,1,515.5331806631355,3.4
2,0,7,0,143,203,0,0,0,0.0,3.3
3,1,3,0,279,288,1,1,1,619.136174442055,3.4
1,0,6,1,289,268,0,1,1,299.57971354002893,3.4
2,0,6,0,131,291,0,1,1,946.1796385522723,3.4
1,0,5,1,173,702,1,0,0,0.0,3.3
3,1,3,0,244,749,0,1,1,816.6219781652751,3.1
2,0,1,0,155,644,1,0,0,0.0,3.1
3,0,9,1,94,366,1,1,1,603.0313112827366,3.4
3,1,5,0,230,624,0,0,0,0.0,3.3
5,1,5,0,60,114,0,0,0,0.0,3.3
3,0,3,1,14,405,0,0,0,0.0,3.4
5,1,2,0,13,582,0,0,0,0.0,3.1
3,0,9,0,259,438,1,1,0,0.0,3.3
1,0,7,0,277,377,0,0,0,0.0,3.3
3,0,1,0,154,141,0,1,1,207.353044554427,3.1
3,1,2,0,181,389,1,1,0,0.0,3.1
5,1,4,0,118,763,0,1,1,617.164278975702,3.4
1,0,4,1,160,537,0,1,1,1057.857783517489,3.4
1,1,4,0,23,374,1,1,1,575.8524651819793,3.4
0,0,9,1,14,367,1,0,0,0.0,3.3
1,0,7,0,34,734,1,1,1,388.79402777344444,3.3
5,1,3,0,165,662,0,0,0,0.0,3.1
2,0,6,0,75,228,0,0,0,0.0,3.3
2,1,6,1,160,526,1,1,1,479.0082903477966,3.3
5,1,5,0,44,332,0,1,1,274.33460888607146,3.3
4,1,5,0,91,210,1,0,0,0.0,3.3
0,0,4,0,287,267,0,0,0,0.0,3.1
5,0,6,0,85,560,0,1,0,0.0,3.3
2,0,9,1,156,23,1,1,1,333.32681634257517,3.3
4,0,1,0,256,274,0,1,0,0.0,3.1
2,1,4,1,113,650,1,1,1,382.0631288818554,3.1
4,1,2,0,86,437,0,0,0,0.0,3.1
2,1,6,1,205,503,1,1,1,713.9554466907081,3.4
4,0,2,0,154,168,1,0,0,0.0,3.1
0,0,1,0,144,627,1,1,1,1174.904272810235,3.4
2,1,1,1,256,512,0,1,1,1186.4874015717296,3.4
2,0,5,0,7,223,0,1,1,683.5498507903691,3.4
1,0,4,1,92,538,1,0,0,0.0,3.2
0,0,3,1,8,161,0,0,0,0.0,3.2
0,1,8,0,145,676,0,1,1,835.6319986400399,3.4
3,0,4,1,26,376,1,0,0,0.0,3.2
5,0,4,0,17,702,0,1,1,596.7893254145843,3.4
3,1,3,1,222,532,0,1,1,914.4596838857817,3.4
0,0,7,1,74,456,0,1,1,663.9854174403808,3.4
5,1,6,0,95,759,0,0,0,0.0,3.3
1,1,1,0,169,58,0,1,1,234.37685835172522,3.1
0,1,2,1,20,367,1,0,0,0.0,3.1
2,1,5,0,185,752,0,0,0,0.0,3.3
1,1,7,1,57,196,1,0,0,0.0,3.3
4,0,3,0,186,646,1,1,1,989.0961116487567,3.4
3,0,1,0,227,111,0,1,0,0.0,3.1
3,1,3,0,107,290,0,1,1,297.01821823708946,3.1
3,0,5,0,192,239,0,0,0,0.0,3.3
2,0,6,0,222,710,0,0,0,0.0,3.3
0,0,1,1,263,56,0,1,1,276.96918300801735,3.2
4,0,6,0,268,618,0,1,1,1111.1205013919575,3.4
3,1,8,0,35,507,1,1,1,956.6465493523988,3.4
1,1,6,0,236,102,1,1,1,1019.4956853860523,3.4
2,1,8,0,33,229,0,0,0,0.0,3.3
3,0,2,0,133,608,0,1,1,1012.8509715367578,3.4
3,0,2,0,208,671,0,0,0,0.0,3.1
3,0,1,1,241,487,1,0,0,0.0,3.2
1,1,1,1,39,545,0,0,0,0.0,3.1
3,0,2,0,222,124,0,0,0,0.0,3.1
0,0,7,0,182,224,0,1,1,1078.7465236769299,3.4
5,0,9,0,136,285,0,0,0,0.0,3.3
2,1,6,0,221,601,0,0,0,0.0,3.3
1,1,4,0,168,77,0,0,0,0.0,3.1
3,0,5,1,107,568,1,1,1,1090.973884690704,3.4
4,0,5,1,180,247,0,0,0,0.0,3.3
1,1,4,1,215,132,0,1,1,630.1427320968263,3.4
2,0,1,0,141,442,1,1,1,1112.2082367815256,3.4
3,0,4,0,176,240,1,0,0,0.0,3.1
3,0,2,0,24,579,1,0,0,0.0,3.1
2,0,4,0,102,245,0,0,0,0.0,3.1
0,0,3,1,208,38,0,1,1,542.2255247789046,3.4
3,0,3,1,167,320,1,1,1,857.949485781626,3.4
3,0,5,0,260,692,1,0,0,0.0,3.3
1,1,3,0,130,417,0,0,0,0.0,3.1
4,0,4,0,150,606,0,1,1,477.1443518733598,3.1
2,0,8,0,119,285,0,0,0,0.0,3.3
0,1,7,0,30,36,0,1,1,622.6866196574257,3.4
2,1,1,1,283,656,0,1,1,828.030464569537,3.4
2,0,1,0,239,27,1,0,0,0.0,3.1
5,0,1,1,138,567,0,1,1,919.3006090251137,3.4
0,0,6,0,250,783,0,0,0,0.0,3.3
4,0,9,0,237,403,0,1,1,606.3322309637679,3.4
3,0,3,0,124,452,0,1,1,309.482366068994,3.1
1,0,3,1,98,461,0,0,0,0.0,3.2
4,0,9,0,177,729,0,1,0,0.0,3.3
1,1,6,1,46,308,1,1,0,0.0,3.3
1,0,6,0,236,550,1,0,0,0.0,3.3
0,1,6,0,298,608,1,1,0,0.0,3.3
2,1,4,1,21,648,0,1,1,1013.710270757308,3.4
2,0,9,0,73,620,0,1,0,0.0,3.3
2,1,7,1,109,548,0,0,0,0.0,3.3
0,0,5,0,259,326,1,0,0,0.0,3.3
3,0,9,0,5,782,0,0,0,0.0,3.3
5,1,5,0,209,706,0,0,0,0.0,3.3
2,0,8,0,216,517,0,1,1,200.62751662845616,3.3
5,1,9,1,182,598,0,0,0,0.0,3.3
0,0,6,0,284,314,1,1,1,489.136718418761,3.3
1,0,7,0,83,442,1,1,1,561.4871498218121,3.4
2,1,5,0,81,475,0,0,0,0.0,3.3
2,0,6,0,223,335,0,1,1,306.82099296399065,3.3
5,1,1,1,276,748,0,1,1,647.3027562526006,3.4
2,0,9,0,287,413,0,1,1,437.5600145677699,3.3
1,0,5,1,230,472,0,0,0,0.0,3.3
1,0,8,1,289,627,1,1,1,323.5664874015762,3.3
3,1,9,0,120,347,1,0,0,0.0,3.3
2,1,6,0,57,244,0,0,0,0.0,3.3
2,1,5,1,33,635,1,1,1,838.3500651307307,3.4
1,1,3,0,198,132,0,1,0,0.0,3.1
0,0,3,0,195,469,1,0,0,0.0,3.1
3,0,5,0,19,220,0,1,0,0.0,3.3
2,1,8,0,105,670,1,1,1,254.5092774137196,3.3
2,1,4,0,262,408,0,1,1,1170.1168864184322,3.1
0,1,8,1,233,289,1,0,0,0.0,3.2
1,0,2,0,160,389,1,0,0,0.0,3.1
1,1,2,0,224,289,0,0,0,0.0,3.1
1,1,5,1,290,337,1,1,1,998.4535050511905,3.4
1,1,5,1,136,499,0,1,1,1111.341816216409,3.4
1,0,4,1,267,710,1,1,0,0.0,3.2
2,0,9,0,112,412,0,1,1,315.6056106115122,3.3
0,1,5,0,210,761,1,0,0,0.0,3.3
5,1,2,1,266,628,1,0,0,0.0,3.2
3,0,1,0,240,192,0,0,0,0.0,3.1
4,0,3,0,261,244,1,1,1,302.4963291892128,3.1
0,0,8,0,246,208,0,0,0,0.0,3.3
1,0,6,0,12,244,0,1,1,703.9130253806,3.2
2,1,1,0,225,18,1,1,1,514.5641509273653,3.4
3,1,9,0,280,248,1,1,0,0.0,3.3
2,0,1,1,15,455,0,1,1,944.7507316299223,3.4
1,1,8,1,184,424,0,0,0,0.0,3.3
4,0,8,0,97,201,1,1,1,769.2302120914479,3.4
5,0,9,0,296,354,0,1,1,655.4655720063618,3.4
2,0,4,0,205,32,0,0,0,0.0,3.1
0,0,5,0,145,677,0,0,0,0.0,3.3
3,1,7,1,90,391,0,0,0,0.0,3.3
1,1,8,0,68,644,0,1,0,0.0,3.3
2,0,9,0,83,594,1,0,0,0.0,3.3
3,0,4,1,234,191,1,0,0,0.0,3.2
3,0,4,0,188,642,0,0,0,0.0,3.1
3,0,6,1,196,529,0,1,1,739.1937941273144,3.4
2,1,6,0,246,122,1,1,1,262.47976135782085,3.3
1,1,2,0,132,167,0,1,0,0.0,3.1
2,1,1,0,164,276,0,0,0,0.0,3.1
5,0,1,1,208,222,0,0,0,0.0,3.2
2,0,4,0,299,521,0,0,0,0.0,3.1
2,0,1,0,297,637,1,1,1,980.4711383801549,3.4
0,0,8,1,16,44,0,0,0,0.0,3.3
4,0,5,1,84,362,0,0,0,0.0,3.3
1,0,2,1,79,555,1,1,0,0.0,3.2
0,0,5,1,23,623,1,0,0,0.0,3.3
1,0,7,0,161,368,0,0,0,0.0,3.3
3,0,7,0,229,136,0,1,0,0.0,3.3
2,0,4,1,199,475,1,1,1,201.60118754902882,3.2
4,0,6,0,6,512,0,1,0,0.0,3.3
3,0,7,0,165,279,1,0,0,0.0,3.3
4,1,8,0,279,362,0,0,0,0.0,3.3
2,0,1,1,81,420,1,1,1,816.2406493306123,3.4
2,1,1,0,61,457,0,1,1,329.06512482906294,3.1
5,1,7,0,190,258,1,1,1,928.4939338474402,3.4
2,0,8,0,180,262,0,0,0,0.0,3.3
5,0,6,0,174,560,0,0,0,0.0,3.3
5,0,8,0,132,296,0,1,1,956.3560547436343,3.4
2,1,8,1,275,630,0,0,0,0.0,3.3
4,0,2,0,92,523,1,1,1,520.567586016499,3.4
1,0,8,0,217,157,0,1,1,1132.639693799929,3.4
3,0,8,0,207,33,0,1,1,723.1580008059826,3.4
0,0,1,0,167,550,0,1,1,551.7098179588083,3.4
0,1,3,0,257,643,1,1,1,203.91410573539065,3.1
2,0,1,0,57,365,1,1,1,638.6677720315754,3.4
1,0,6,1,130,248,1,1,0,0.0,3.3
4,0,1,0,218,583,1,1,0,0.0,3.1
0,1,9,0,136,46,0,0,0,0.0,3.3
2,0,3,0,39,646,0,0,0,0.0,3.1
3,1,9,0,45,224,1,1,1,1036.8634222265923,3.4
5,1,1,0,192,591,1,0,0,0.0,3.1
3,1,4,0,12,675,1,1,0,0.0,3.4
2,0,5,0,14,115,1,1,1,798.8830947573172,3.4
2,0,2,0,37,363,0,1,1,306.551247216113,3.1
1,1,7,0,111,666,0,1,1,419.38938919624627,3.3
2,0,9,0,209,324,1,1,1,866.5258317853837,3.4
2,0,4,0,285,396,0,1,1,1175.2445352839586,3.4
1,0,2,0,208,10,0,0,0,0.0,3.1
2,0,5,1,170,388,0,1,1,791.3517040532095,3.4
3,0,3,0,251,77,0,1,0,0.0,3.1
2,1,3,1,157,113,0,1,1,1072.8302341533204,3.4
1,1,7,0,221,715,0,0,0,0.0,3.3
0,0,6,0,116,239,1,0,0,0.0,3.3
3,0,7,0,142,279,1,1,1,709.9850793134972,3.4
5,0,4,0,35,113,1,1,1,429.7162836832317,3.1
0,1,3,0,232,663,0,1,1,1177.853693501782,3.4
1,1,4,0,159,693,0,1,0,0.0,3.1
4,1,4,0,77,525,0,0,0,0.0,3.1
2,0,7,0,279,97,0,1,1,966.3040711189001,3.4
2,0,9,0,88,152,0,0,0,0.0,3.3
1,1,2,1,47,273,1,1,0,0.0,3.1
2,0,1,0,293,341,0,1,1,1042.5545014651811,3.4
3,1,6,0,253,255,1,1,1,553.5751236322751,3.4
3,1,1,0,50,82,0,1,1,670.7059473159375,3.4
0,1,1,1,106,319,0,1,1,1111.5768872630524,3.4
3,1,9,1,117,142,0,1,1,733.5544335535794,3.4
3,0,3,1,45,176,0,0,0,0.0,3.4
1,1,3,0,213,559,0,1,0,0.0,3.1
2,1,4,0,247,649,0,1,1,654.2144197652474,3.4
5,1,5,0,29,277,0,1,1,1132.7712799060946,3.4
3,0,1,1,109,492,0,1,1,1087.8379225928802,3.4
3,0,9,0,176,473,0,1,1,234.29790130331168,3.3
1,1,7,0,27,589,0,1,0,0.0,3.3
5,0,1,0,107,224,1,1,1,497.678758562372,3.1
3,1,6,0,77,61,0,1,1,509.6007450855001,3.4
4,0,6,1,57,384,0,1,1,228.19134044722216,3.3
4,1,5,0,246,308,1,1,0,0.0,3.3
0,0,7,0,172,444,0,1,1,478.14364044891084,3.3
5,0,8,0,292,95,0,0,0,0.0,3.3
3,0,3,0,281,360,1,0,0,0.0,3.1
3,0,5,0,87,234,1,1,0,0.0,3.3
2,1,9,0,30,219,0,0,0,0.0,3.3
0,1,6,0,190,262,0,0,0,0.0,3.3
3,1,8,0,160,247,0,1,1,433.62476364856656,3.3
3,0,4,1,115,779,1,1,1,759.8905318457854,3.4
2,0,7,0,200,686,0,0,0,0.0,3.3
2,0,7,0,181,178,1,1,1,960.3116511044238,3.4
5,0,9,0,113,305,0,0,0,0.0,3.3
1,0,4,1,51,770,0,1,1,1167.9697967699556,3.4
4,0,4,0,278,564,1,1,1,743.8779211611176,3.4
2,1,6,0,221,11,0,0,0,0.0,3.3
2,1,5,1,95,176,0,1,0,0.0,3.3
5,0,6,0,191,583,1,0,0,0.0,3.3
5,0,6,0,202,214,1,0,0,0.0,3.3
0,1,5,1,292,235,1,1,1,859.869866829039,3.4
3,0,1,0,63,426,0,0,0,0.0,3.1
5,0,8,0,73,737,1,1,1,360.7133491909857,3.3
1,1,2,0,149,375,1,0,0,0.0,3.4
1,1,9,0,182,302,0,1,1,562.5832125946771,3.4
5,0,1,0,205,735,1,0,0,0.0,3.1
1,1,6,1,190,552,1,1,1,1061.6249500839785,3.4
2,0,7,0,251,482,0,0,0,0.0,3.3
3,0,3,0,121,564,0,1,1,213.51727169972006,3.1
5,0,4,0,85,694,0,0,0,0.0,3.1
1,1,4,0,172,175,1,0,0,0.0,3.1
1,1,2,0,76,436,0,1,1,363.6084208437122,3.1
1,0,3,0,108,582,0,0,0,0.0,3.1
0,1,1,0,291,697,0,1,1,261.60798529246927,3.1
4,1,1,0,99,789,0,1,1,416.8142759291083,3.1
5,0,1,1,49,266,0,1,1,504.7609127973258,3.4
0,0,8,0,72,515,0,1,1,727.1483816252646,3.4
0,0,8,0,133,300,1,1,0,0.0,3.3
2,1,9,1,193,397,0,0,0,0.0,3.3
3,0,9,1,281,238,1,1,1,467.87358281744076,3.3
4,1,3,0,65,511,1,1,1,1113.8145226249442,3.4
2,0,6,0,59,316,0,1,0,0.0,3.4
0,0,4,0,78,562,0,1,1,338.24556563405713,3.1
2,0,1,0,252,590,0,0,0,0.0,3.1
4,0,7,0,100,321,0,1,0,0.0,3.3
2,1,2,0,125,206,0,1,1,453.61562763856415,3.1
3,1,5,0,252,392,0,1,1,749.2684933484427,3.4
3,1,3,0,110,700,0,0,0,0.0,3.1
3,0,8,0,203,633,1,1,1,700.1979355227852,3.4
3,1,8,0,13,482,0,0,0,0.0,3.3
3,0,6,0,93,495,0,0,0,0.0,3.3
3,1,8,0,125,420,0,1,0,0.0,3.3
3,0,7,0,15,353,0,1,0,0.0,3.3
5,0,4,0,129,436,0,0,0,0.0,3.1
2,0,9,1,277,17,1,0,0,0.0,3.3
2,0,7,1,84,795,0,0,0,0.0,3.3
2,0,9,0,187,689,1,0,0,0.0,3.3
5,0,9,0,42,434,1,1,1,1101.916107837883,3.4
1,1,1,0,273,705,0,1,1,713.4344971258201,3.4
4,0,2,0,43,621,1,1,0,0.0,3.1
4,0,7,0,142,482,0,1,1,412.89425465999346,3.3
3,1,1,0,262,489,1,1,1,1012.3173327141188,3.4
3,1,5,0,129,50,0,1,1,977.8777055368772,3.4
2,0,3,0,270,302,1,0,0,0.0,3.1
4,1,2,0,158,531,0,0,0,0.0,3.1
0,1,3,0,167,24,0,1,0,0.0,3.1
2,0,9,1,263,301,0,1,1,1044.7917378659113,3.4
1,0,1,1,82,612,0,0,0,0.0,3.2
2,1,3,1,13,62,1,1,1,781.8652665047078,3.4
1,0,2,0,128,28,1,1,1,1128.335772005622,3.4
2,0,7,0,192,785,1,0,0,0.0,3.3
2,0,5,0,32,81,1,0,0,0.0,3.3
3,1,2,0,285,501,1,0,0,0.0,3.1
2,1,9,0,298,426,0,0,0,0.0,3.3
3,0,4,1,180,465,0,0,0,0.0,3.2
5,0,6,0,273,312,1,1,0,0.0,3.3
5,1,7,0,105,592,0,1,0,0.0,3.3
1,1,8,1,155,220,0,1,1,591.967740274463,3.4
5,0,3,0,231,79,0,0,0,0.0,3.1
1,0,9,0,179,334,1,0,0,0.0,3.3
1,1,9,0,229,226,1,1,1,1140.5373011029476,3.4
3,0,1,0,75,575,0,0,0,0.0,3.1
2,0,4,1,164,605,0,1,0,0.0,3.2
2,0,6,0,210,626,0,1,1,664.689468445165,3.4
3,1,6,0,168,178,1,0,0,0.0,3.3
1,1,5,0,187,241,1,1,1,398.13074182357707,3.4
2,1,2,0,131,466,1,0,0,0.0,3.1
2,0,2,0,225,379,0,1,1,615.9896079752416,3.4
0,1,3,1,211,628,0,1,1,1025.5308233467495,3.4
0,0,6,0,25,172,0,1,1,1003.1330889362459,3.3
2,0,7,0,239,705,0,1,1,202.34747386745315,3.3
3,0,4,1,55,90,1,0,0,0.0,3.2
3,0,4,0,201,480,0,1,1,321.88921208035896,3.1
3,0,6,0,240,694,0,0,0,0.0,3.3
1,1,3,1,42,652,0,0,0,0.0,3.1
5,1,7,0,28,765,0,0,0,0.0,3.3
0,0,3,0,226,124,1,1,1,1114.8578059207596,3.4
2,0,6,1,225,100,0,1,1,523.0710684057512,3.4
1,0,9,0,153,725,0,1,0,0.0,3.3
1,0,2,1,162,475,0,1,0,0.0,3.2
2,1,2,0,134,514,0,0,0,0.0,3.1
2,0,6,0,142,501,0,1,0,0.0,3.3
2,1,3,0,65,134,0,0,0,0.0,3.1
3,0,9,1,25,503,0,1,0,0.0,3.3
0,0,2,0,37,71,0,1,1,910.9879414636829,3.4
1,0,1,0,140,205,0,1,0,0.0,3.1
2,1,5,0,109,587,0,1,1,770.6645789807891,3.4
2,0,2,0,91,562,1,0,0,0.0,3.1
2,0,9,0,21,274,0,0,0,0.0,3.3
2,0,4,1,81,217,1,1,1,520.1862194040554,3.4
2,1,1,1,254,341,1,1,0,0.0,3.1
1,0,4,0,249,535,1,0,0,0.0,3.2
2,1,2,0,116,283,0,0,0,0.0,3.1
0,0,9,0,208,267,0,1,0,0.0,3.3
2,0,9,0,142,217,1,0,0,0.0,3.3
2,0,5,1,195,449,0,1,1,872.2006635651122,3.4
4,1,4,0,38,591,0,0,0,0.0,3.1
1,0,9,0,226,624,1,0,0,0.0,3.3
5,0,4,0,286,369,1,0,0,0.0,3.1
5,0,3,1,285,696,1,1,1,1195.8023677799185,3.4
1,0,6,0,297,219,1,1,1,877.303959298141,3.4
3,1,6,1,293,27,1,1,0,0.0,3.3
5,0,2,0,132,733,0,0,0,0.0,3.1
3,1,3,0,272,307,0,0,0,0.0,3.1
1,0,3,0,63,260,0,1,1,513.2760111381788,3.4
2,0,5,1,90,795,1,1,1,930.4137528817927,3.4
3,1,5,0,295,701,0,0,0,0.0,3.3
1,1,1,0,277,656,0,0,0,0.0,3.1
1,0,3,1,171,469,1,0,0,0.0,3.2
2,1,7,1,97,697,1,1,1,808.7979601803936,3.4
1,1,7,0,143,646,0,1,1,710.3927213487066,3.4
3,1,8,1,257,773,0,0,0,0.0,3.3
0,0,7,0,194,649,1,1,1,964.2556740241413,3.4
3,1,3,0,86,675,1,0,0,0.0,3.1
1,0,4,1,284,81,0,0,0,0.0,3.2
3,1,5,0,66,263,0,0,0,0.0,3.3
3,1,8,1,21,350,0,0,0,0.0,3.3
1,0,5,0,51,655,1,1,1,1030.0326836280747,3.1
2,0,6,0,45,190,0,1,0,0.0,3.3
2,0,5,0,170,357,0,1,1,676.058769501997,3.4
3,0,3,0,102,563,1,1,1,540.6854235748016,3.4
3,1,1,1,96,31,0,1,1,290.19570020024435,3.1
0,1,3,0,269,121,0,1,1,1058.3733797610626,3.4
2,0,7,0,18,752,0,0,0,0.0,3.3
0,1,6,0,200,764,0,0,0,0.0,3.3
5,1,8,0,212,140,1,1,1,1107.8726769352406,3.4
3,1,5,1,212,266,1,0,0,0.0,3.1
4,1,3,0,259,484,0,1,0,0.0,3.1
2,0,1,0,140,185,1,0,0,0.0,3.1
1,1,7,0,60,536,0,1,0,0.0,3.3
5,0,6,0,191,254,1,1,1,494.9311358038643,3.1
0,1,4,1,236,614,0,1,0,0.0,3.1
2,0,9,0,168,534,1,1,0,0.0,3.2
1,1,8,0,249,486,0,1,1,626.545698610076,3.4
0,1,3,0,250,742,0,0,0,0.0,3.1
2,0,1,1,182,660,0,0,0,0.0,3.2
1,0,5,0,19,334,1,1,0,0.0,3.3
1,0,8,0,8,542,0,0,0,0.0,3.3
0,0,9,0,46,440,1,1,0,0.0,3.3
3,1,5,1,92,756,0,1,0,0.0,3.3
4,0,1,0,18,307,0,1,1,972.0317859723548,3.4
1,0,5,0,47,656,1,1,1,402.08316500792364,3.3
2,1,2,1,246,158,1,1,1,493.96137641029827,3.1
1,1,9,1,53,72,1,0,0,0.0,3.3
2,1,3,1,106,269,0,0,0,0.0,3.3
2,0,1,0,286,702,0,0,0,0.0,3.1
2,1,9,0,152,626,0,0,0,0.0,3.3
1,1,5,1,64,116,0,0,0,0.0,3.3
4,0,9,0,235,284,0,1,0,0.0,3.3
5,1,3,0,147,404,0,0,0,0.0,3.1
1,0,9,0,102,129,0,1,0,0.0,3.3
1,1,2,0,257,141,0,1,1,1080.4219028736047,3.4
2,1,5,0,268,531,1,1,1,225.47269173510713,3.3
1,1,7,1,139,64,1,1,0,0.0,3.3
1,1,1,0,32,476,1,1,1,388.0585664790756,3.1
3,1,2,1,78,351,0,0,0,0.0,3.1
2,1,1,0,270,607,1,1,1,704.421039715213,3.4
2,1,8,0,64,491,0,1,0,0.0,3.3
2,0,5,0,296,746,0,0,0,0.0,3.3
3,0,8,0,280,80,0,1,1,626.1152788307795,3.4
1,0,3,1,71,770,1,0,0,0.0,3.2
1,1,6,0,106,641,0,1,0,0.0,3.3
4,0,4,1,154,414,0,1,1,370.1526411445169,3.2
1,1,7,0,148,270,1,0,0,0.0,3.3
1,1,4,0,33,28,0,1,1,384.92601877281743,3.1
2,0,6,0,260,189,1,1,1,683.6090067516664,3.4
3,1,8,0,107,571,0,0,0,0.0,3.3
1,0,8,1,212,208,0,0,0,0.0,3.3
3,1,4,0,11,169,0,1,1,501.48841535435946,3.4
3,0,6,0,188,36,1,0,0,0.0,3.3
2,0,5,0,249,178,0,0,0,0.0,3.3
4,1,2,1,174,795,0,0,0,0.0,3.2
2,0,7,1,92,471,1,1,1,774.2935397085736,3.4
2,0,8,0,50,535,0,1,1,891.8468799459681,3.4
3,1,2,1,254,580,1,0,0,0.0,3.1
1,0,9,1,20,565,0,0,0,0.0,3.3
2,1,2,1,60,553,1,1,1,251.88207759399222,3.1
2,1,9,1,130,772,1,1,1,1071.8662458509448,3.4
1,0,2,0,274,143,1,1,1,714.0806956192731,3.4
2,1,9,1,297,34,0,1,1,793.6105444464143,3.4
1,1,4,0,67,303,0,0,0,0.0,3.1
4,0,2,0,232,709,1,1,0,0.0,3.1
1,0,4,1,284,272,0,0,0,0.0,3.2
4,0,7,0,19,744,0,0,0,0.0,3.3
3,0,5,0,170,159,1,1,1,474.9791919736402,3.3
2,0,4,0,81,656,1,1,0,0.0,3.1
2,1,3,0,277,700,0,1,1,296.58868249453224,3.1
3,0,4,0,83,469,0,1,1,540.5759374211186,3.4
3,1,5,0,106,727,0,0,0,0.0,3.3
0,1,6,0,114,492,0,1,0,0.0,3.3
2,0,9,0,252,687,1,1,1,481.5096207723755,3.3
3,0,4,0,250,90,0,0,0,0.0,3.1
1,0,6,0,176,274,1,1,1,1153.1246125079651,3.4
4,1,2,0,172,640,1,1,0,0.0,3.1
1,1,7,0,196,485,0,1,0,0.0,3.3
5,1,9,0,213,484,0,1,1,1036.0792751668382,3.4
2,0,9,0,100,379,0,1,0,0.0,3.3
4,1,3,0,132,133,1,1,0,0.0,3.1
4,1,9,1,154,461,0,1,1,324.7361132216791,3.3
2,0,1,0,125,630,1,0,0,0.0,3.1
1,0,8,0,140,576,0,0,0,0.0,3.3
3,0,1,0,271,147,0,0,0,0.0,3.1
1,1,5,0,142,183,0,0,0,0.0,3.3
3,1,2,0,206,771,0,1,1,832.9338804710447,3.4
2,0,2,0,240,171,1,1,1,326.1357862957652,3.1
3,0,5,0,279,215,1,0,0,0.0,3.3
4,1,8,1,139,33,1,1,1,399.8729746494437,3.3
3,0,3,0,122,675,0,0,0,0.0,3.1
3,0,9,0,93,521,0,1,0,0.0,3.3
4,1,8,0,180,695,0,0,0,0.0,3.3
3,1,1,1,71,391,0,1,1,754.8669169991571,3.4
0,1,6,0,172,630,0,1,1,491.3843860207321,3.3
2,1,6,0,223,418,0,1,0,0.0,3.3
3,1,8,1,159,286,0,1,0,0.0,3.3
1,0,5,1,236,645,0,0,0,0.0,3.3
4,0,4,0,31,738,1,1,0,0.0,3.1
2,0,3,1,137,334,1,1,1,721.8844619274782,3.4
2,0,8,0,52,257,1,0,0,0.0,3.3
2,0,9,0,237,45,0,0,0,0.0,3.3
3,0,2,0,73,518,1,1,1,226.38361800553835,3.1
1,1,8,1,194,105,0,1,0,0.0,3.3
1,0,6,0,5,189,0,1,0,0.0,3.3
2,1,2,0,276,14,0,1,0,0.0,3.1
1,0,9,0,225,453,0,1,1,874.0013710698536,3.4
4,1,4,0,61,190,1,1,1,428.4089615674386,3.1
1,0,9,0,154,785,0,1,1,746.679499888787,3.4
0,1,3,0,70,574,0,1,0,0.0,3.1
0,0,8,0,47,119,0,1,1,378.26178148877347,3.3
3,0,7,0,204,345,1,1,1,1149.112456888247,3.4
1,1,8,0,253,647,1,1,1,222.56969657344266,3.3
1,1,1,0,130,318,0,1,0,0.0,3.1
0,0,3,0,98,367,0,1,1,816.0923211499935,3.4
5,0,5,0,217,677,0,1,1,1124.6626882915957,3.4
3,0,6,0,256,383,1,1,1,914.2154368573138,3.4
5,0,9,0,246,190,1,0,0,0.0,3.3
1,1,8,0,64,275,1,0,0,0.0,3.3
2,0,5,0,136,333,0,1,0,0.0,3.3
1,0,7,0,76,455,1,1,1,845.5114854786993,3.4
0,0,3,1,270,338,0,0,0,0.0,3.2
0,1,5,0,280,248,1,1,1,664.2723693243399,3.4
2,0,8,0,86,575,0,0,0,0.0,3.3
2,0,1,1,291,692,0,1,1,823.7721906508528,3.4
2,0,1,1,120,499,0,0,0,0.0,3.2
1,0,2,0,61,67,0,1,0,0.0,3.1
2,0,9,1,71,230,1,1,1,669.0603402211536,3.4
1,0,8,1,69,484,0,0,0,0.0,3.3
4,0,4,0,137,443,0,0,0,0.0,3.1
3,0,1,0,172,202,0,1,1,261.5057364586386,3.1
2,0,2,1,290,19,1,0,0,0.0,3.2
2,1,5,1,64,609,0,1,0,0.0,3.3
2,0,1,0,219,375,0,1,1,387.350417662427,3.1
2,0,6,1,65,398,0,1,1,352.57422430237875,3.3
2,0,7,1,197,366,0,0,0,0.0,3.3
1,0,3,0,17,425,1,1,0,0.0,3.1
5,0,2,1,49,608,1,0,0,0.0,3.2
3,0,3,0,21,305,1,1,1,872.262939932566,3.4
2,0,5,0,80,503,0,0,0,0.0,3.3
2,0,7,0,10,30,0,0,0,0.0,3.3
3,0,1,0,97,476,0,0,0,0.0,3.1
1,0,4,0,179,629,1,1,1,708.3116942766945,3.1
5,1,3,0,228,184,1,0,0,0.0,3.1
2,0,2,0,7,700,1,0,0,0.0,3.1
4,0,7,1,56,385,0,1,1,202.6321555795882,3.3
2,0,2,1,234,649,1,1,1,415.08522878509285,3.2
1,1,2,0,114,718,0,0,0,0.0,3.1
1,1,4,1,7,584,0,0,0,0.0,3.1
3,1,5,0,130,776,1,1,0,0.0,3.3
1,0,6,0,209,208,0,0,0,0.0,3.3
3,1,4,0,261,538,1,1,0,0.0,3.1
5,0,2,0,12,704,1,0,0,0.0,3.1
2,0,2,1,124,156,0,1,1,234.88030582002767,3.2
1,0,9,0,113,357,1,0,0,0.0,3.3
0,0,1,1,36,566,0,0,0,0.0,3.2
5,0,3,0,205,231,0,1,1,629.1905819600345,3.4
1,0,4,1,61,513,0,1,0,0.0,3.2
3,1,9,0,264,237,0,0,0,0.0,3.3
2,1,4,0,176,25,1,1,1,918.8082349491646,3.4
5,1,1,0,90,329,0,0,0,0.0,3.1
1,0,1,0,132,704,0,1,1,1172.894389387695,3.4
3,0,2,0,123,514,0,0,0,0.0,3.1
3,0,5,0,12,752,0,1,1,716.8367677344992,3.4
1,0,7,1,293,353,0,1,1,565.4514846532736,3.4
0,0,4,1,52,96,1,1,0,0.0,3.2
3,1,9,1,81,518,1,1,1,758.3844775702219,3.4
2,0,9,1,148,605,1,1,1,954.2313233495487,3.4
1,1,1,0,19,379,1,1,1,721.875110373577,3.4
1,1,2,0,45,569,0,0,0,0.0,3.1
1,1,7,1,34,482,0,0,0,0.0,3.3
5,0,8,0,273,344,0,1,0,0.0,3.3
3,0,3,0,96,385,1,0,0,0.0,3.1
3,1,3,0,138,75,1,1,0,0.0,3.1
1,0,2,1,63,395,0,0,0,0.0,3.2
2,0,5,0,23,432,1,0,0,0.0,3.3
3,0,3,0,46,376,0,1,0,0.0,3.1
5,0,8,0,40,46,0,0,0,0.0,3.3
2,0,3,0,52,578,0,0,0,0.0,3.1
2,1,8,1,42,254,1,1,1,228.52002483864823,3.3
0,0,9,1,208,228,1,1,1,1175.569463356082,3.4
5,0,3,0,101,733,0,1,0,0.0,3.1
1,0,8,0,204,428,1,0,0,0.0,3.3
4,1,5,0,280,161,1,1,1,1021.2002033499546,3.4
2,0,7,0,76,228,1,0,0,0.0,3.3
3,0,3,0,151,438,0,0,0,0.0,3.1
5,1,2,0,135,234,0,1,1,918.992475398061,3.4
2,0,2,1,212,305,1,1,1,1178.578394859374,3.4
2,0,1,1,214,125,0,1,1,411.2850375699378,3.2
2,0,3,0,293,567,1,1,0,0.0,3.1
0,0,2,0,281,433,1,0,0,0.0,3.1
3,1,8,0,60,239,0,1,1,307.5613917704341,3.3
1,1,4,0,88,55,0,1,1,669.302996360007,3.4
2,0,4,0,182,548,0,0,0,0.0,3.1
1,0,6,0,220,81,0,1,1,634.1865919634695,3.4
2,0,7,0,87,569,0,1,1,604.6058829468631,3.4
4,0,2,1,202,103,1,1,0,0.0,3.2
3,0,3,0,277,144,0,1,1,296.55047859774515,3.1
1,0,5,0,232,763,0,1,0,0.0,3.3
3,1,7,1,103,625,1,1,1,405.18283339516074,3.3
1,0,5,0,53,431,0,0,0,0.0,3.3
5,0,6,0,165,550,1,0,0,0.0,3.3
5,0,8,1,289,11,0,0,0,0.0,3.3
1,1,5,0,287,184,0,0,0,0.0,3.3
3,0,8,0,287,400,0,1,1,518.1752095087031,3.4
5,1,5,1,89,254,0,0,0,0.0,3.3
1,1,7,1,17,25,0,0,0,0.0,3.3
0,0,9,1,98,229,0,0,0,0.0,3.3
2,1,4,1,5,511,0,1,1,1125.529321646895,3.4
1,0,8,0,27,765,0,1,1,207.21994700371775,3.3
3,0,5,0,40,410,1,1,0,0.0,3.3
4,1,6,1,82,306,0,1,0,0.0,3.3
5,0,1,0,53,449,0,1,1,280.3368665694876,3.1
2,0,1,1,126,453,1,1,1,691.3490902687852,3.4
3,0,8,0,115,629,0,1,1,550.4702023179279,3.4
1,0,9,0,102,25,0,0,0,0.0,3.3
2,1,1,0,172,418,0,1,0,0.0,3.1
1,1,7,0,124,752,0,1,1,648.0751515816344,3.4
2,1,5,0,101,15,0,1,0,0.0,3.3
1,0,4,0,262,666,0,0,0,0.0,3.1
2,1,5,0,192,693,0,0,0,0.0,3.3
3,1,4,0,173,770,0,1,1,371.78910947776683,3.1
1,1,1,0,214,32,0,1,1,1064.9939730295346,3.4
5,0,4,1,232,45,0,1,1,842.7519139595469,3.4
1,1,4,0,258,47,1,0,0,0.0,3.1
2,1,4,0,157,788,0,0,0,0.0,3.1
2,0,4,0,126,239,0,1,1,465.15622970531496,3.1
3,0,9,1,16,96,1,0,0,0.0,3.3
1,0,6,0,141,200,0,1,0,0.0,3.3
1,0,7,1,54,519,0,0,0,0.0,3.3
3,1,1,0,279,441,1,1,1,969.485387315587,3.4
0,1,8,1,174,213,0,1,1,209.00566426447523,3.3
1,1,2,0,283,68,0,1,1,731.8235108108051,3.4
3,0,9,0,212,72,1,1,1,526.9776232427392,3.4
3,0,5,0,240,719,0,0,0,0.0,3.3
3,1,5,0,103,199,1,0,0,0.0,3.1
3,0,4,0,234,453,1,1,0,0.0,3.1
4,1,4,1,205,394,1,0,0,0.0,3.2
2,1,7,0,91,228,0,1,1,910.029347675229,3.3
5,1,8,0,190,424,1,1,0,0.0,3.3
2,0,6,1,281,321,0,0,0,0.0,3.3
1,1,1,0,12,61,0,1,1,1095.6512304019184,3.4
1,1,3,0,190,210,0,0,0,0.0,3.1
3,0,4,0,197,342,1,0,0,0.0,3.1
5,0,3,1,105,46,1,1,0,0.0,3.2
1,0,3,0,171,99,0,0,0,0.0,3.1
3,1,2,0,260,472,1,1,1,1159.4395957411648,3.4
3,0,4,1,225,522,0,0,0,0.0,3.2
0,0,3,0,171,644,1,0,0,0.0,3.1
3,1,4,0,28,35,0,0,0,0.0,3.1
3,0,9,0,206,257,1,1,1,456.40715818869,3.3
0,1,8,0,88,309,1,1,1,1154.3459516233008,3.4
3,0,6,0,268,634,0,1,0,0.0,3.2
5,0,5,1,228,741,0,1,1,222.36653449442926,3.1
5,0,3,0,166,748,0,1,1,487.2125711273615,3.1
3,0,8,1,210,749,0,1,0,0.0,3.3
0,1,8,0,44,202,1,0,0,0.0,3.3
4,1,7,0,273,660,1,1,1,811.3173870530813,3.4
2,0,8,0,173,158,1,1,1,757.7647590980617,3.4
1,0,5,1,23,574,1,1,0,0.0,3.3
3,0,3,1,85,714,1,0,0,0.0,3.2
5,0,5,1,103,359,1,0,0,0.0,3.3
1,1,2,0,135,18,0,0,0,0.0,3.1
1,1,5,0,161,338,1,0,0,0.0,3.3
1,0,6,0,265,634,0,1,1,1147.1691917057597,3.4
3,1,3,0,198,317,0,0,0,0.0,3.1
4,1,3,1,121,201,0,1,1,1154.637513360056,3.4
3,0,4,0,45,559,0,1,1,563.3924794321266,3.4
2,0,7,0,217,536,0,0,0,0.0,3.3
4,1,5,1,84,784,0,0,0,0.0,3.3
3,0,9,0,236,270,1,1,0,0.0,3.3
4,0,8,0,21,723,1,0,0,0.0,3.1
3,0,2,0,139,531,0,1,0,0.0,3.1
5,0,3,0,298,157,0,0,0,0.0,3.1
1,0,2,0,250,757,1,1,1,327.85381790869553,3.1
2,0,7,0,264,495,1,1,1,1129.425745026514,3.4
1,0,8,1,119,245,1,1,1,474.90833748224077,3.3
3,0,4,1,39,544,0,1,0,0.0,3.2
2,1,7,1,224,761,1,1,1,861.6750607175303,3.4
2,0,2,0,126,244,0,1,0,0.0,3.1
0,1,3,0,201,563,0,0,0,0.0,3.1
2,1,2,0,66,487,1,1,1,857.494229984942,3.4
2,1,3,1,100,131,0,0,0,0.0,3.1
2,0,4,0,141,798,0,1,1,413.8388894952643,3.3
3,0,5,0,119,17,0,1,0,0.0,3.3
5,0,3,0,215,322,1,1,1,252.34876680960244,3.1
3,1,3,0,111,669,1,0,0,0.0,3.1
2,0,7,0,33,361,0,1,0,0.0,3.3
3,0,3,0,134,202,0,1,0,0.0,3.1
1,1,6,1,290,521,0,1,0,0.0,3.3
1,0,8,0,299,50,1,1,0,0.0,3.3
3,0,1,0,168,490,0,1,0,0.0,3.1
0,0,6,1,19,763,1,1,1,424.4728694286028,3.3
2,1,3,0,230,791,0,1,1,943.299172306979,3.4
0,1,8,0,250,45,0,0,0,0.0,3.3
3,0,7,0,257,151,1,1,1,900.1875608304565,3.4
3,1,4,1,123,40,0,1,0,0.0,3.1
1,0,1,1,144,309,0,0,0,0.0,3.2
3,0,8,0,208,316,0,1,0,0.0,3.3
3,1,6,0,294,577,0,0,0,0.0,3.3
2,0,2,1,94,19,0,1,1,404.4553814193969,3.2
3,0,2,1,26,296,0,1,1,567.8322243209564,3.4
4,0,2,0,168,185,0,0,0,0.0,3.2
2,0,5,1,275,586,0,0,0,0.0,3.3
5,1,6,1,205,248,1,1,1,769.0669982420897,3.4
2,1,6,0,126,455,1,1,1,328.2299473037741,3.3
4,1,5,0,179,795,1,1,1,955.3389295039722,3.4
5,1,8,1,20,319,1,0,0,0.0,3.3
0,0,1,0,153,187,0,1,1,601.4435492600038,3.4
5,0,8,0,289,672,0,0,0,0.0,3.3
1,1,3,1,271,223,0,1,1,1074.2518766843361,3.4
2,1,6,0,194,55,0,1,0,0.0,3.3
5,0,1,0,253,590,1,0,0,0.0,3.1
2,1,7,1,81,599,0,0,0,0.0,3.3
3,1,7,1,251,54,0,1,1,965.5483540993158,3.4
1,1,6,0,292,163,1,0,0,0.0,3.4
3,0,5,0,155,726,1,1,1,864.3442914647144,3.4
2,1,2,0,247,201,1,1,0,0.0,3.1
2,0,8,0,108,370,0,0,0,0.0,3.3
2,0,8,0,246,40,1,1,0,0.0,3.3
2,1,1,0,170,121,0,0,0,0.0,3.1
3,0,2,0,159,793,1,1,1,1071.6168463288502,3.4
5,1,9,1,169,714,1,0,0,0.0,3.3
3,1,7,1,107,632,1,1,1,217.46813027900262,3.3
3,1,6,0,121,250,0,0,0,0.0,3.3
3,0,4,0,50,684,0,1,1,625.4311942563456,3.4
3,1,5,0,232,482,0,0,0,0.0,3.3
0,1,6,0,219,408,0,1,1,1083.133062327458,3.4
2,0,6,1,147,46,0,1,0,0.0,3.3
1,0,4,1,82,434,0,1,1,780.5192766763702,3.4
1,1,5,1,63,317,0,1,1,789.3763726481172,3.4
2,1,4,0,241,634,0,1,1,1130.4234931787778,3.4
3,1,6,0,38,48,0,1,0,0.0,3.3
2,1,2,1,36,96,1,1,0,0.0,3.1
2,1,2,0,171,293,1,1,1,1131.4103277930599,3.4
1,0,6,0,120,229,0,1,0,0.0,3.3
3,1,6,0,275,229,1,1,1,1089.1856998408762,3.4
1,0,4,0,161,160,0,0,0,0.0,3.1
2,0,3,0,82,287,0,1,0,0.0,3.1
2,0,6,1,255,288,1,1,0,0.0,3.3
3,1,3,0,168,294,0,0,0,0.0,3.1
0,0,2,0,236,436,0,1,1,1171.401848608646,3.4
5,0,3,0,264,629,0,1,0,0.0,3.1
1,0,1,0,212,142,0,1,0,0.0,3.1
3,0,4,0,59,402,0,0,0,0.0,3.1
1,0,9,0,225,383,1,1,1,793.8718057830571,3.4
4,0,7,0,215,48,1,0,0,0.0,3.3
5,1,6,0,160,551,1,1,0,0.0,3.3
1,0,4,0,161,374,1,1,0,0.0,3.1
1,0,1,0,187,25,1,1,1,903.3053068633781,3.4
3,1,6,1,290,158,0,0,0,0.0,3.3
3,1,6,0,122,424,1,0,0,0.0,3.3
3,0,7,0,142,475,0,1,1,1128.9467355726233,3.4
3,1,6,0,298,485,0,1,0,0.0,3.3
2,1,8,1,107,595,0,1,0,0.0,3.3
3,0,4,0,289,232,1,1,0,0.0,3.1
2,1,9,1,286,623,0,0,0,0.0,3.3
0,0,9,0,189,154,1,1,1,315.84715259733844,3.3
2,0,2,0,13,359,1,0,0,0.0,3.1
0,0,9,0,240,419,1,1,0,0.0,3.3
1,0,3,0,287,684,0,1,1,348.38537821747764,3.1
5,0,8,0,102,299,0,1,1,608.8436617250683,3.4
2,0,2,0,297,725,1,0,0,0.0,3.1
3,0,5,0,287,296,0,1,1,696.6772735777275,3.4
3,0,5,0,120,422,0,0,0,0.0,3.3
3,0,1,0,261,177,1,1,1,444.0634510429253,3.1
2,0,4,0,205,714,0,1,1,1144.2570396456513,3.4
0,1,3,0,157,601,0,0,0,0.0,3.1
5,1,5,0,38,313,1,0,0,0.0,3.3
0,0,6,0,17,762,0,0,0,0.0,3.3
4,0,4,0,290,338,0,1,0,0.0,3.1
2,1,2,1,200,154,1,1,1,1193.1707895983327,3.4
1,1,8,1,74,388,1,0,0,0.0,3.3
3,0,8,0,163,109,1,1,1,1109.5173164450525,3.4
4,0,8,0,26,688,1,0,0,0.0,3.3
5,0,7,0,11,206,0,1,1,212.2906611556709,3.3
4,0,8,0,19,143,1,0,0,0.0,3.3
4,0,4,0,17,545,0,1,0,0.0,3.1
5,0,2,0,145,170,0,1,1,220.8452398077008,3.1
3,1,3,0,62,288,0,0,0,0.0,3.1
3,0,4,0,176,269,1,1,0,0.0,3.1
1,1,1,0,294,484,0,1,1,699.2115035332668,3.4
1,1,4,0,267,547,0,0,0,0.0,3.1
0,0,7,0,279,597,0,1,1,614.7643590461992,3.4
3,0,2,0,233,57,0,1,0,0.0,3.1
2,1,1,0,179,320,1,0,0,0.0,3.1
0,0,5,0,46,374,1,1,1,328.9373054198172,3.3
4,1,4,0,191,214,1,1,1,883.8839734462701,3.2
3,0,3,0,142,317,0,1,1,357.82698129979855,3.1
3,1,5,0,112,249,0,1,1,879.1974553522796,3.4
2,1,1,0,202,93,0,1,1,203.74509471128482,3.1
1,0,7,1,11,197,0,1,1,1160.0126572527188,3.4
0,0,6,0,122,714,0,1,0,0.0,3.3
4,0,3,1,5,415,0,1,0,0.0,3.2
1,1,2,1,44,456,0,0,0,0.0,3.1
2,1,2,0,199,635,0,1,0,0.0,3.1
4,1,3,0,219,203,1,0,0,0.0,3.1
3,1,4,0,263,258,1,1,1,723.1830675182159,3.4
3,1,1,1,170,799,0,0,0,0.0,3.1
3,1,1,0,272,524,0,0,0,0.0,3.1
2,1,7,0,231,672,0,1,1,223.9613851242698,3.3
3,0,7,0,28,267,0,1,1,640.5217439841465,3.4
3,1,5,0,39,206,1,0,0,0.0,3.3
3,0,2,1,261,663,0,1,0,0.0,3.2
1,0,1,0,58,696,0,0,0,0.0,3.1
1,0,8,0,127,253,1,1,1,1173.9405835732573,3.4
5,1,5,0,156,65,0,0,0,0.0,3.3
1,0,6,0,160,310,1,0,0,0.0,3.3
5,0,5,1,135,78,1,0,0,0.0,3.3
3,0,8,0,267,120,0,1,1,213.65988343529202,3.3
2,0,6,0,135,279,1,1,1,1060.8550280434488,3.4
3,0,6,1,52,626,0,0,0,0.0,3.3
2,0,8,0,89,519,0,0,0,0.0,3.3
4,0,7,0,184,672,0,1,1,253.33006820674623,3.3
4,0,5,1,222,756,1,0,0,0.0,3.3
3,0,7,0,141,395,0,0,0,0.0,3.3
1,0,3,0,60,82,0,1,1,877.8731204686652,3.4
2,0,6,1,194,193,0,1,1,282.3529903367581,3.3
1,1,9,1,143,333,0,0,0,0.0,3.3
5,0,7,1,18,345,0,1,1,233.17415775577382,3.3
1,0,3,0,107,286,0,0,0,0.0,3.1
2,1,7,1,221,405,0,1,1,940.4531223835897,3.4
0,0,2,0,282,607,1,0,0,0.0,3.1
0,0,7,0,79,385,1,1,0,0.0,3.3
2,1,4,0,266,194,1,1,0,0.0,3.1
3,0,3,0,19,282,0,1,0,0.0,3.1
2,1,6,0,88,201,0,1,0,0.0,3.3
3,0,5,0,193,83,1,0,0,0.0,3.3
5,0,6,0,228,593,0,0,0,0.0,3.3
5,0,7,1,179,347,1,1,1,1030.8372511591529,3.4
3,1,9,0,215,170,0,1,1,320.0907065715512,3.4
1,1,1,1,61,51,0,1,1,683.2486940446246,3.4
2,0,9,1,131,274,0,1,0,0.0,3.3
1,1,5,0,194,428,0,0,0,0.0,3.2
3,1,6,0,53,613,0,1,0,0.0,3.3
3,1,1,0,203,201,1,0,0,0.0,3.1
2,0,1,0,69,324,1,0,0,0.0,3.1
0,0,3,0,73,189,0,0,0,0.0,3.1
5,0,1,1,38,761,0,0,0,0.0,3.2
3,0,9,0,298,19,0,1,1,845.916526405514,3.4
0,1,5,0,244,753,0,1,1,329.38093106754127,3.3
1,0,1,0,233,640,0,1,0,0.0,3.1
3,0,4,0,101,152,0,0,0,0.0,3.1
5,1,8,0,122,464,1,1,1,751.3305496923012,3.4
3,1,2,0,250,653,0,1,1,654.9101448678427,3.4
2,0,2,1,59,587,1,1,0,0.0,3.2
1,0,2,1,59,285,0,0,0,0.0,3.2
3,1,7,0,262,537,0,0,0,0.0,3.3
1,1,8,0,253,190,1,0,0,0.0,3.3
0,0,7,0,115,343,0,1,1,791.6688205935039,3.2
2,0,4,0,177,339,0,1,1,393.3786098790552,3.1
4,1,4,0,137,783,1,1,1,879.8728739471749,3.4
4,1,9,0,193,35,0,0,0,0.0,3.3
4,1,2,0,91,396,0,0,0,0.0,3.1
1,0,6,1,189,452,0,1,1,794.473854912619,3.4
0,1,8,0,57,188,0,0,0,0.0,3.3
4,1,3,1,18,641,0,0,0,0.0,3.2
2,0,2,1,61,528,0,1,1,757.6612476224163,3.4
2,1,4,1,13,666,0,0,0,0.0,3.1
1,1,8,1,90,354,0,0,0,0.0,3.3
4,0,7,0,269,669,0,1,1,239.98612879784082,3.3
3,0,6,1,100,406,1,1,1,373.9478016041932,3.3
1,0,9,0,46,779,1,1,1,440.95966228128054,3.3
0,0,8,0,123,170,0,0,0,0.0,3.3
5,0,4,0,171,401,0,1,0,0.0,3.1
4,0,8,1,185,683,1,1,1,536.9268749640385,3.4
1,0,5,1,167,569,0,0,0,0.0,3.3
2,1,6,0,275,389,0,1,0,0.0,3.3
3,1,9,1,216,593,0,1,1,458.8887419705045,3.3
3,0,3,0,54,524,0,1,1,358.2392626742135,3.1
3,0,6,1,55,294,0,0,0,0.0,3.3
3,0,5,0,244,370,0,0,0,0.0,3.3
4,1,2,1,28,364,0,0,0,0.0,3.2
5,1,2,0,89,718,0,0,0,0.0,3.1
2,0,1,0,46,359,1,0,0,0.0,3.1
2,0,1,1,123,334,0,0,0,0.0,3.2
4,0,8,0,169,742,0,1,1,1174.6899204524634,3.4
2,0,7,0,7,294,0,1,1,398.40536399390396,3.3
3,0,8,0,280,672,1,1,0,0.0,3.2
2,0,2,1,53,527,0,0,0,0.0,3.2
5,0,7,0,101,538,0,1,0,0.0,3.3
1,1,6,0,121,625,0,1,1,707.2394982168639,3.4
1,1,1,1,228,32,1,1,0,0.0,3.1
2,0,4,0,155,437,1,1,1,500.5911227809184,3.4
5,0,3,0,78,58,0,1,1,649.7273083237819,3.4
5,0,2,0,34,106,0,0,0,0.0,3.1
2,1,1,1,65,129,0,0,0,0.0,3.1
4,0,5,0,251,420,0,0,0,0.0,3.3
0,1,5,0,80,410,0,1,0,0.0,3.3
3,1,9,1,131,211,1,0,0,0.0,3.3
0,0,2,1,234,633,1,1,1,1073.9980116130832,3.4
0,0,7,0,206,129,0,1,0,0.0,3.3
3,1,9,0,141,659,0,0,0,0.0,3.3
4,1,6,0,225,511,0,0,0,0.0,3.3
3,1,8,0,28,666,0,0,0,0.0,3.3
2,1,6,0,224,194,0,1,0,0.0,3.3
2,0,2,1,81,644,0,1,1,511.89014980442454,3.4
1,0,7,0,116,702,1,0,0,0.0,3.3
0,1,7,1,261,543,0,1,1,920.0781606780022,3.4
3,1,3,1,291,732,0,1,0,0.0,3.1
5,1,2,1,83,189,1,0,0,0.0,3.2
0,1,1,0,38,28,0,0,0,0.0,3.1
0,0,3,0,206,385,1,0,0,0.0,3.1
5,0,8,0,36,190,0,1,1,521.4212778116706,3.4
5,1,5,0,150,116,0,0,0,0.0,3.3
2,0,2,1,59,595,1,1,1,523.2453170594717,3.4
3,0,4,0,37,269,0,0,0,0.0,3.1
4,0,1,1,174,137,0,0,0,0.0,3.2
5,0,3,0,64,560,1,1,1,365.8062360302923,3.1
3,0,5,0,138,180,1,1,1,729.5784165142504,3.4
5,0,4,1,38,11,0,0,0,0.0,3.2
1,1,3,1,224,343,0,0,0,0.0,3.1
1,0,9,1,28,589,0,0,0,0.0,3.3
2,0,1,0,39,208,0,1,1,544.5140055660202,3.4
2,0,4,0,104,659,0,1,1,243.39669415605186,3.1
3,0,7,1,211,155,1,0,0,0.0,3.3
2,0,2,1,229,767,0,1,0,0.0,3.2
2,0,1,0,159,88,0,1,1,572.1868970680982,3.4
5,1,4,0,21,744,1,1,1,730.2194068171001,3.4
3,0,6,0,11,572,1,1,1,595.669914096316,3.4
3,0,2,0,207,662,1,0,0,0.0,3.1
3,0,3,0,81,53,1,1,1,1067.963769936152,3.4
2,0,3,0,146,440,0,1,1,596.9262806238139,3.4
0,1,2,1,199,302,1,1,1,506.41166735394654,3.4
1,1,4,1,59,23,0,0,0,0.0,3.1
1,1,6,0,184,527,0,1,1,1181.9177845014142,3.4
4,1,8,1,72,193,0,1,1,246.63590046159038,3.3
4,0,2,0,149,422,1,0,0,0.0,3.1
2,0,2,0,127,240,1,1,1,683.6804457578664,3.4
2,1,2,1,80,536,1,1,1,386.41384716632683,3.1
2,0,9,1,106,780,0,1,1,1186.4265461435298,3.4
3,0,8,0,283,468,0,0,0,0.0,3.3
4,1,5,1,216,669,0,0,0,0.0,3.3
2,1,1,1,246,60,1,1,1,523.8496307458448,3.4
5,0,5,0,157,321,0,0,0,0.0,3.3
1,1,4,1,225,180,1,1,1,947.461603481754,3.4
1,0,8,0,141,256,0,0,0,0.0,3.3
1,1,9,0,232,300,0,1,1,1032.261770672481,3.4
3,1,8,1,197,486,0,0,0,0.0,3.3
2,0,2,0,234,177,1,0,0,0.0,3.1
2,1,2,1,162,75,1,0,0,0.0,3.1
0,0,4,1,278,577,0,1,1,606.0762923670334,3.4
0,0,8,1,234,515,0,1,0,0.0,3.3
0,0,1,0,19,288,0,0,0,0.0,3.1
0,0,6,0,21,452,0,0,0,0.0,3.3
3,0,2,0,203,170,0,0,0,0.0,3.1
3,0,4,0,254,514,0,0,0,0.0,3.1
2,1,5,0,168,462,0,1,1,926.2864640181202,3.4
3,0,3,0,273,725,0,1,0,0.0,3.1
3,1,2,1,142,415,1,0,0,0.0,3.1
2,0,8,0,194,82,1,0,0,0.0,3.3
2,0,2,0,238,419,1,0,0,0.0,3.1
4,0,2,0,123,660,1,0,0,0.0,3.1
5,0,3,0,153,632,1,1,1,251.99343141130032,3.1
2,1,9,0,284,74,1,1,1,628.9699807175073,3.4
3,1,2,0,71,185,1,1,1,441.031737903611,3.1
5,0,2,1,249,528,0,1,0,0.0,3.2
2,1,2,1,164,715,0,0,0,0.0,3.1
3,1,6,0,23,100,0,0,0,0.0,3.3
1,1,9,1,68,333,0,1,1,1057.4148466508009,3.4
4,0,4,1,23,341,0,1,1,1169.2946620490802,3.4
1,0,2,0,281,223,1,1,1,253.776905333052,3.1
3,0,4,0,91,28,0,1,1,904.1547507888738,3.4
4,1,7,1,160,165,0,1,1,801.0767990063927,3.4
2,0,2,1,152,175,0,1,1,1133.5243127166304,3.4
2,1,8,0,256,367,0,1,1,404.2647583330054,3.3
1,0,4,0,173,761,1,1,1,622.005250845723,3.4
4,0,4,0,136,102,1,0,0,0.0,3.1
1,0,6,0,195,426,1,1,1,428.4184568319358,3.3
3,0,3,0,272,485,0,0,0,0.0,3.1
2,1,6,1,127,621,0,1,1,697.2454801895633,3.4
4,0,3,1,200,733,0,0,0,0.0,3.2
1,1,6,0,239,221,0,0,0,0.0,3.3
3,0,1,0,32,569,1,1,1,790.655226608641,3.4
2,0,7,1,11,314,1,1,1,718.5314333167083,3.4
1,0,5,0,203,400,0,0,0,0.0,3.3
3,0,9,0,134,90,0,0,0,0.0,3.3
3,0,8,1,116,120,0,0,0,0.0,3.3
2,0,2,1,202,391,1,1,1,1146.0021933390478,3.4
3,1,6,0,67,651,0,1,0,0.0,3.3
2,1,9,1,196,657,1,0,0,0.0,3.3
1,0,5,1,104,734,0,0,0,0.0,3.3
1,0,8,0,183,711,0,0,0,0.0,3.3
5,0,2,0,273,490,0,0,0,0.0,3.1
2,0,8,1,111,107,1,1,1,392.75432188703957,3.3
2,0,3,1,171,792,1,1,1,1177.7235118726435,3.4
2,0,8,0,139,534,0,0,0,0.0,3.3
1,1,2,0,204,553,0,1,0,0.0,3.1
1,0,2,0,107,554,0,0,0,0.0,3.1
3,0,9,0,116,536,0,0,0,0.0,3.3
5,0,2,0,29,377,0,1,0,0.0,3.1
2,0,6,1,180,76,0,1,0,0.0,3.3
4,1,3,0,13,429,0,1,1,441.5428127159779,3.1
0,1,7,1,35,682,0,1,1,631.4449923080103,3.4
1,1,8,0,231,88,1,1,1,331.0145544336144,3.3
2,1,9,0,169,736,1,1,1,360.2934738208287,3.3
1,0,4,0,201,712,0,0,0,0.0,3.1
2,0,5,1,132,708,1,1,1,854.4598928258747,3.4
1,1,1,0,239,649,1,1,1,707.2728444232404,3.4
3,0,6,1,277,431,1,1,1,452.960494457629,3.3
3,1,2,0,7,224,1,1,1,360.07565896870153,3.1
2,0,8,0,157,265,0,1,0,0.0,3.3
1,1,1,0,73,397,1,1,0,0.0,3.1
1,0,1,0,142,495,1,1,1,1031.5694983648616,3.4
2,0,7,0,173,112,0,1,1,485.9275596539883,3.3
3,0,2,1,273,206,0,1,0,0.0,3.2
1,1,3,1,37,446,0,1,0,0.0,3.1
2,0,8,1,37,285,0,1,0,0.0,3.3
5,1,6,0,73,475,1,1,0,0.0,3.3
3,0,6,0,65,372,0,1,1,303.6187876649666,3.3
3,0,7,1,51,401,1,1,1,793.2594701753773,3.4
2,1,4,0,94,354,1,0,0,0.0,3.1
0,1,2,0,101,471,1,0,0,0.0,3.1
3,0,5,0,133,774,0,1,1,1144.2661596555508,3.4
2,0,6,1,193,732,1,1,1,857.3930394946632,3.3
3,0,3,0,174,707,1,1,1,1063.3451045230606,3.4
0,0,9,0,157,447,1,1,1,277.8700643063663,3.3
5,0,5,0,101,42,1,1,1,665.2785720120073,3.4
1,0,2,0,120,400,0,0,0,0.0,3.1
2,0,6,0,185,139,0,1,0,0.0,3.3
2,1,3,0,34,586,0,0,0,0.0,3.1
1,1,6,0,72,410,1,1,0,0.0,3.3
2,1,3,0,12,458,0,1,1,1026.923908966861,3.4
2,1,6,1,246,396,0,1,1,686.0450744832292,3.4
1,0,6,0,193,660,0,1,1,571.2276477574305,3.4
2,1,8,1,93,218,1,1,0,0.0,3.3
1,0,8,0,98,601,1,1,0,0.0,3.3
3,0,9,0,212,604,1,0,0,0.0,3.3
5,1,9,1,62,82,0,1,0,0.0,3.3
3,1,1,1,188,286,0,1,1,672.7068986362891,3.4
4,0,8,0,59,559,0,0,0,0.0,3.3
2,0,8,1,59,317,0,0,0,0.0,3.3
2,1,3,1,280,570,1,1,1,660.9555141131827,3.4
0,1,1,0,101,759,0,1,1,773.1349346540705,3.4
1,1,2,0,183,646,0,1,0,0.0,3.1
4,1,6,1,215,413,1,1,0,0.0,3.3
2,1,7,0,199,555,1,1,1,301.55660342917884,3.3
1,0,6,0,270,196,0,1,0,0.0,3.3
4,1,9,0,203,205,1,0,0,0.0,3.3
5,0,3,0,208,252,1,1,0,0.0,3.1
4,0,7,1,244,148,0,0,0,0.0,3.3
1,1,3,0,158,130,1,0,0,0.0,3.1
3,1,7,0,68,308,0,1,0,0.0,3.3
3,0,8,0,92,772,1,0,0,0.0,3.3
1,1,7,1,171,352,1,0,0,0.0,3.3
4,0,3,0,95,124,0,1,1,675.796814994601,3.4
1,0,7,1,208,658,1,0,0,0.0,3.3
3,1,4,0,120,83,1,1,1,828.3363652986537,3.4
5,0,8,0,89,392,1,1,0,0.0,3.3
5,0,4,0,232,97,0,0,0,0.0,3.1
4,0,7,0,292,348,1,1,0,0.0,3.3
4,0,3,0,116,137,0,1,1,1189.256238615059,3.4
5,0,8,1,170,707,0,0,0,0.0,3.3
2,0,6,0,172,272,1,1,1,1124.8722554334101,3.4
1,1,6,0,36,569,1,0,0,0.0,3.3
2,0,4,0,72,198,1,1,1,989.143951292912,3.4
0,0,8,0,32,247,0,1,0,0.0,3.3
1,0,3,0,94,238,0,1,0,0.0,3.1
3,0,5,1,224,70,1,1,1,1195.8564291781622,3.4
0,1,9,0,180,732,0,0,0,0.0,3.3
2,0,4,1,174,332,0,1,1,1156.4981247770984,3.4
1,1,7,0,272,606,0,0,0,0.0,3.3
0,0,9,1,129,219,0,1,1,1105.9552097493824,3.4
1,0,3,0,238,581,0,1,1,1114.8159757649807,3.4
1,0,1,0,184,544,1,1,1,1035.2172606087688,3.4
2,1,6,1,23,402,1,0,0,0.0,3.3
3,0,8,1,135,488,1,1,0,0.0,3.3
5,1,9,0,45,455,1,1,1,694.9116047766605,3.4
5,1,5,0,169,261,0,1,1,547.7397822959258,3.4
2,1,5,0,277,313,0,0,0,0.0,3.3
3,0,5,0,139,663,0,0,0,0.0,3.3
2,1,6,1,71,13,0,0,0,0.0,3.3
5,0,2,0,266,737,1,0,0,0.0,3.1
2,0,8,1,75,498,0,1,1,1141.4111814185012,3.4
4,1,6,1,278,148,0,0,0,0.0,3.3
0,0,9,0,118,450,0,0,0,0.0,3.3
3,1,8,1,97,417,0,1,1,289.01612473389616,3.3
3,0,2,0,144,337,0,1,1,879.3155399660034,3.4
2,0,1,1,181,728,1,0,0,0.0,3.2
1,0,1,0,195,299,1,0,0,0.0,3.1
3,0,5,1,205,159,1,0,0,0.0,3.3
0,1,4,0,19,769,0,1,0,0.0,3.1
2,0,1,0,266,92,1,1,0,0.0,3.1
3,0,2,1,179,715,0,1,1,241.9501514900501,3.2
2,0,7,0,232,420,0,0,0,0.0,3.3
2,1,3,0,137,593,1,1,1,1121.8536737859097,3.4
3,0,6,0,69,202,1,1,1,1007.662077665546,3.4
3,0,8,0,166,311,0,1,0,0.0,3.3
2,0,2,1,289,189,0,1,0,0.0,3.2
5,0,9,0,299,656,1,1,0,0.0,3.3
2,0,9,0,281,147,0,1,1,657.299797996898,3.4
1,1,9,1,85,753,0,1,0,0.0,3.3
3,0,5,1,179,666,0,1,1,1126.2274502058299,3.4
2,0,2,1,107,622,0,1,1,1035.806369617836,3.4
1,0,4,0,169,618,1,1,1,1142.955454735619,3.4
2,1,5,0,269,342,0,1,1,740.8595788250777,3.4
5,0,7,1,73,655,0,0,0,0.0,3.3
1,0,7,0,90,25,0,1,1,261.66620730740414,3.3
2,1,8,0,160,333,1,1,1,478.628333089757,3.3
1,0,6,0,73,186,0,0,0,0.0,3.3
2,1,3,1,7,705,0,0,0,0.0,3.1
2,0,6,0,20,750,1,1,1,914.5417014500051,3.4
