es_basico,es_superior,num_pisos,area_construida_m2,atiende_personas_discapacidad,capacidad_alumnos,cantidad_aulas,es_remoldeada,subfuncion
1,0,11,19514.305906791957,0,151,87,0,4.2
1,0,3,612.5539079654809,1,1467,42,0,4.1
0,1,12,674.2543835312523,0,2758,46,0,4.2
1,0,3,9623.303582552353,1,1184,105,0,4.1
1,0,12,14125.876624353928,0,1399,57,0,4.2
0,1,8,956.274175768938,1,2155,54,0,4.2
1,1,6,879.7009821434087,0,361,78,1,4.4
0,0,7,13068.77307464301,1,749,113,0,4.2
1,0,12,6972.37963236133,0,550,92,0,4.2
1,0,8,18252.278484220584,1,260,45,1,4.4
1,0,7,7843.459810719989,1,128,48,0,4.2
1,0,3,19043.547710560746,1,796,18,0,4.1
1,0,3,882.5867235996828,1,593,100,0,4.1
0,1,4,23577.05390689373,0,3514,90,1,4.4
1,0,12,20111.43471478795,1,1384,96,0,4.2
1,1,9,20468.56767147008,1,909,76,0,4.2
0,1,8,23578.451627421728,0,3504,56,0,4.2
0,0,2,17835.537689118606,1,728,117,1,4.4
1,1,1,6065.091077607613,0,1907,94,1,4.4
0,1,11,6129.782463107905,0,3131,102,0,4.2
1,0,12,12754.149540843895,0,689,63,0,4.2
0,1,7,4441.724082224287,0,2585,108,0,4.2
1,0,10,6522.746530107374,0,375,116,0,4.2
1,0,12,14001.50699481673,1,1044,13,0,4.2
0,0,6,19518.901091854834,0,616,117,0,4.2
0,1,9,16621.19405079059,0,4633,70,0,4.2
1,1,1,12397.953508067521,0,1727,12,1,4.4
0,1,3,15944.682192828795,0,3636,55,1,4.4
0,1,12,16756.209085611183,1,3267,65,0,4.2
0,1,12,23517.418750387566,1,3644,10,0,4.4
1,1,3,24510.256434529536,0,2500,89,0,4.3
1,1,10,23410.253876603445,0,2095,50,0,4.2
0,0,11,7452.735651631575,0,1446,47,0,4.2
1,1,2,21690.100732644583,1,3150,61,0,4.1
1,1,12,22176.767008871433,0,2974,67,0,4.2
0,1,10,21524.074995960713,0,4054,58,0,4.2
0,0,12,15609.972847893107,0,913,98,0,4.2
0,1,12,17893.418094080807,0,319,67,0,4.2
1,0,7,10765.030426008683,0,663,5,0,4.2
1,0,5,15992.937786699425,0,610,26,0,4.2
1,1,9,8612.8037012384,0,3318,117,0,4.2
1,0,10,12341.235290409126,1,1342,98,0,4.2
0,1,10,15683.911901284486,1,3016,73,0,4.2
0,0,12,14685.811973709237,1,719,39,0,4.2
0,1,3,20528.628409904573,0,1266,48,0,4.3
1,0,2,17106.868658067284,0,999,94,0,4.1
1,1,2,15760.676884819111,1,928,25,1,4.4
1,1,3,24763.578035816765,0,2343,28,1,4.4
1,1,7,18888.11756470859,0,4152,66,0,4.2
1,0,4,369.8575218594292,1,105,13,0,4.2
0,1,5,2383.433266736179,0,3138,89,1,4.4
0,0,10,24358.780392506815,1,663,9,0,4.2
0,1,9,19061.61472976506,0,3524,106,0,4.2
1,0,10,3750.4600601314346,0,1475,87,0,4.2
0,0,7,24651.426489189485,1,1123,35,0,4.2
0,1,3,2868.8173094231684,0,1443,62,0,4.3
0,1,3,14625.882250919274,1,1414,117,0,4.3
1,0,5,1180.6795041245018,1,793,105,0,4.2
1,0,1,17424.14235571697,0,1312,20,0,4.1
0,0,6,11445.853144364251,1,1061,96,0,4.2
1,0,5,24362.430710887544,1,531,67,0,4.2
0,1,3,20581.177348786907,1,455,73,0,4.3
0,0,5,756.537664981575,0,1118,22,1,4.4
0,1,6,20746.18909559221,0,4200,102,0,4.2
1,0,12,20341.235127338932,1,800,57,0,4.2
0,1,5,11318.548969221329,0,4346,49,0,4.2
0,1,12,6789.944802430153,0,449,38,0,4.2
1,0,12,14067.355491231117,1,430,116,0,4.2
0,1,11,5402.8076215718775,0,1529,102,0,4.2
1,1,9,12898.33828007929,0,4837,110,1,4.4
1,0,10,19246.051758753398,0,98,38,0,4.2
1,1,11,1988.9968699057315,0,3645,20,0,4.2
1,0,3,12929.37776611885,1,90,55,0,4.1
1,0,5,13763.011199264474,0,1099,38,0,4.2
1,0,9,17225.83945569247,1,136,67,0,4.4
0,1,4,5312.798151084086,0,725,94,1,4.4
0,1,11,6385.679914166117,1,1846,27,0,4.2
1,1,3,9989.379429351655,0,4780,32,0,4.3
1,1,12,5907.088647590051,0,1803,14,1,4.4
1,1,2,13987.782422165892,0,2672,105,0,4.3
0,1,6,15183.79300198649,0,2909,25,0,4.2
1,0,8,22429.459073197988,0,1093,105,1,4.4
1,0,4,231.9701593003749,1,533,106,0,4.2
0,1,3,20980.70571169536,0,1341,72,0,4.3
1,0,10,19217.709585926685,0,874,111,0,4.2
1,1,10,24750.009786509636,0,3913,88,0,4.2
0,1,8,15191.936838290381,0,1318,53,1,4.4
1,0,11,23464.677374843843,0,542,44,0,4.1
1,0,12,4175.0329773560425,0,34,87,0,4.2
1,0,9,17106.253379086596,0,645,18,1,4.4
1,1,1,5882.096109155751,1,4798,70,0,4.1
0,1,6,8387.113069220859,1,2235,98,1,4.4
1,0,5,19486.441282363703,0,546,78,0,4.2
1,0,8,15138.551014605562,0,1314,33,0,4.2
0,1,3,14181.157848342049,0,2316,24,0,4.3
0,1,10,23687.3551563342,0,2388,108,0,4.2
1,0,12,2645.09533920747,1,1186,41,0,4.2
0,1,6,2025.2945306708027,0,3568,90,1,4.4
1,0,4,3204.1007619613442,1,596,119,0,4.2
1,1,4,19715.96822899086,0,774,29,1,4.4
1,1,11,11360.226728156198,0,1405,28,0,4.2
1,0,11,15843.380769196307,0,996,85,1,4.4
1,0,8,12604.65575724794,1,1194,98,0,4.2
0,0,1,1010.0867294175625,0,47,5,1,4.4
1,1,2,12475.5975256491,0,3535,33,0,4.3
1,0,2,10277.4808603426,0,1231,11,0,4.3
1,0,8,2692.303691415889,1,608,55,0,4.2
1,0,8,20190.56870916839,1,194,58,0,4.2
0,0,7,18424.024868580458,1,1434,23,0,4.2
0,0,4,8463.059843030893,0,736,91,0,4.2
1,0,9,10959.550575469386,0,883,112,0,4.2
1,0,1,12170.98134204362,0,550,44,0,4.1
1,1,4,3393.6776570207267,1,2857,91,0,4.2
1,0,9,6923.974995111429,0,1206,106,1,4.4
1,0,9,6735.809994934967,1,639,16,0,4.2
0,1,5,9640.149353412487,0,4425,58,0,4.2
0,1,5,20943.26686850543,1,386,43,0,4.2
1,0,6,18341.045220535234,0,780,24,0,4.2
0,0,11,8422.672881342325,0,102,77,0,4.2
0,1,9,6235.41062765376,0,1452,112,0,4.2
0,1,12,20205.013270237352,1,529,61,0,4.2
0,1,8,16009.83969482312,0,2621,84,1,4.4
1,0,10,1384.7355858018789,0,1069,75,1,4.4
1,0,5,18302.489419311212,0,856,91,1,4.4
1,1,11,20739.995306351866,0,1382,28,0,4.2
1,1,8,11081.700827529225,0,238,19,1,4.4
0,1,1,22160.84593108106,0,3721,59,0,4.3
1,0,2,23482.785692971116,1,1092,50,0,4.1
1,1,9,14560.85445996046,0,2624,14,0,4.2
1,1,1,2850.805416971727,0,2233,72,0,4.3
1,0,9,2825.7432071099674,0,993,16,1,4.4
1,1,7,21990.0458582979,1,210,66,0,4.2
0,0,4,20961.86080855281,0,1419,78,0,4.2
1,0,8,8818.11895325158,0,1100,91,1,4.4
0,0,10,12929.673315436674,1,32,36,0,4.2
0,1,4,14544.146575161498,1,2882,96,0,4.2
0,0,8,23296.57825914285,0,1279,92,0,4.3
0,1,6,24056.83711754204,0,995,73,1,4.4
0,1,3,20634.556051536216,0,4130,81,0,4.3
0,1,1,4017.7824265928966,0,562,49,0,4.3
0,1,7,22052.76460598172,1,3008,119,1,4.4
1,1,2,20467.378900564647,0,2212,16,0,4.3
0,1,1,2984.5120338284155,0,4743,92,1,4.4
1,0,9,24078.500896088968,1,601,83,1,4.4
0,1,2,23687.717417582815,0,1117,21,0,4.3
0,1,2,24754.69448149111,1,3947,103,0,4.3
1,0,3,6387.467867240717,0,1483,102,1,4.4
1,0,7,20665.427068417426,0,1003,88,0,4.2
0,0,12,18308.62466764477,1,898,63,1,4.4
1,0,10,22363.07017161045,0,1038,29,0,4.2
1,1,12,4719.585341007716,1,3580,12,1,4.4
0,1,12,909.9018693321727,1,3146,24,1,4.4
1,0,12,6263.744894524041,0,985,67,0,4.2
0,1,1,389.3514437117058,0,4633,114,1,4.4
0,1,12,19518.28962344441,0,413,55,0,4.2
0,0,6,15492.077784521165,1,743,44,0,4.2
1,0,1,20630.399767731164,1,1156,70,1,4.4
0,1,10,4270.316298250837,0,516,71,1,4.4
0,1,9,17755.606934327818,1,1913,96,1,4.4
0,0,4,13869.736169539765,1,51,30,0,4.4
0,1,6,14872.63834292345,1,1760,49,0,4.2
1,1,7,10898.017815514084,0,3865,74,0,4.2
0,0,3,2130.0095898554246,0,474,97,0,4.1
0,0,5,18206.50983718107,1,433,41,0,4.2
0,0,1,12898.497108437252,1,1303,102,0,4.1
0,1,10,24804.119576882742,0,4932,16,0,4.2
0,0,10,17924.041620584005,1,1351,48,0,4.2
1,0,9,6256.053752639108,1,43,107,0,4.2
1,1,9,10036.244058814065,1,4556,69,1,4.4
0,1,11,22104.37077455274,0,2839,78,0,4.2
1,1,8,15466.910166440348,0,775,88,0,4.2
1,1,1,21119.84417933301,0,2403,115,1,4.4
1,0,2,3161.9731323877054,0,1054,39,0,4.1
1,1,12,3793.7457039560127,1,1439,47,0,4.2
0,1,8,12938.341111623331,0,4123,27,0,4.2
0,1,7,4143.309177091791,0,4812,115,0,4.2
0,0,10,536.1481724653497,0,332,108,1,4.4
0,0,1,5470.311294703158,0,1106,52,0,4.1
0,1,6,8020.977685091176,1,4983,17,1,4.4
0,1,6,8243.125722924644,0,3753,86,1,4.4
0,1,6,16261.959003980388,0,3347,75,0,4.2
0,1,1,11166.044373504918,0,3538,103,0,4.3
0,1,5,21597.007874338447,0,2701,32,0,4.2
1,1,5,6227.134504070156,0,242,52,0,4.2
0,1,5,4974.871843520298,0,2038,19,0,4.2
1,0,6,4944.502247313994,0,993,116,0,4.2
0,1,8,7851.561708984491,0,1881,6,0,4.2
1,0,12,4617.814857621111,0,341,117,0,4.2
0,1,7,20412.141223256593,0,1908,110,0,4.2
0,0,9,19864.221874474857,0,1013,46,1,4.4
1,0,2,18325.7558828823,1,1220,78,1,4.4
1,1,5,4283.553772847099,0,1449,37,0,4.2
1,1,12,5234.035496508818,0,1168,82,0,4.2
1,0,7,17409.099395785084,0,1220,45,0,4.2
1,0,10,8496.955605609968,1,650,114,0,4.2
0,1,1,5743.744415452002,0,907,17,0,4.3
0,0,5,6851.571168854602,0,410,62,0,4.2
0,1,1,24887.464218536,0,4411,12,0,4.3
0,1,9,4344.900660530547,0,832,59,1,4.4
0,1,7,10042.966303651772,0,1740,88,1,4.4
0,1,6,6500.476934158789,0,1212,20,0,4.2
1,0,7,6651.502990779987,1,370,6,1,4.4
1,1,7,23565.436775645605,1,461,39,1,4.4
0,1,12,23271.820844633516,0,793,49,0,4.2
0,0,7,7686.510563541216,0,1458,39,0,4.2
1,0,10,20579.766034495588,0,851,37,1,4.4
0,1,4,12613.895303939717,0,1248,17,0,4.2
1,0,4,2091.1383195466187,1,157,100,0,4.2
0,0,6,108.27940240018621,0,692,87,0,4.2
1,0,11,18880.91325416219,0,1012,87,0,4.2
0,0,7,17334.817408183884,0,814,105,0,4.2
0,1,7,18135.504994948864,0,967,103,0,4.2
0,1,6,24099.17465951054,0,2493,106,0,4.2
1,1,1,8155.159833295696,0,2585,105,1,4.4
1,1,5,21124.491360216438,0,2757,72,1,4.4
0,1,4,21503.17426800895,0,2644,117,1,4.4
1,1,12,2002.7798000074806,0,441,62,0,4.2
0,1,8,22388.431743592755,0,278,21,0,4.2
1,1,1,11137.499877346094,0,3471,91,0,4.3
1,0,5,12763.624307244703,1,395,104,0,4.2
0,1,11,10362.060163543012,0,2767,68,0,4.2
1,0,8,19253.656381169527,0,991,83,0,4.2
0,1,9,23999.680300090633,0,569,14,1,4.4
0,1,5,23015.399812363252,0,3559,102,0,4.2
0,0,9,9462.222959538654,0,819,34,1,4.4
1,0,5,7219.079052055087,1,68,117,0,4.2
0,1,8,18729.978458877038,0,1959,79,0,4.2
1,1,2,2787.7984946969623,0,482,54,0,4.3
0,1,11,18978.80677580578,0,714,67,0,4.2
1,1,9,19051.926272374632,0,561,62,0,4.2
0,1,8,4929.451294967594,1,3762,93,0,4.2
0,1,9,9443.971620622391,0,2481,94,1,4.4
1,1,5,9261.724707421903,0,1978,99,0,4.2
0,1,4,18079.56636124815,1,426,30,0,4.2
0,1,6,4255.439434586286,0,2520,75,0,4.2
1,1,7,17603.291680369053,0,2783,38,0,4.2
1,1,3,1557.918138175082,0,741,62,0,4.3
1,1,4,3147.181257396931,0,2728,22,0,4.2
0,0,9,23334.521950454586,0,430,74,0,4.2
1,1,12,9657.440503132795,0,3671,73,0,4.2
1,0,1,14686.672634700359,1,739,85,1,4.4
1,0,10,21830.983237066586,0,78,25,0,4.2
1,0,7,22607.44192348333,1,821,61,0,4.2
1,0,9,18809.239642123237,1,955,28,0,4.2
1,0,12,19699.452404779942,1,1453,58,0,4.2
1,0,4,936.9786445637376,1,1494,25,0,4.2
1,0,2,18337.973422768435,0,973,75,0,4.1
0,1,5,24534.297553381442,0,3870,94,0,4.2
1,0,12,8802.708664961789,0,1231,72,0,4.2
0,1,8,2957.744909543515,1,2290,45,1,4.4
0,1,2,12168.93754953817,1,3337,78,0,4.3
0,1,8,19695.556359449893,0,4866,14,1,4.4
1,1,5,4201.1882004641675,0,2991,89,0,4.2
1,0,8,24626.24243790779,0,476,70,0,4.2
0,1,4,19978.770286785773,0,2014,93,0,4.2
1,0,12,13130.907816749059,0,193,105,0,4.2
1,0,8,13052.744028963705,0,1321,6,0,4.2
0,0,8,12725.572486249483,0,642,36,0,4.2
1,1,6,21436.161008269843,0,4158,20,1,4.4
1,1,2,4232.276892865047,1,1794,31,0,4.1
1,0,10,2077.2239576114353,0,730,96,1,4.4
0,1,12,24702.832609654073,1,2099,77,0,4.2
0,1,10,6184.064525583007,0,1441,66,0,4.2
0,1,2,18745.77579038633,0,3447,26,0,4.3
0,0,1,3243.992064956118,0,965,32,0,4.1
0,1,7,7053.97460251482,0,641,29,0,4.2
1,0,5,16363.753484228948,1,489,21,1,4.4
0,1,1,21868.245431044954,0,1577,50,0,4.3
0,1,11,10621.45586496742,0,4565,30,1,4.4
0,1,3,18873.65139955992,0,2420,75,0,4.3
0,1,3,21831.570605196586,0,1133,57,0,4.3
1,0,8,7167.328330885655,1,850,103,0,4.2
0,1,12,21321.37047234042,1,4208,59,0,4.2
1,1,11,24886.394153163616,1,860,73,0,4.2
1,1,9,22749.707803971152,0,1176,102,1,4.4
1,1,12,22775.846827934976,0,726,109,0,4.2
1,0,6,14833.259341427505,0,161,59,0,4.2
1,1,6,6640.623500706428,0,2594,59,1,4.4
1,0,2,9110.142020807954,0,759,31,0,4.1
0,1,1,15600.740423670655,0,1655,113,0,4.3
1,0,1,5554.813346636259,0,921,101,0,4.1
0,1,11,1205.2555270542755,0,4848,21,0,4.2
1,0,11,1216.8538437868597,0,156,50,0,4.2
0,1,5,6528.514029360113,0,3572,94,1,4.4
1,1,7,17967.5459058167,0,3960,51,1,4.4
0,1,4,9289.420241846823,0,2659,44,1,4.4
1,1,7,10375.615619476575,0,401,70,1,4.4
1,0,9,15353.079361785998,1,1137,74,0,4.2
1,1,8,20518.314465071966,0,4563,39,0,4.2
1,0,1,5479.678988791012,0,1461,42,1,4.4
1,1,7,13609.105776453061,1,3459,112,1,4.4
0,0,7,8039.783776196357,0,1171,104,0,4.2
1,0,7,3650.5941876395277,1,1246,51,0,4.4
1,0,11,10299.759482891277,1,605,73,0,4.2
0,1,4,4267.257355151836,1,1599,92,0,4.2
1,0,6,23148.36951763086,1,291,63,0,4.2
1,0,5,23902.378840987447,0,1140,10,0,4.2
0,0,4,870.3473538104151,1,1331,72,1,4.4
1,0,5,20857.88405224588,0,1469,113,0,4.2
1,0,12,20784.143911949915,0,1333,103,0,4.2
1,0,3,22019.837577508282,0,791,23,0,4.1
1,1,4,22682.875939987363,0,3362,102,0,4.2
0,0,11,13778.129737139034,0,587,16,1,4.4
1,0,4,21602.333310612175,1,1281,106,0,4.2
1,1,9,9120.47536875492,0,4002,86,0,4.2
0,1,3,5091.815436657229,0,315,49,0,4.3
0,0,6,6475.584371113362,1,316,84,1,4.4
1,0,10,3447.434722262234,0,1257,70,0,4.2
1,0,3,24945.739306481257,0,142,108,0,4.1
1,1,5,241.07878178622502,1,2435,77,1,4.4
0,1,9,18106.422212969275,0,2214,106,0,4.2
0,1,2,251.60983117199285,0,557,20,0,4.3
0,0,6,1350.6276854529467,0,140,35,0,4.2
0,0,7,22662.163953099178,0,350,21,0,4.2
0,1,9,19014.324574624934,0,382,27,1,4.4
0,1,4,17097.16880846272,0,1211,57,1,4.4
1,0,7,18044.31311754952,0,1343,86,1,4.4
1,1,9,103.35385581168447,0,2009,100,0,4.2
0,1,6,6245.914343127366,0,867,15,1,4.4
0,1,4,19744.41854722258,1,2388,87,1,4.4
0,0,10,1153.0645556447619,1,661,59,0,4.2
0,1,1,7033.141265435821,0,3723,51,1,4.4
1,1,5,1299.8317085930762,0,2787,45,0,4.2
0,1,9,1403.6400026680628,0,2457,105,1,4.4
1,1,11,18289.359387873876,0,3371,113,1,4.1
1,1,2,18453.704105758075,1,1139,25,0,4.1
0,1,11,9257.871095128206,0,1873,57,0,4.2
1,1,8,20972.807452688052,0,4693,14,0,4.2
1,0,4,347.10314608310716,0,769,64,0,4.2
1,0,1,13080.27158658806,1,204,98,0,4.1
1,1,9,19351.232660574922,0,3003,61,0,4.3
0,1,4,21191.8145918991,0,4626,12,1,4.4
1,1,4,22496.43479239793,0,2404,102,0,4.2
1,1,4,23948.966044606277,1,3916,60,1,4.4
0,0,9,5204.032117217729,1,1252,110,1,4.4
1,0,5,13228.903004789889,1,892,32,0,4.2
0,1,6,11802.707877132621,1,4981,118,0,4.2
1,0,8,3443.443787466661,1,44,100,0,4.2
1,0,6,19045.273178410942,0,1276,98,0,4.2
1,0,12,21106.87663489041,1,362,54,1,4.4
0,0,3,12506.076412431898,1,475,80,0,4.1
0,1,6,424.43623715138534,0,996,63,0,4.2
1,0,2,18957.024157647527,0,37,98,0,4.1
0,1,11,24008.17783974576,0,285,48,0,4.1
1,1,11,1246.8126813299136,0,2569,59,0,4.2
1,0,3,22376.6056596831,1,1491,31,1,4.4
1,1,3,9872.208837114053,0,3896,107,0,4.3
0,0,4,14388.647227202382,0,1111,30,1,4.4
1,0,9,5794.490794069083,1,1331,102,0,4.2
1,1,8,14544.211983269419,0,2529,119,0,4.2
0,0,8,10083.449885578862,0,820,110,1,4.4
1,0,3,14885.681772159425,0,504,72,0,4.1
1,0,11,20912.06560497185,1,1023,97,1,4.4
1,0,7,1230.5417085704444,0,906,73,0,4.2
1,1,12,13110.503509031152,0,1873,44,0,4.2
1,0,3,1392.3334953239944,0,449,115,0,4.1
0,1,5,17844.27119415297,0,405,61,0,4.2
0,0,8,19085.82382344127,0,782,20,0,4.2
0,1,9,6794.2838870758,0,3032,72,1,4.4
1,1,1,12894.976158748515,0,4075,85,1,4.4
0,1,11,20107.600900029865,0,366,61,0,4.2
1,1,6,16662.140236536296,0,3608,67,1,4.4
1,1,1,9574.890975760374,0,1767,100,0,4.3
1,0,8,19958.929277376265,0,703,65,0,4.2
1,1,1,24179.17835387804,0,2440,73,0,4.3
1,0,3,23816.431205527384,0,1142,24,0,4.1
1,0,9,19937.36679006517,0,404,71,1,4.4
0,1,8,1390.7113980812526,0,2578,9,0,4.2
1,1,5,1801.9946877179696,0,249,116,0,4.2
1,0,7,23616.769709088156,0,244,18,1,4.4
0,1,8,6980.345800799755,0,4864,12,0,4.2
1,0,5,24476.04192532349,0,1135,94,0,4.2
1,0,3,5212.790173799315,1,237,6,0,4.1
0,1,7,4385.554010287165,1,2800,58,0,4.2
1,1,5,476.2560369404284,1,1942,31,0,4.2
0,1,4,6313.156734272391,0,2842,30,0,4.2
1,0,5,5145.552589970045,0,639,34,0,4.2
1,1,1,13595.552864755171,1,3691,77,1,4.4
0,1,1,12501.205787116038,0,4985,39,1,4.4
0,0,4,10916.642643264584,0,944,96,0,4.2
1,1,8,16384.45289926105,0,1334,100,1,4.1
1,0,2,1656.904763996859,0,1367,37,0,4.1
0,0,6,9643.777567090814,0,348,81,1,4.4
1,0,11,13084.080701755314,0,1126,10,1,4.4
0,0,5,16694.92988341821,0,882,6,0,4.2
0,1,4,13422.135064513428,0,1558,96,0,4.2
0,1,4,14796.793212857228,0,2335,72,0,4.2
0,1,9,6579.8912898322105,0,844,117,0,4.2
0,0,4,11210.410402340838,0,1182,72,1,4.4
0,1,10,20731.034387861426,1,2791,59,1,4.4
1,1,7,5871.411398204816,0,336,10,0,4.2
1,0,10,22120.976020871985,0,443,61,0,4.2
1,1,4,5816.99420277382,0,3518,108,1,4.4
0,0,6,2180.5030040161746,0,967,119,0,4.2
1,0,9,5376.168827958716,0,787,23,0,4.2
0,1,9,10452.800077730715,0,218,71,0,4.2
1,1,3,13712.46285197229,0,4388,52,1,4.4
1,0,7,3656.7649238768636,0,100,17,0,4.2
1,1,5,19434.58363601035,0,450,7,0,4.2
0,1,9,18309.781340612077,0,704,90,1,4.4
1,0,3,20532.909066147007,0,928,15,0,4.1
0,0,2,1767.6429394292609,1,745,115,0,4.1
1,1,2,9449.176318815858,0,2582,24,1,4.4
1,0,6,18257.94509854971,0,673,64,0,4.2
0,1,11,20801.055884927053,1,870,102,1,4.4
1,0,10,13746.00568093958,0,836,100,0,4.2
0,1,11,4330.037050663309,0,419,10,0,4.2
0,1,10,22239.28530610625,0,1693,66,0,4.2
0,1,8,14753.772885458822,0,2633,98,1,4.4
0,1,10,17434.28801393434,0,1057,27,0,4.2
1,1,3,23482.805138312262,0,4451,25,0,4.3
0,1,7,19442.083036839955,1,2014,74,1,4.4
0,1,8,875.6124105554375,0,4700,100,0,4.2
1,1,6,10781.724802838173,0,3775,108,0,4.2
0,1,8,6300.317529116339,1,4039,42,0,4.2
1,1,10,242.39267588365325,0,4646,19,0,4.2
0,0,5,19615.082451773385,0,537,52,0,4.3
0,1,4,1069.5566155228737,0,1458,62,0,4.2
0,1,9,1826.2754266553425,0,218,47,0,4.2
0,1,7,23211.73424303739,1,2787,73,0,4.2
1,1,6,20129.910085969088,0,1237,79,1,4.4
1,0,8,23548.130467784962,0,1396,45,0,4.2
1,1,1,15934.9141379851,0,1878,108,0,4.3
0,1,2,576.7072131212333,0,574,63,0,4.3
0,0,3,16011.900756981528,1,42,81,0,4.1
0,1,11,14861.720494651943,1,3421,24,0,4.2
1,1,4,6232.521868382237,0,2766,84,1,4.4
1,1,8,22126.123993737576,0,4474,88,0,4.2
0,1,5,1653.612308097103,0,4056,68,1,4.4
0,1,7,5348.748228595712,0,2523,54,0,4.2
1,0,3,24634.06542395341,0,265,60,0,4.1
0,1,8,3329.0065577834603,0,836,17,0,4.2
0,0,6,21630.00715426769,0,60,15,0,4.2
1,1,8,7660.236059781622,0,3383,64,0,4.2
1,0,9,17908.142724028006,0,819,17,0,4.2
0,1,10,7915.4998683895155,0,4974,17,1,4.4
1,0,2,11824.597169957102,0,1091,87,0,4.1
0,0,7,11404.348788872505,1,859,108,0,4.2
1,1,9,12871.136682418353,1,4605,8,1,4.4
0,1,6,21382.115907320618,1,1866,113,0,4.2
0,1,7,14324.385701433725,0,1429,36,1,4.4
1,1,5,4460.566189245796,0,2534,89,1,4.4
1,0,10,19835.610848907454,1,746,85,0,4.2
1,0,10,6003.409242081769,1,1332,50,0,4.2
0,1,5,11710.855382201487,0,3543,6,1,4.4
0,1,2,10006.856005133937,0,3028,47,0,4.3
1,1,4,16783.81019140841,0,3635,99,0,4.2
1,0,9,20995.591835009436,0,768,79,0,4.2
1,1,9,15247.155550193515,0,1544,111,1,4.4
0,1,1,5348.458088931737,1,623,27,1,4.4
1,1,3,13165.917377769661,0,4522,119,0,4.3
1,0,7,6710.860544983901,1,1200,60,0,4.2
0,0,4,8825.289925253915,1,87,17,0,4.2
0,1,3,7865.797950516759,0,2161,86,1,4.4
0,0,2,23222.900996673314,0,166,115,0,4.1
1,0,9,22839.493742494262,0,949,110,1,4.4
1,0,8,20453.455397922124,1,493,117,0,4.2
0,1,2,21417.69922544221,0,4435,91,0,4.3
1,1,2,4697.348187949494,0,827,90,0,4.3
1,1,10,7568.557537447864,0,1525,29,0,4.2
0,1,12,18351.70266984332,0,729,25,1,4.4
0,1,2,14058.437244126111,1,3983,79,1,4.4
0,1,8,2394.9821659635645,0,3468,77,1,4.4
0,1,11,13354.067711191215,0,1825,81,0,4.2
0,0,10,19859.90929801616,0,727,89,0,4.2
1,0,1,11502.431961407296,0,790,67,0,4.1
0,1,3,8835.395822441888,1,3958,21,0,4.3
1,1,6,14185.635486311043,0,271,65,0,4.2
0,0,8,23320.61647264087,1,436,93,0,4.2
1,0,11,16444.59912716636,1,814,18,1,4.4
1,1,11,1196.6054467727633,0,2666,23,0,4.2
0,0,8,15334.592400570215,1,392,54,0,4.2
1,1,5,1845.692677067298,0,4107,44,0,4.2
1,1,12,13005.076793546394,0,957,12,0,4.2
0,0,8,1350.3393490923359,0,1178,61,0,4.2
1,0,5,10768.601805835007,1,200,49,0,4.4
0,1,4,19226.391641683967,0,3417,19,0,4.2
1,1,8,1077.8084146171427,0,3922,47,1,4.4
1,1,5,21444.072260783756,0,3562,26,0,4.2
0,1,10,741.6630092323435,0,798,18,0,4.2
0,0,3,22189.27099887009,0,59,29,0,4.1
1,1,10,2194.778790258633,0,4670,45,0,4.2
1,0,11,690.3230657485077,1,714,11,0,4.2
0,0,10,23180.217023644593,0,813,117,0,4.2
0,1,9,19705.561757916897,0,2545,80,0,4.2
1,0,11,17765.027729385973,1,604,108,0,4.2
1,0,1,5729.368868163011,1,119,84,0,4.1
0,1,7,5357.035969695132,1,3395,41,0,4.2
0,1,10,5293.850356752163,0,484,24,0,4.2
1,0,2,1511.3427609293014,0,500,38,0,4.1
1,0,4,7866.60644786396,0,1040,23,0,4.2
0,0,4,2729.229494818336,0,307,62,0,4.2
1,1,7,3020.2756802310814,0,1382,39,0,4.2
1,1,2,10915.601303716321,0,2563,92,0,4.3
1,0,11,7045.558094229571,0,370,8,0,4.2
1,1,11,24799.87240624222,0,4259,57,1,4.4
0,0,10,7266.999341404986,1,1248,16,0,4.2
0,0,2,14426.443410914555,0,1149,14,0,4.1
0,1,10,6351.894581262677,0,1460,26,0,4.2
1,0,10,14894.132382635793,0,1126,80,0,4.2
0,0,7,15821.24561860145,0,1461,31,0,4.2
1,0,5,14464.34191264909,0,309,25,0,4.2
0,1,10,10224.10438025086,0,4331,49,0,4.2
0,1,9,7766.37091220461,0,4443,22,0,4.2
0,1,5,16579.681169338553,1,4014,99,0,4.2
0,0,7,3244.1513139825233,0,1454,45,0,4.2
1,0,7,18250.586082618414,0,876,47,0,4.2
1,0,6,2393.258979569786,1,280,88,0,4.2
1,1,6,16690.069750828057,1,2978,93,0,4.2
1,0,7,24684.670348630694,1,83,94,0,4.2
1,1,5,7713.024540437548,0,4196,88,0,4.2
1,1,3,16698.76541349637,0,1844,24,1,4.4
1,1,11,4747.334500962296,0,1699,56,0,4.2
1,0,8,24090.650692110754,0,328,81,0,4.2
1,0,12,11906.690977172462,0,1095,31,1,4.4
1,1,4,7763.495541799412,0,4623,63,0,4.2
1,0,4,4829.409797793267,0,681,47,1,4.4
0,1,9,20846.788479257193,0,2363,8,0,4.2
1,1,6,13806.747249863218,0,3769,32,0,4.2
0,1,1,12697.698192557005,0,997,96,1,4.4
1,1,8,24646.552489170124,0,706,51,0,4.2
1,1,9,23518.548426697125,0,3993,117,0,4.2
0,1,6,21717.415453629954,0,1411,38,0,4.2
0,1,7,14921.2203447131,1,4586,12,0,4.2
0,1,11,14859.996427667602,0,1636,20,0,4.2
1,1,7,23495.257866726628,0,3915,34,0,4.2
0,1,2,7743.609827004552,0,456,62,1,4.4
1,1,8,10195.028345964958,0,2854,105,0,4.2
1,0,11,8611.997408902493,1,873,33,0,4.2
1,1,5,2999.827368994642,0,1358,47,0,4.2
0,0,10,11084.648750542747,0,1249,117,0,4.2
1,0,10,19631.69628299865,0,173,99,0,4.2
1,1,9,623.4255574828071,0,2974,73,1,4.4
1,1,7,11101.65924956867,0,2595,33,0,4.2
1,1,3,22100.761736417742,0,2369,88,0,4.3
1,1,3,21963.03446982698,0,1216,75,0,4.1
0,1,12,1235.0704329218531,1,1845,76,0,4.2
1,0,10,18943.276447148513,0,200,10,0,4.2
1,1,12,2011.2757410295767,0,2426,60,0,4.2
1,0,1,653.2402024369522,1,352,30,0,4.1
1,1,5,2514.445207039076,0,566,86,0,4.2
1,0,2,15730.860830943675,0,1200,39,0,4.1
0,1,8,10043.381246960642,0,3134,90,0,4.2
1,1,12,18315.896777072234,0,3138,56,1,4.4
0,1,3,11545.15047490486,0,1219,58,0,4.3
0,1,8,4052.545408020307,1,4380,30,1,4.4
1,1,7,12146.683242530116,0,1381,81,0,4.2
1,1,7,7943.7616288672725,0,3359,119,1,4.4
1,0,11,6602.94456952042,1,138,61,1,4.4
0,1,7,8000.906387770115,1,1827,21,0,4.2
1,1,11,7212.087115199853,0,1298,18,0,4.2
0,1,3,15679.47961530768,1,1258,66,0,4.3
1,0,2,22277.395540999874,0,752,29,0,4.1
0,1,2,4611.1790861655,1,544,49,0,4.3
0,1,7,18104.483737636754,1,2240,22,0,4.2
0,0,8,16755.025622913065,1,1441,85,0,4.2
0,1,4,20212.173717538844,1,3876,17,0,4.2
1,0,3,1325.600772064964,1,1170,15,0,4.1
0,1,12,8978.626016175394,1,272,56,0,4.2
0,1,7,2184.7509523491753,0,378,73,1,4.4
0,1,1,4643.205212247002,1,3118,96,0,4.3
1,1,6,7900.335266857198,0,2050,64,0,4.2
0,0,4,19896.944638392666,0,212,18,0,4.2
1,1,9,22590.87781686875,0,3855,86,0,4.2
0,0,7,21445.050340507798,1,547,28,0,4.2
1,0,8,5858.870215067291,0,1337,7,0,4.3
0,1,8,5967.0089946720445,1,2011,116,0,4.2
1,1,8,16975.308705912877,0,578,7,0,4.2
0,1,6,2294.9887376024467,0,889,67,0,4.2
0,1,5,24532.915776641006,1,810,18,0,4.2
1,0,8,3567.246430393327,0,747,118,0,4.2
0,1,8,17410.167908630636,0,1183,108,0,4.2
1,1,1,1498.4340465924963,0,2581,97,0,4.3
0,1,9,3545.4527085418595,1,3839,98,0,4.2
0,0,2,16253.803135985952,0,471,6,1,4.4
0,1,9,10938.03076344819,1,1751,55,0,4.2
1,0,9,13890.203671779767,0,703,59,1,4.4
0,1,1,17668.511520077307,0,2372,86,0,4.3
0,1,7,986.1967470812621,1,3121,92,0,4.2
0,1,5,17194.197181776988,0,1118,58,0,4.2
1,0,8,8086.040659052944,0,611,90,1,4.4
1,0,5,13413.056984580544,1,1484,80,1,4.4
1,0,11,114.88867698640318,0,270,117,0,4.2
1,1,7,5675.72223613508,0,3805,79,1,4.4
1,0,2,7511.491911450183,0,1014,83,1,4.4
0,1,12,616.8749998867088,1,3748,74,0,4.2
1,0,12,11057.769769155811,0,567,84,0,4.2
1,0,11,22215.96460656647,0,1215,50,1,4.4
1,1,2,4272.406828682211,0,2899,74,0,4.3
0,1,10,2277.4178948171475,1,3368,27,1,4.4
1,0,1,1173.192712813269,0,733,95,1,4.4
0,1,7,15544.009721295912,1,3425,39,0,4.2
1,0,7,18668.369888499205,0,316,86,1,4.4
0,1,6,8963.348559418948,0,4521,34,1,4.4
1,0,10,14153.444970440842,1,749,45,0,4.2
0,1,11,20043.374166381614,0,2260,19,0,4.2
1,1,11,1487.9472543272993,0,4722,42,0,4.2
1,1,8,22779.57399068925,0,1088,66,1,4.4
1,1,8,17895.92231336978,0,4990,33,0,4.2
1,0,5,15024.38752251246,1,186,99,0,4.2
0,1,12,1335.1871179021205,0,1196,23,0,4.2
0,1,1,11176.825577405767,0,3057,23,0,4.3
0,1,11,19927.88651903679,0,3983,56,1,4.4
1,1,8,21141.487257526398,0,2711,20,0,4.2
1,1,7,18759.298972459426,0,4385,82,0,4.2
1,0,4,13330.785110642111,0,649,34,0,4.2
1,1,2,16701.615093453984,0,2159,70,0,4.3
1,1,12,18480.389936367406,1,4079,70,1,4.4
1,0,6,12481.621776112863,0,1071,16,1,4.4
1,0,3,8566.109212891315,1,648,105,1,4.4
1,1,10,18522.70888235005,0,1232,19,0,4.2
1,1,9,14037.642067208506,1,671,39,0,4.2
0,1,7,6546.716442349176,0,1162,66,1,4.4
1,0,2,9555.461380059054,1,226,23,1,4.4
0,1,3,12231.578972355657,0,2767,15,0,4.3
0,0,4,2215.660618247714,0,1491,118,0,4.2
1,0,8,9757.07331232025,0,439,42,1,4.4
1,0,10,1336.571137347,0,1347,28,0,4.2
1,0,9,5991.583589416932,0,761,61,0,4.2
1,0,9,19241.80357092657,0,872,27,0,4.2
0,0,7,11003.707189858516,1,559,51,0,4.3
0,1,2,8377.424635141693,0,4164,34,0,4.3
0,1,10,14159.532461615428,0,4820,44,0,4.2
0,1,10,18968.636353341433,0,745,57,0,4.2
0,1,6,6318.630062810945,1,3138,62,0,4.2
1,0,5,15120.005246277657,0,1026,11,1,4.4
1,1,12,20070.75293004343,0,1620,9,0,4.2
1,0,10,11960.426569951918,0,1408,19,0,4.2
1,0,10,23610.80007481808,1,525,113,0,4.2
1,0,4,20981.36129959566,1,903,29,0,4.2
1,0,9,13505.241242315467,1,313,60,0,4.2
1,1,10,9148.757906785731,1,3083,57,0,4.2
0,1,10,908.0318120878253,0,2646,9,0,4.2
1,0,2,1270.113274977625,0,244,80,0,4.1
0,1,11,23697.385808900563,0,4286,102,1,4.4
0,1,12,5785.44818397841,0,3340,102,0,4.2
1,1,11,21652.723380359635,0,4856,66,0,4.2
0,1,7,6484.684389703651,1,4015,99,0,4.2
1,1,7,22757.26093817699,0,3351,61,1,4.4
1,1,12,11939.0437936111,0,3264,118,0,4.2
0,1,12,5179.4656298737455,0,4220,88,0,4.2
1,0,2,21002.385531817814,0,235,66,0,4.1
0,0,9,4238.006490282755,1,354,59,1,4.4
1,0,10,6443.242812684299,0,1181,55,0,4.2
0,1,5,2072.4074352084335,0,3329,61,0,4.2
0,1,3,19609.18741443893,0,645,97,1,4.4
1,1,9,22358.944415682763,0,291,84,1,4.4
1,0,12,6641.75149467644,0,1110,97,1,4.4
0,1,3,2156.0467350784015,0,4934,113,0,4.3
1,0,5,11858.438001329489,1,1251,119,0,4.2
0,1,3,23714.401864444084,0,902,46,1,4.4
1,0,4,18742.59211313496,1,787,75,0,4.2
1,0,5,1537.7528787291963,0,314,77,0,4.2
1,0,3,15322.407240568382,1,373,79,0,4.1
1,1,12,12155.908500868845,0,1949,31,0,4.2
1,0,1,5976.315487140015,0,132,90,0,4.1
0,1,7,21825.746800551122,0,1807,58,1,4.4
1,0,11,9922.536831887552,1,523,76,1,4.4
1,1,4,20952.4949175782,0,3683,80,0,4.2
1,0,6,2749.6528962808306,1,246,5,0,4.2
1,0,6,19120.026854985328,0,492,98,0,4.2
1,0,3,15222.377978147342,0,739,118,0,4.1
1,0,6,21110.940305091823,0,544,90,0,4.2
1,1,1,15543.8477391319,0,3275,14,0,4.3
1,1,10,284.05834596289634,0,4572,28,1,4.4
1,1,5,1794.1291208825753,0,1702,60,0,4.2
0,0,11,16147.678031862788,0,1294,103,0,4.2
0,1,12,17365.100709119426,1,1590,111,1,4.4
1,1,4,21309.579432647486,0,2940,113,0,4.2
1,1,3,11913.429362264635,0,722,75,0,4.3
0,1,11,11286.777145794355,0,1293,45,0,4.2
1,1,12,3418.7780262461115,1,2573,27,0,4.2
0,0,9,11022.360559056013,0,78,56,0,4.2
1,0,6,2128.035600989864,0,508,68,0,4.2
0,1,1,2670.0945570870904,0,3939,6,0,4.3
1,1,5,3314.2462590472983,0,4133,62,0,4.2
1,0,11,9687.945587402146,1,767,57,1,4.4
1,1,6,16013.785390168188,0,4324,15,0,4.2
0,1,6,24392.487787000646,0,4242,115,0,4.2
1,1,7,19220.121454479413,0,795,71,0,4.2
1,1,10,1472.0282254548943,0,1411,106,1,4.4
1,1,1,8521.951086200394,1,586,78,0,4.1
0,1,12,1521.6490139077985,0,4566,20,0,4.2
0,0,8,24578.31102040903,0,467,31,1,4.4
1,0,11,8863.051291221242,0,1252,68,0,4.2
0,1,8,1314.2813384471965,1,2278,118,0,4.2
1,1,6,4746.093412141871,0,3133,41,0,4.2
0,0,12,2826.325216606108,1,1126,95,0,4.3
1,0,8,18567.934811896397,0,1095,40,0,4.2
1,1,11,24072.04133814236,0,1147,29,0,4.2
0,1,2,1862.7067566782434,0,1225,80,0,4.3
0,0,1,7922.6353895406055,1,657,113,0,4.1
0,1,6,15568.540608956166,0,2783,78,1,4.4
0,0,1,6409.147030850429,1,1324,102,0,4.1
1,1,3,4218.961787997392,0,1705,107,1,4.4
0,1,12,6715.570565169961,1,375,83,0,4.2
1,1,5,23648.30620018151,0,3272,64,0,4.2
1,0,9,12918.127449835047,0,336,26,0,4.2
0,1,4,23100.911757331723,0,1687,45,0,4.2
1,0,7,2658.9292419795665,0,1241,35,0,4.2
1,0,11,17172.728556703463,0,976,88,0,4.2
0,0,4,15802.818845078704,0,1065,103,0,4.2
1,0,5,21881.116876448494,0,958,104,0,4.2
0,1,9,6503.093542616487,0,4132,8,0,4.2
0,0,3,10189.408850125708,0,1482,110,1,4.4
0,0,6,2012.2125387396766,0,1145,56,1,4.4
0,0,9,1637.8834186259726,1,608,34,0,4.2
1,0,9,8621.415566994723,1,459,72,0,4.2
0,0,9,561.4277164988988,0,201,68,0,4.2
1,0,5,11202.576834509215,1,797,60,0,4.2
0,1,6,14597.712475184398,0,512,28,0,4.2
0,1,1,17902.325306439252,0,2905,89,0,4.4
0,0,2,8697.087346220622,0,854,115,1,4.4
0,1,8,17275.802058090365,1,2273,31,0,4.2
1,1,9,3723.380779646881,1,566,20,1,4.4
1,0,12,1825.7635486535412,0,1004,17,0,4.2
1,1,5,15707.385488614615,0,3176,30,0,4.2
1,0,2,11333.138737966252,0,1478,76,0,4.1
1,0,6,11633.665964092119,1,1331,55,0,4.2
1,1,9,4622.6224047826645,0,1744,83,0,4.2
0,0,3,12980.077026882333,0,661,63,0,4.1
0,1,7,7730.414180101051,1,320,98,0,4.2
1,1,12,2057.805103644975,0,1396,84,1,4.4
0,1,3,15918.098185241113,0,4646,46,1,4.4
1,1,3,8528.821297694274,0,2413,35,1,4.4
1,0,9,884.6747727470686,0,887,22,0,4.2
0,1,10,3568.628233827066,0,755,104,0,4.2
0,1,3,20655.81755385835,0,3519,50,1,4.4
1,0,3,14229.335879778417,0,702,43,0,4.4
1,1,9,448.9614863988188,0,2986,6,0,4.2
1,1,4,12524.301811097746,0,2233,29,0,4.2
1,0,1,13459.487648996861,1,944,16,0,4.1
0,1,2,15708.139319935173,0,2634,57,1,4.4
0,1,8,13718.196293448793,0,531,81,1,4.4
1,0,8,2068.992922318538,1,1029,118,0,4.2
0,0,4,2506.3505457052984,0,1261,45,1,4.4
1,1,5,3265.051222588897,0,1223,94,0,4.2
1,1,9,4872.61583887383,0,3250,85,0,4.2
0,1,8,11850.372513056624,0,1973,37,1,4.4
1,1,1,22952.539047111542,1,812,38,0,4.1
1,0,11,19482.867328856857,0,251,117,0,4.2
0,1,12,7532.478142066586,0,2475,116,0,4.2
1,1,2,2007.8978096058477,0,4554,88,1,4.4
0,1,2,14627.312757087868,0,3453,75,0,4.3
1,0,10,6761.423053183725,0,1473,62,0,4.2
0,1,4,13666.13442426845,0,2017,13,0,4.2
1,1,3,5131.815308554367,0,2182,15,1,4.4
1,0,12,14744.339030149586,0,570,118,0,4.2
0,1,6,23336.503634520555,0,3130,79,0,4.2
0,1,2,4286.140630183355,1,1937,103,1,4.4
0,1,7,1666.396152848796,0,220,14,0,4.2
0,0,12,494.7108715737199,1,1122,8,0,4.2
1,1,5,3640.3162720450555,0,442,117,0,4.2
1,1,3,22071.988742450336,0,2057,6,0,4.3
1,0,12,6102.502211832742,0,1397,10,0,4.2
1,0,8,23443.281192737708,0,350,22,1,4.4
1,1,7,22360.77922812847,0,4970,97,1,4.4
1,0,8,12463.23401354206,0,129,9,0,4.2
1,1,10,3870.120054008518,0,2886,44,0,4.2
1,1,2,23901.98899246574,0,1587,116,0,4.3
1,1,10,24304.775453316473,0,1071,71,0,4.2
1,0,3,18538.687078336134,1,239,45,0,4.1
0,1,3,22307.640937209406,0,1414,72,0,4.3
0,1,1,22082.29675069449,0,1994,105,1,4.4
1,0,11,8589.600260900983,1,408,98,0,4.2
1,0,12,16352.930282052881,0,473,101,1,4.4
0,1,11,1654.8624468507107,0,709,44,0,4.2
1,0,9,3655.3623530303284,1,1252,83,0,4.2
0,1,7,17583.703453402904,0,1501,15,0,4.3
0,1,6,12647.43433197694,0,1769,100,0,4.2
0,1,6,6809.04221296101,0,2691,117,0,4.2
0,1,8,17723.054869374413,1,1499,61,0,4.2
0,1,11,11720.410580188518,0,1669,40,0,4.2
0,1,8,19084.86859628359,1,979,39,0,4.2
0,1,7,6914.292984544296,1,1960,62,0,4.4
1,0,7,23027.194155938276,1,261,77,0,4.2
0,1,8,22659.874869004645,1,2662,97,0,4.2
0,1,1,20772.051820209475,0,1936,27,1,4.4
1,0,5,14578.203303422744,1,392,58,0,4.2
1,0,7,18348.64857680907,1,1172,118,0,4.2
0,1,1,24767.004155587256,0,3938,116,0,4.3
1,1,2,21846.691834251807,0,2623,12,0,4.3
0,0,12,5209.980173622388,0,717,16,1,4.4
0,0,12,11685.41052877049,0,211,66,0,4.2
0,1,4,18064.084012028343,1,1043,96,0,4.2
1,0,6,6794.652469977264,0,1432,24,0,4.2
1,0,8,10831.598029164044,0,1087,118,1,4.4
1,0,7,1655.746057809739,0,1048,42,0,4.2
0,1,11,6774.37496572808,0,4185,49,0,4.2
0,0,7,5570.085121058075,0,867,109,0,4.2
1,0,6,18765.39568125556,1,352,86,0,4.2
0,0,2,12360.803804187959,1,718,117,0,4.1
1,0,4,11148.166031038729,1,340,29,0,4.2
0,1,7,11913.88417812863,0,234,67,0,4.2
1,1,5,1403.0881467865047,0,1619,38,1,4.4
1,0,2,5314.500003464171,0,225,79,0,4.1
0,1,5,717.9485649842137,0,3885,12,1,4.4
0,0,10,1977.7631822204278,0,355,111,1,4.4
0,1,1,14017.935682732386,0,4008,69,0,4.3
1,1,5,14682.7929521771,0,2713,109,0,4.2
1,1,5,22047.117274848926,0,1732,29,0,4.2
1,0,5,14046.887976932776,0,630,30,0,4.2
1,1,8,6840.0217471131045,0,3744,23,1,4.4
1,1,1,11820.454887327434,0,788,31,0,4.3
0,1,1,18750.075533383428,0,2259,32,1,4.4
1,1,7,9214.10381708823,0,4497,78,0,4.2
0,0,7,2260.041023984401,0,350,10,0,4.2
0,1,8,18164.157394409056,0,452,74,0,4.2
0,0,12,1870.6566345145761,0,1345,56,0,4.2
0,0,9,22680.977775761912,1,729,6,1,4.4
1,0,11,10323.907561232838,1,1191,42,0,4.2
1,0,4,10277.719693932344,0,113,102,0,4.2
1,1,1,14349.86698209583,0,4169,89,0,4.3
0,1,6,9924.323119106191,0,1064,28,1,4.4
1,0,8,13126.634220068967,1,735,84,0,4.2
0,1,5,13286.359749745603,1,2147,33,0,4.2
0,0,10,20099.98186877792,0,1424,5,0,4.2
1,1,7,197.4612328112269,0,309,53,1,4.4
1,0,4,12505.148117085966,0,903,47,0,4.2
0,1,5,14823.398608188792,1,686,87,0,4.4
1,1,1,21458.327230072133,0,1305,111,1,4.4
1,1,9,4529.206906969652,1,3447,37,1,4.4
0,1,10,24864.649991444665,0,4995,115,1,4.4
1,1,9,14724.960001951396,0,4531,29,0,4.2
0,1,1,14994.868748469362,0,4464,66,1,4.4
1,0,10,7252.309564573536,0,475,84,0,4.2
1,1,2,14744.778297566994,0,4078,25,0,4.3
0,1,9,23536.24588360507,1,744,102,0,4.2
1,0,5,11737.944652653343,1,650,111,0,4.2
0,1,3,13431.792054235548,0,1816,115,1,4.4
0,1,6,1396.6029149096166,0,1168,6,0,4.2
0,0,9,20254.74446272409,0,831,47,1,4.4
1,0,10,3198.4117778742043,1,613,52,1,4.4
1,0,5,3997.5774140519566,0,1432,15,0,4.2
0,0,10,18656.513005693785,0,788,72,0,4.2
0,1,7,22719.41167098738,0,2061,67,0,4.2
0,1,7,1890.4772611794954,1,4826,35,0,4.2
1,1,2,7729.33007921275,0,1812,39,0,4.3
1,1,11,10923.48589308011,0,3367,58,1,4.4
0,1,7,13437.93553702999,1,2517,42,0,4.2
1,1,9,22528.928045023236,1,1493,38,0,4.2
1,0,2,10602.178624209535,0,48,76,0,4.1
1,0,1,6924.671571460793,1,550,66,1,4.4
1,0,5,7367.492708206354,0,677,8,1,4.4
1,0,11,5335.876829756348,0,865,15,0,4.2
0,1,10,8082.024286587021,0,3073,23,0,4.2
1,1,2,12498.91995529837,0,4008,18,0,4.4
1,0,11,24336.827497191956,0,750,100,1,4.4
1,0,11,16964.78708975792,0,1032,53,0,4.2
0,1,12,3248.9597105489215,0,4008,49,0,4.2
1,1,6,16101.435586752197,0,1139,79,0,4.2
1,0,3,4933.806384104708,1,587,77,1,4.4
1,1,6,873.5964430869623,1,2952,26,0,4.2
0,1,2,22798.26449285001,0,930,61,0,4.3
0,1,3,20913.621362343438,0,3429,24,0,4.1
1,0,7,624.3388105523691,1,952,55,1,4.4
0,1,3,19837.295671115266,0,1845,72,0,4.3
0,1,4,15939.728326428836,1,601,98,0,4.2
0,1,9,12693.74356334335,0,1925,93,0,4.2
0,0,11,21968.48644653543,1,1332,13,0,4.2
0,0,1,10159.00945424678,0,972,48,0,4.1
1,1,8,12489.395476379274,0,2602,91,0,4.2
0,1,10,20159.646391476435,1,2984,117,0,4.4
0,1,12,7512.201088203064,0,2847,15,0,4.2
1,0,4,18924.50562017452,1,1404,48,0,4.2
0,1,7,22254.749858354964,0,1276,82,1,4.4
1,0,10,16636.106711582484,1,282,43,0,4.2
1,1,5,12976.236478337296,1,1974,13,0,4.2
1,0,8,13397.499218795949,1,471,94,0,4.2
1,1,11,18833.145931649335,1,229,107,1,4.3
0,1,7,18432.72330421551,0,3050,101,0,4.2
1,1,8,22290.899855305055,0,552,36,1,4.4
0,0,3,13006.265683691603,0,273,77,0,4.1
1,1,7,11018.849615804353,0,3580,60,0,4.2
1,0,11,22182.105332777086,0,151,87,0,4.2
0,1,4,12585.892695077977,0,3252,65,0,4.2
1,1,2,9560.114844954162,0,911,103,0,4.3
0,1,3,13589.831966531283,0,470,12,0,4.3
0,1,6,2903.969810795595,1,1484,99,0,4.2
0,1,9,21816.812684040713,0,2253,42,1,4.4
1,0,7,22815.138571418775,1,1066,15,0,4.2
1,0,10,2839.4412560758356,1,303,47,0,4.2
1,1,12,11888.529846491814,0,3029,62,1,4.4
0,1,4,13345.131141064507,0,290,43,1,4.4
0,0,1,20846.921230149255,1,424,78,0,4.1
0,0,5,11167.551451646998,0,99,5,0,4.4
0,1,11,9717.286242947332,1,4161,73,0,4.2
1,0,10,21887.71662362486,1,89,17,1,4.4
0,1,11,22037.001711886223,1,2032,34,1,4.4
0,1,12,18087.100340056684,0,3040,5,0,4.2
1,1,2,16020.72189420704,0,1589,40,0,4.3
1,0,11,7509.510839376305,1,1231,41,1,4.4
1,1,6,16745.772038659474,1,1288,92,1,4.4
1,1,3,4925.349337581536,0,4993,35,0,4.3
1,0,3,13010.475076061786,0,1133,11,1,4.4
0,0,4,9967.303836043344,0,522,79,0,4.2
1,1,3,13961.383111775664,0,4939,84,0,4.3
0,1,10,5007.940366708939,1,4799,32,0,4.2
0,1,6,3938.2733559747207,1,658,65,0,4.2
1,0,10,7528.609815328719,0,1041,17,0,4.2
1,0,2,21049.3590032506,0,1133,15,0,4.1
0,1,12,18499.31457366078,1,4418,94,0,4.2
1,1,7,11779.097161982476,0,2482,104,0,4.2
1,0,7,10662.207888074807,1,1001,5,1,4.4
0,1,1,2239.16866625023,1,2479,83,0,4.3
1,1,4,13225.99470246909,0,2833,51,1,4.4
1,0,10,5338.26483009291,1,496,33,0,4.1
0,1,2,16154.442492093312,1,4682,91,0,4.3
0,1,5,22326.02206829926,1,4895,15,1,4.4
0,1,6,6501.692625938283,0,2581,117,1,4.4
1,1,1,20877.285085652984,0,1646,37,0,4.3
1,0,1,12479.465289870373,1,103,45,1,4.4
1,0,12,2118.3831405523188,1,766,102,0,4.2
0,1,8,21482.685673181364,0,4185,100,0,4.2
0,0,8,10181.011251491795,1,150,73,1,4.4
0,1,10,14080.800799043252,0,1908,94,0,4.2
1,0,10,19619.82185247472,0,135,55,1,4.4
0,1,2,13735.640906278302,0,910,116,0,4.3
1,1,5,19747.111044630972,0,1009,105,0,4.2
1,1,10,18735.31797568544,1,2776,93,0,4.2
0,1,10,12564.464147262637,1,1176,99,0,4.2
0,1,10,20556.235889453183,0,2830,37,0,4.2
1,0,9,20533.974852826523,0,1072,88,0,4.2
1,1,4,14561.841063351545,0,3330,56,0,4.2
0,1,11,13410.408164425375,0,1231,84,0,4.2
1,0,7,1291.1864314252664,1,718,86,1,4.4
1,0,10,7098.739747583317,0,914,99,1,4.4
0,1,6,20163.09761523519,0,3639,93,1,4.4
1,1,12,18636.039419951816,1,3540,76,0,4.2
0,1,6,16300.102428977376,1,4784,86,1,4.4
1,1,2,22170.57931267897,0,3294,107,0,4.3
1,0,9,24361.301467448364,0,1282,65,1,4.4
1,1,4,14836.016900816816,0,4418,90,0,4.2
0,0,5,16767.69704937974,0,36,91,0,4.2
1,1,9,883.0042809677938,0,465,20,0,4.2
1,1,8,13242.521496560958,0,353,14,0,4.2
1,0,3,4393.915085449092,1,1068,108,0,4.1
1,0,12,7725.35720618717,1,359,96,1,4.4
0,1,9,11601.937584722802,0,919,40,0,4.2
1,0,7,8946.712116161038,0,716,58,1,4.4
0,0,7,6003.0527402370335,1,653,99,1,4.4
0,1,3,13896.053748159247,1,3567,36,0,4.3
1,0,11,17717.632399861548,1,1241,12,0,4.2
1,1,6,14140.289094104988,0,4835,76,0,4.2
1,1,8,24744.441283035547,0,1673,29,0,4.2
0,1,9,20402.33013400348,1,1640,46,0,4.2
0,0,4,461.89996812316787,0,1322,47,0,4.2
0,1,7,21025.96825408458,0,637,33,1,4.4
0,0,10,8592.092033482526,1,704,49,0,4.2
1,0,12,7241.712105455076,0,1264,50,1,4.1
1,0,1,10779.297040620244,0,768,32,1,4.4
1,0,8,11401.328637898809,0,354,105,1,4.4
1,0,10,5654.94145928936,0,1455,101,0,4.2
0,1,7,22658.004801363986,0,2215,22,0,4.2
0,1,12,23607.960169666076,0,3392,72,0,4.2
1,0,6,13252.842532406206,0,1139,66,1,4.4
1,0,3,3380.420610835907,0,1309,55,1,4.1
1,0,9,6327.053475957151,1,1288,41,0,4.2
1,0,11,10293.78936646712,0,457,61,0,4.2
1,1,9,310.44225195526747,0,2738,11,1,4.4
1,1,2,10949.78548539836,0,2240,10,0,4.3
0,1,6,18323.64400126173,0,4458,49,0,4.2
0,1,5,22134.67599643967,0,506,87,0,4.2
1,0,8,7378.345859215454,0,633,51,1,4.4
0,1,7,158.45209929958352,0,4708,30,0,4.2
1,1,12,24301.57604696916,0,4158,55,0,4.2
1,1,8,4303.956805648995,0,1694,113,1,4.1
1,1,6,22232.178542289443,0,2487,14,0,4.2
1,0,12,18248.875686266034,1,705,23,0,4.2
1,0,2,22010.2461345955,1,712,66,1,4.4
1,1,12,871.168025220502,0,4965,33,0,4.2
0,1,3,22655.64981098271,0,760,77,1,4.4
0,1,3,17238.49566083865,0,1617,17,1,4.4
0,0,9,17202.97569399926,1,808,6,0,4.2
0,1,7,22720.094942019397,0,2097,15,0,4.2
0,1,4,6508.399914200688,0,1122,6,1,4.4
0,1,6,10098.389276331534,0,1873,112,1,4.4
0,0,9,5829.103847251128,0,898,88,0,4.2
0,1,2,9517.34891843964,0,672,67,1,4.4
1,0,11,24328.829202902612,1,1245,118,1,4.4
0,1,3,11843.053411453198,0,1725,87,0,4.3
0,1,1,9023.227137879929,0,4428,93,0,4.3
1,1,11,23457.540953492848,0,4873,63,0,4.2
1,0,11,10429.686572509714,1,348,91,0,4.2
0,1,10,12202.832793376754,0,2776,64,0,4.2
0,1,1,10452.780408181194,1,1559,72,0,4.3
1,1,10,13354.37865981934,1,2043,78,0,4.2
0,1,10,19098.524113613385,0,1891,75,1,4.4
1,1,2,12540.498458769174,0,4722,46,0,4.3
1,1,12,20687.497108247717,0,3678,89,0,4.2
1,0,11,23347.02290809384,1,1360,102,1,4.4
0,1,6,1682.0394883555728,0,464,97,0,4.2
1,1,3,1001.5608110358854,0,4749,67,0,4.3
1,0,2,20612.663573021393,1,1429,55,0,4.1
1,1,11,24073.341718720232,0,3366,117,0,4.2
1,0,3,2793.4177500139076,1,862,72,0,4.1
1,1,9,7274.988180857336,0,762,111,0,4.2
1,0,3,5673.070342805078,1,661,75,0,4.1
1,0,6,9935.257736670908,1,782,84,1,4.4
0,1,6,170.76962623291394,1,1388,17,0,4.2
1,0,9,7704.7961137145085,0,753,11,1,4.4
0,1,10,14114.472906643612,0,467,25,0,4.2
1,0,3,8612.453483882524,0,88,83,0,4.1
1,1,9,8173.846758914068,0,3111,36,0,4.2
1,0,3,17783.314338095002,1,1375,17,0,4.1
1,1,3,22838.828449172892,0,2115,32,1,4.4
1,0,8,4598.501202669993,0,549,60,0,4.2
0,0,3,447.33056542859515,1,945,105,0,4.1
1,0,7,3430.641307417354,1,897,52,0,4.1
1,0,8,24402.901922359906,1,675,118,1,4.4
0,1,12,12808.778761582795,1,3833,40,0,4.2
0,1,3,23907.70812292499,0,4080,49,1,4.4
0,1,12,14696.583338143673,1,2010,84,0,4.2
1,0,10,15167.030393705052,0,340,93,0,4.2
1,0,8,5231.237120435663,0,368,57,0,4.2
0,1,6,10773.754127298173,0,2417,54,0,4.2
1,1,5,19648.289352931468,0,2711,94,1,4.4
0,0,7,2541.640429205194,1,1325,47,1,4.4
0,1,3,7120.0458386138625,0,1677,63,0,4.3
1,0,6,15691.734437467978,1,377,42,1,4.4
1,0,4,17262.176097054376,1,495,103,0,4.2
1,1,7,10643.626242004832,0,1268,92,0,4.2
1,1,12,17607.038203609878,0,1587,55,1,4.4
0,1,3,19725.17872457909,0,1903,97,1,4.4
1,0,10,8973.52928010091,0,1444,41,0,4.2
1,1,3,24928.584164543314,0,2849,56,1,4.4
1,1,5,11881.999025610816,0,834,62,0,4.2
0,0,1,856.4515408661163,1,978,12,0,4.1
1,0,4,651.147830634477,0,1371,31,0,4.2
1,0,1,14170.299847613673,1,478,84,0,4.1
0,1,9,22805.624872640685,0,4714,92,1,4.4
0,0,1,13363.873449774012,0,274,98,0,4.1
0,1,7,5581.218180518414,0,211,24,0,4.2
0,1,1,19570.62016260658,0,3060,81,0,4.3
1,0,5,2377.925652448213,1,407,80,0,4.2
0,0,11,7259.995981693536,0,373,25,0,4.3
1,0,6,23182.013022963103,0,954,21,0,4.2
1,0,2,11357.003907440414,1,1092,73,0,4.1
1,0,5,4153.124915531682,0,578,10,0,4.2
0,1,5,17033.14680371932,0,854,39,0,4.2
0,1,4,23901.164077386136,0,2143,24,0,4.2
0,1,6,20414.79586806769,0,3667,97,0,4.2
1,1,5,4259.686169772764,1,3798,110,0,4.2
0,0,9,16438.037687001313,1,904,47,0,4.2
0,1,9,23820.78905694145,0,1478,6,0,4.2
1,1,12,8678.196745512174,0,4889,87,0,4.2
1,0,7,21852.02511341738,0,44,51,0,4.2
0,1,11,315.8603371437629,1,1416,13,0,4.2
1,1,10,21544.68245878361,0,1440,68,0,4.2
1,0,9,10511.476834861205,1,670,6,0,4.2
0,0,11,12835.878065030744,0,1306,5,1,4.4
0,1,12,15151.775658235641,0,2478,76,0,4.2
1,0,3,20243.545965381345,1,1447,95,0,4.1
0,1,5,13710.97858398683,0,297,41,1,4.4
1,1,12,10377.682174907097,0,2016,8,0,4.2
1,0,3,24347.13447437533,0,978,119,0,4.1
0,1,7,734.2700242041676,0,374,8,0,4.3
1,0,12,3795.202242506763,1,1322,81,1,4.4
1,1,3,7959.775311859868,0,300,43,0,4.3
0,1,11,7399.582962107214,0,2702,112,1,4.4
1,1,6,8142.170460758819,0,307,41,1,4.4
0,1,5,20168.65620390675,0,316,103,1,4.4
1,1,5,22526.585494304847,0,1116,6,0,4.2
0,1,9,16676.314337902797,0,3265,64,0,4.2
0,1,4,9707.900226219115,1,2290,12,0,4.2
1,0,2,18378.430922046362,0,961,71,0,4.1
0,1,6,19454.65983839293,0,3885,67,0,4.2
1,1,12,6404.8662928947,0,604,5,0,4.2
1,0,7,12312.11685203229,0,733,10,0,4.2
1,0,12,8845.971423854875,0,145,30,0,4.2
1,0,10,18332.72406089796,0,290,20,0,4.2
0,1,8,3510.4692001514727,0,1736,62,0,4.2
1,1,2,13848.80459157821,0,2261,9,0,4.3
0,1,7,21159.047470311503,0,488,37,0,4.2
1,1,3,5996.641893598854,0,2103,92,0,4.3
1,1,6,21064.073794533408,0,3706,80,0,4.2
0,0,7,7381.800934278942,1,274,53,0,4.2
0,1,2,574.1808909298663,1,730,46,0,4.3
1,0,6,12466.465788498661,0,117,48,0,4.2
1,1,9,11410.272812791043,0,4157,50,0,4.2
1,1,7,15971.073198584858,0,4982,118,0,4.2
1,0,10,22881.755422069135,0,391,93,0,4.2
0,1,6,1616.7144491010245,0,2567,72,0,4.2
0,0,4,3587.115822142303,0,50,59,0,4.2
1,0,2,15207.317536577577,1,1338,12,0,4.1
1,0,8,21824.324095583488,0,124,85,0,4.2
1,1,9,1051.2493155590373,0,1495,42,0,4.2
1,0,12,2796.404976424629,0,604,42,0,4.2
1,0,8,9224.777326754465,0,1281,64,0,4.2
0,0,3,19559.925925373373,1,535,88,0,4.1
1,0,6,8546.165438670758,0,1223,90,1,4.4
0,0,11,11318.359822770193,0,154,117,0,4.2
0,1,1,16992.639367671436,1,4132,24,0,4.3
0,1,8,8387.17719118263,0,416,84,0,4.2
1,1,3,23570.981782950523,0,1496,39,0,4.3
1,1,12,23798.961351943937,0,4692,56,1,4.4
1,1,9,21318.478920220292,0,696,24,0,4.2
0,1,1,2189.059219659842,0,4564,114,0,4.3
0,0,7,17128.944533964153,1,1140,72,0,4.2
1,1,6,9265.332377888735,0,1401,56,0,4.2
0,1,2,2775.585089402975,0,1108,16,0,4.3
1,0,2,10484.624772202724,0,1079,89,0,4.1
1,0,7,2878.688726690013,0,1221,19,1,4.4
1,0,7,14568.057632969485,1,1013,68,0,4.2
1,0,6,12675.198349104297,0,806,67,1,4.4
1,1,8,18545.418692300744,0,2398,83,0,4.2
1,1,2,18718.811305597505,0,1204,9,0,4.3
0,0,8,10881.028941008686,0,693,108,0,4.2
1,0,7,13039.730622001654,1,611,32,0,4.2
1,1,8,3703.294839799346,0,2828,113,0,4.2
0,0,1,15634.834684757963,0,984,12,0,4.1
1,1,7,22387.16140111173,0,4500,15,0,4.2
0,1,1,13424.500641067782,0,629,56,0,4.3
0,1,11,15472.12084960287,0,3009,110,1,4.4
0,1,9,1667.988077469141,0,2409,46,1,4.4
1,1,5,8024.54943225758,0,1385,77,0,4.2
1,0,3,20529.486124942043,1,1160,76,0,4.1
1,0,12,19288.998922667575,0,1073,7,0,4.2
0,0,3,10790.136866034461,1,1171,30,0,4.1
0,1,5,7839.669515584616,1,971,104,0,4.2
1,0,8,18495.572920073082,1,715,101,0,4.2
1,0,3,10168.674306530576,0,1435,90,1,4.4
0,0,3,15821.298166246188,0,1027,28,0,4.1
0,1,10,14772.75673504101,0,3965,111,1,4.4
0,1,9,3096.476962051995,0,4379,32,0,4.2
0,0,4,2603.205931426714,0,911,17,1,4.4
1,0,12,4802.847632107161,0,1400,108,0,4.2
0,0,3,18959.314738442583,1,389,106,0,4.1
1,1,8,20286.94475633485,0,2770,52,0,4.2
1,0,5,18984.375155912647,0,597,109,1,4.4
1,0,4,23578.526513654735,0,1101,14,1,4.4
0,1,4,19900.89300460653,1,1478,86,0,4.2
0,1,6,20055.278591624818,1,4779,37,0,4.2
0,1,5,4569.5564863093305,0,2569,16,1,4.4
1,1,11,13919.641241128702,1,892,111,1,4.4
0,1,2,15443.813167724065,0,1228,86,0,4.3
0,0,2,8508.99829063319,0,332,116,1,4.4
1,1,12,24402.746747409976,0,2674,8,0,4.2
1,1,11,15144.716448596275,1,256,57,0,4.2
0,1,7,5121.214760545617,0,3203,63,0,4.2
0,1,3,13712.319547230794,0,1759,64,0,4.3
0,0,12,19541.558535800363,0,133,81,1,4.4
0,1,11,21920.21785089617,0,248,119,0,4.2
1,1,4,21989.844574934825,0,1977,75,0,4.2
0,1,8,9512.97344960656,0,2104,8,0,4.2
1,0,1,7871.994094264838,0,379,117,0,4.1
1,0,9,1410.788604416312,0,298,7,1,4.4
0,0,8,13772.1722419612,1,1358,17,1,4.4
1,0,10,1581.8598198429618,0,473,107,0,4.2
0,0,6,18166.64936424271,0,845,116,0,4.2
1,1,4,455.4968439772257,0,4455,30,0,4.2
0,0,6,3744.6893580652973,0,282,64,0,4.2
1,0,2,17124.118688543058,0,990,8,0,4.1
0,0,4,7131.688041635093,0,45,26,0,4.2
1,0,11,20397.98777605024,1,1118,13,0,4.2
0,1,9,20127.576119819594,1,3614,115,0,4.2
1,1,4,1180.5897466061651,0,3491,73,0,4.2
1,1,8,12964.94007011247,0,4149,16,0,4.2
1,0,1,7276.47801435784,0,1130,52,0,4.1
0,1,10,16093.492999196353,0,2875,110,0,4.2
0,0,10,11571.055839705132,1,185,6,1,4.4
1,0,3,5719.797392321712,0,616,77,0,4.1
1,0,4,8714.142994793754,1,1307,86,0,4.2
1,1,12,23865.747601839415,0,1162,95,0,4.2
0,1,10,6950.681158664693,0,4609,83,1,4.4
1,1,11,8572.847057627368,0,1697,104,0,4.2
1,0,2,5240.4862871633895,1,1415,22,0,4.1
1,0,6,8496.775756764628,0,56,72,0,4.2
1,0,2,9982.510657800482,0,407,25,0,4.1
1,0,7,19719.728924755214,0,966,9,1,4.4
1,1,1,11741.841857374766,0,3646,111,1,4.4
0,1,10,18085.548091260323,0,1654,119,0,4.2
1,1,6,5915.190867966571,1,263,105,0,4.2
0,0,5,23415.178689842138,0,207,39,0,4.2
1,0,6,4139.66514870038,0,58,11,0,4.2
1,0,10,17507.744514452475,1,1228,110,1,4.4
0,0,9,6449.590947276785,0,526,82,0,4.2
0,1,3,11437.428410542017,0,706,30,0,4.3
1,1,11,12734.112936739519,0,536,8,0,4.2
0,1,2,10375.481605688175,0,1608,94,0,4.3
0,1,5,5252.213064918312,1,3947,55,0,4.2
0,0,4,16830.111189345676,1,171,90,1,4.4
0,1,2,5525.821298403084,0,839,108,0,4.3
1,1,7,4325.660454965599,0,3797,113,0,4.2
0,1,10,8486.795863089676,0,2003,79,0,4.2
0,1,2,18191.985569078686,0,4624,7,0,4.4
1,1,5,6707.706354696565,0,4477,82,0,4.3
0,1,2,12347.23609768937,0,395,106,0,4.3
0,0,9,23487.57969989694,0,1172,45,0,4.2
0,0,5,24652.0954120911,0,1160,38,0,4.2
0,1,8,6493.560936894038,0,1731,104,0,4.2
0,1,12,2479.042476662681,0,1992,21,0,4.2
0,1,9,12899.367404949151,1,4296,9,0,4.2
0,0,4,11713.201072273476,0,1024,11,0,4.2
1,0,2,6371.148722408154,1,135,41,0,4.1
1,1,4,16251.276910645367,0,4252,20,1,4.4
0,1,9,19301.287599453473,0,1814,107,0,4.2
0,0,1,19752.17035486804,1,349,36,1,4.4
1,0,12,19770.37151328885,0,726,118,0,4.2
1,1,6,21746.885913277616,0,1862,113,0,4.2
1,1,6,20169.81096461642,0,3604,17,0,4.2
1,0,6,15017.573195058536,0,373,70,0,4.2
0,1,8,17881.886640693603,0,1083,43,0,4.2
0,1,2,20063.510679459443,1,3963,20,1,4.4
1,0,4,10416.27697712091,0,274,61,0,4.2
0,1,4,9315.223073742274,0,2711,42,1,4.4
1,0,12,5379.493477505501,0,234,89,0,4.2
0,1,12,16214.47752406954,0,3691,112,0,4.2
0,0,7,2804.3243184276653,0,586,84,1,4.4
0,0,8,20941.851053143433,0,341,57,0,4.2
1,1,10,13303.55431839488,0,575,88,0,4.2
0,0,3,14743.347521781972,0,1119,28,0,4.1
0,1,5,8486.13601594446,1,258,6,1,4.4
0,1,2,20771.413350689727,1,670,23,0,4.3
1,0,3,15244.510482251424,0,716,114,0,4.1
1,1,1,11830.647839444071,0,1119,61,1,4.4
1,1,4,4579.418336497486,1,4194,87,1,4.1
1,0,9,22163.241780678574,1,1355,63,0,4.2
1,1,5,2610.099208763223,0,4014,12,0,4.3
1,0,7,14526.555210963923,0,782,31,1,4.4
0,1,11,7848.720701476717,0,3053,65,1,4.2
0,1,11,3003.4138640771384,0,506,8,1,4.4
0,1,4,13170.858697662343,0,4933,116,1,4.4
1,1,7,14621.559530887846,0,1876,20,0,4.2
1,0,3,24760.323296513678,0,547,18,0,4.1
1,1,7,1515.3302107384727,1,3607,29,0,4.2
0,1,6,17932.729536215124,0,4229,85,0,4.2
1,1,11,20715.010347511703,0,646,21,0,4.2
1,1,8,24537.25147365823,0,893,24,0,4.2
1,0,1,11616.006239099275,0,1068,82,0,4.1
0,1,5,18881.63009257688,0,2711,43,0,4.3
0,1,8,15058.420383814795,0,1407,45,0,4.2
1,1,8,16262.384339409848,0,4127,11,0,4.2
0,1,4,19517.485023016274,0,2786,29,1,4.4
1,1,4,12299.300655797031,0,4183,20,0,4.2
1,0,2,11910.706706702245,0,408,53,0,4.1
1,1,2,627.6869310735337,0,1684,74,0,4.3
0,1,11,15703.427714462783,0,4922,116,0,4.2
1,1,4,3773.343471015936,0,4103,99,0,4.2
1,1,2,22227.202467137584,0,2428,89,0,4.3
0,1,8,7705.2491478075035,0,652,45,0,4.2
0,1,4,24401.979672872003,0,2057,98,1,4.4
0,1,1,17663.97593522069,0,3628,97,0,4.1
1,1,2,4924.099432317784,0,2427,89,0,4.3
1,0,12,19349.94452626609,0,94,29,0,4.2
1,1,4,18181.935160166886,0,1425,41,0,4.2
0,1,8,1108.1468257747806,0,4099,13,0,4.2
1,0,11,6849.468454495057,0,45,101,0,4.2
1,0,5,10009.031099413203,0,1499,98,0,4.2
0,0,11,1126.3293441973183,1,1358,110,0,4.2
0,1,7,23145.680109007684,0,3348,37,0,4.2
1,1,6,1577.5219470791083,0,1222,16,0,4.2
0,1,12,1232.6148826596375,0,1959,15,1,4.4
0,0,9,22710.068420759468,1,521,16,0,4.2
1,1,8,13349.567232541393,0,3379,37,0,4.2
1,0,1,19685.068515488758,1,375,69,0,4.1
0,1,10,8909.69048303499,0,310,112,1,4.4
1,1,6,18513.63602716146,1,768,40,1,4.4
1,0,2,13330.884709212143,0,1009,82,1,4.4
1,0,10,19257.954843335974,0,804,98,0,4.2
0,1,6,11257.071274382695,0,811,42,1,4.4
0,1,12,24938.092266981206,0,725,70,0,4.2
0,1,10,6430.023943760537,1,214,39,1,4.4
1,1,7,22170.77197714744,0,3420,76,1,4.4
1,1,8,12615.73114389083,0,2291,61,0,4.2
0,0,7,14239.23991773786,0,204,107,1,4.4
1,0,4,13890.623276495531,0,1076,83,0,4.2
1,1,10,8251.67933487344,0,4795,63,1,4.4
0,0,9,16791.805627578797,1,1267,18,0,4.2
1,0,10,19013.089664456318,1,383,60,0,4.2
1,1,9,1301.9699852537383,0,1747,91,0,4.2
1,0,6,9320.972368718003,0,962,18,0,4.4
1,1,8,9077.26965450603,0,3221,54,0,4.2
0,1,6,10942.359609660685,0,994,52,0,4.2
0,1,11,2150.319861108371,0,4159,62,1,4.4
1,0,3,324.2410401854336,0,1307,95,0,4.1
0,1,11,19764.233719018262,0,2975,89,0,4.2
0,1,7,20217.50292961171,0,3438,101,0,4.2
0,1,10,23537.329081455828,0,226,42,0,4.2
0,0,12,17880.37228594414,1,1091,89,0,4.2
1,0,6,10753.230208613619,0,470,41,1,4.4
1,0,9,22643.792387734444,1,52,13,0,4.2
1,1,7,14626.317184960924,0,1683,31,0,4.3
0,0,3,4840.543449418199,1,1011,49,1,4.4
0,1,6,14798.44688671443,0,1365,42,0,4.2
1,1,12,22555.77407939761,0,4838,37,0,4.2
1,1,5,8111.252043471117,0,1773,103,1,4.4
0,1,3,16026.466402598666,0,2690,90,0,4.3
1,1,10,5288.753607319752,0,4857,83,1,4.4
0,0,7,13460.211308168904,1,1400,13,0,4.2
1,0,4,22789.76184464756,1,1472,72,0,4.2
0,1,7,16374.713518127139,1,1949,68,0,4.2
0,1,5,17094.076540055004,0,3520,109,1,4.4
0,1,2,22368.142043634336,1,989,45,0,4.3
0,1,7,20691.03072459436,0,974,105,0,4.2
0,1,10,20829.955884930314,1,2264,82,0,4.2
1,0,8,1836.9496065690528,1,269,77,0,4.2
1,0,7,10984.394416126308,1,329,43,1,4.4
1,1,8,18317.983007605213,0,2309,12,0,4.2
1,1,10,3294.0916343178897,0,1527,107,1,4.4
1,1,9,3411.6648181585156,0,1992,21,1,4.4
0,1,2,18223.070648226352,0,4281,51,0,4.3
1,0,8,1035.1461365307196,0,929,115,0,4.2
1,0,4,22206.671062628466,1,319,65,0,4.2
1,1,9,722.8772820822677,0,3641,93,1,4.4
0,0,1,4959.847914496155,0,341,97,0,4.4
0,1,9,6611.173302817722,0,4497,78,0,4.2
0,1,3,8543.281570240732,1,3119,89,0,4.3
1,0,7,16180.179909097315,0,183,6,0,4.2
0,1,12,22229.785478315884,0,2006,19,1,4.4
1,1,2,12609.829557655155,1,4754,79,0,4.1
1,0,5,21583.434787217626,1,1382,65,0,4.2
0,1,10,10271.335983168605,0,3896,26,0,4.2
1,0,7,16481.309989879635,0,1296,112,0,4.2
0,1,9,3037.6770859819403,0,2962,100,1,4.4
1,1,2,3454.539082757524,0,731,13,0,4.3
1,0,9,2750.5449619443866,1,1180,25,0,4.2
0,1,9,14416.34198141807,1,635,76,1,4.4
0,0,6,21397.330162637165,1,415,51,0,4.2
1,1,8,11287.465940316737,0,3020,117,1,4.4
0,1,8,8554.270086354263,0,4312,78,0,4.2
1,1,8,9278.654247207389,0,3406,80,0,4.2
1,0,3,2595.773766589524,1,528,22,0,4.1
0,1,12,18922.356074165924,0,2388,66,0,4.2
0,1,8,15344.005675104674,0,4024,78,0,4.2
1,1,9,13501.039854941635,0,2507,106,0,4.2
0,1,11,4582.449321765089,0,4239,29,1,4.4
1,0,7,2129.100435000986,1,699,34,0,4.1
1,0,7,10565.227475350954,1,400,104,1,4.4
1,0,7,1496.3962146654048,0,781,110,0,4.1
0,1,2,22803.154717783615,1,2258,54,0,4.3
0,1,12,13718.215690277311,0,4192,79,1,4.4
1,1,2,21338.607230476344,0,1466,9,0,4.3
0,0,10,22829.687569029982,0,499,85,1,4.4
0,1,8,22355.8327260941,1,2155,32,0,4.2
0,1,12,8986.52769078199,0,1519,60,0,4.1
1,0,3,15404.606191478662,0,804,100,1,4.4
1,0,11,13372.460981057564,0,519,23,0,4.2
0,1,3,16929.708028836507,1,4914,24,0,4.3
1,1,5,23109.537351827308,0,2260,51,1,4.4
0,1,3,11562.141920968037,1,4488,83,0,4.3
1,0,7,490.24210982927184,0,362,96,0,4.2
1,0,6,14403.269226778299,1,1242,109,0,4.2
1,1,8,19210.646254381747,0,1768,9,1,4.4
1,1,7,6388.7706746111835,0,1368,99,0,4.2
0,1,2,5613.106753850428,0,3721,95,0,4.3
0,0,2,7575.65507738052,0,449,87,0,4.1
0,0,8,15489.134364456231,0,1089,108,1,4.4
0,1,7,19884.352131100466,0,1013,19,0,4.2
0,1,3,24734.398842024053,0,4251,28,1,4.4
0,1,3,15888.518824093282,1,3138,14,1,4.4
1,0,8,23212.5982116251,0,1409,25,0,4.2
0,1,5,20904.833981577354,1,2837,10,0,4.2
0,1,6,14123.632501959215,0,4553,94,1,4.4
0,0,7,2998.4309940270728,0,1131,41,0,4.2
1,0,7,20326.17178004468,0,76,118,0,4.2
1,1,2,16601.788341867625,0,3210,100,0,4.3
0,1,3,12196.931915623938,0,543,59,1,4.4
0,1,11,24426.579260193896,0,438,82,0,4.2
0,1,8,8213.167496441121,0,3191,34,1,4.4
0,1,4,15578.576493276016,0,1421,51,1,4.4
1,0,4,15562.03089730209,0,1139,86,1,4.4
0,1,12,9655.970865855032,0,903,27,0,4.2
1,1,3,1734.1370838599353,0,4897,91,1,4.4
1,1,3,358.0566864447094,0,2001,95,0,4.3
0,1,5,13274.671364744918,1,1817,103,0,4.2
0,1,12,4760.61056168098,0,828,25,0,4.2
0,1,9,22436.259054642043,1,3086,34,0,4.2
0,1,3,20544.698354119766,0,3094,40,1,4.4
1,0,7,3832.3679536711375,0,713,75,0,4.2
1,0,12,20436.95745886977,1,1167,55,0,4.2
0,1,10,23687.37964493522,0,2812,89,0,4.2
0,0,9,20873.519686480846,0,1185,82,0,4.2
1,0,4,7460.418212123474,1,1017,67,0,4.2
0,1,8,23794.34970505275,1,3929,39,0,4.2
1,0,2,21528.983571521236,0,733,105,0,4.1
0,1,1,20939.41581474137,0,2123,65,0,4.3
1,0,2,21493.6367653366,0,389,80,0,4.1
1,0,3,11004.476019799535,0,1498,58,0,4.1
0,1,11,20001.722552403204,0,4374,95,1,4.4
0,1,2,534.9564439471653,0,586,83,1,4.4
0,1,1,23051.01277122354,1,2129,46,0,4.3
1,0,3,11727.488488178567,0,984,21,0,4.2
1,1,4,14993.71252772627,0,3558,70,0,4.2
0,1,6,15889.807390583393,0,4676,113,1,4.4
1,0,11,21005.210991238007,0,1314,107,0,4.2
1,0,4,2577.324248193078,1,222,21,0,4.2
0,1,12,13303.163406519443,0,2024,50,0,4.2
1,1,4,17137.294901111836,0,3867,45,1,4.4
0,1,2,8373.748852760717,1,2978,90,0,4.3
1,1,8,17663.372775249973,0,2058,83,1,4.4
0,1,5,10825.952843207204,1,2439,24,0,4.2
0,1,7,2121.5758975557364,0,2342,21,0,4.2
0,1,11,1558.9131039823721,0,1476,45,0,4.2
1,1,7,19610.54481439641,0,664,19,0,4.2
1,1,4,10128.036009687457,0,4177,98,1,4.4
0,0,2,19991.94544848222,0,922,55,0,4.1
0,0,11,8165.242382423727,1,755,36,0,4.2
1,1,7,1146.9154222910229,0,4030,119,0,4.2
1,0,7,23401.341338296774,0,557,116,1,4.4
1,1,11,20974.61173277529,0,4088,85,1,4.4
0,0,3,21300.82353864475,1,783,43,0,4.1
0,0,10,1919.160286216258,0,237,9,1,4.4
0,0,7,21065.105755811663,0,1446,19,0,4.2
1,0,5,10410.308624067018,1,1427,10,1,4.4
1,1,5,20228.72253786229,0,4504,87,0,4.2
1,1,2,14339.87644782614,0,4451,62,0,4.3
0,1,4,8444.235514919905,1,3362,28,0,4.2
1,1,5,21832.628494478126,0,2033,117,0,4.2
0,0,9,23753.879732371883,1,298,104,1,4.4
1,0,5,20976.477006067533,1,455,105,1,4.4
1,0,6,1033.4501260545176,1,444,91,0,4.2
1,0,7,14367.541738428463,1,317,101,0,4.2
0,0,7,3712.7272213145425,0,410,80,0,4.2
0,0,8,20545.978290331335,0,103,115,0,4.2
0,1,9,9043.91571949062,0,2852,72,0,4.2
1,1,9,7540.196295673538,1,3010,62,1,4.4
1,1,4,23782.693804309034,0,4552,61,1,4.2
1,0,3,13399.13208313805,0,1015,99,0,4.1
0,1,10,18926.18309452186,0,4997,112,0,4.2
1,0,4,6602.065896383619,0,572,23,1,4.4
1,0,1,24613.23759000614,0,891,102,0,4.1
1,0,2,21421.064572749623,0,653,79,0,4.1
1,1,5,7854.000561617462,0,3460,96,0,4.2
0,1,5,20571.266306592563,0,4936,10,0,4.2
1,1,2,11288.8477865657,0,1339,33,1,4.4
1,0,1,7755.808108534799,1,1310,44,0,4.2
1,0,1,13380.119060825045,1,417,69,0,4.1
0,1,6,23612.000287176717,0,1972,47,0,4.2
0,1,12,22336.4459563406,1,2610,73,1,4.4
1,0,10,4962.305997854303,0,755,112,0,4.2
0,1,12,16696.807536912453,1,3163,64,0,4.2
1,0,4,24800.72552446979,0,1248,101,1,4.4
1,0,4,19526.779043753988,0,245,97,1,4.4
0,1,4,17587.23562898348,1,1502,107,1,4.4
0,1,8,8637.431614232632,0,2167,104,0,4.2
0,1,7,20466.074188561954,0,2337,108,1,4.4
1,1,2,11598.982697088535,1,4133,30,1,4.4
0,0,8,406.0374627762054,1,662,52,0,4.2
1,0,9,24340.81114074757,0,397,115,1,4.4
0,1,8,14152.046657236118,1,575,93,1,4.2
1,1,8,3341.842050772131,0,1508,102,0,4.2
1,1,10,15648.180686891372,0,2995,63,1,4.4
0,1,10,17529.74688034875,0,2187,11,0,4.2
0,0,1,14053.458517405532,0,733,29,0,4.1
1,0,4,14061.722304867824,1,565,111,1,4.4
1,1,3,24889.147074677487,0,3190,105,0,4.3
0,1,5,22998.125143593774,1,3379,63,1,4.4
1,0,6,5850.41494459627,0,1441,98,0,4.2
1,0,8,14880.969092577663,1,246,85,1,4.4
1,1,5,19826.33644637382,0,1894,78,0,4.2
1,0,5,18809.157086334017,0,728,81,0,4.2
1,1,11,1327.3707756927304,0,2762,72,0,4.2
0,1,12,24198.522211088923,0,4363,63,0,4.2
0,0,1,11150.937250404013,0,636,67,0,4.1
1,1,9,22933.840625825855,0,2704,96,0,4.4
0,1,12,24198.22614390089,0,3216,11,0,4.3
1,0,6,24443.045180106757,0,1373,107,0,4.2
0,1,3,6134.012305198101,0,576,109,0,4.3
1,0,11,23198.303367164015,0,1207,22,1,4.4
1,0,10,22898.240439320252,0,1069,97,0,4.2
0,1,11,17427.620106196366,1,2207,5,1,4.4
1,0,12,21292.187867580396,0,1343,36,0,4.2
1,1,11,9961.00622292842,1,448,78,0,4.2
1,1,10,18192.539727413747,0,1141,79,0,4.2
1,1,6,19845.54191967353,0,3856,119,1,4.4
1,0,6,15960.244688717909,1,656,43,1,4.4
0,0,2,11087.022323136318,0,1262,11,0,4.1
1,0,12,15723.23129128556,0,487,57,0,4.2
1,0,7,18538.9215964849,1,226,29,0,4.2
1,1,2,6623.191550535086,1,1359,70,0,4.1
0,1,5,24208.878468947416,1,3837,51,1,4.4
0,0,10,11878.574614584137,1,1176,79,0,4.2
0,1,3,5738.449676386915,0,1916,28,0,4.3
1,0,8,21980.878456978888,1,152,66,0,4.2
0,1,10,24025.303861941014,1,860,25,0,4.2
1,0,1,18444.388419884774,1,1188,11,0,4.1
1,1,2,2033.4330922969395,0,330,18,0,4.3
0,1,5,11220.322603580807,0,237,107,1,4.4
0,0,12,1046.1461488880796,0,933,8,1,4.4
0,1,3,17881.62603231741,0,3390,56,0,4.3
1,0,6,14760.983776587716,0,989,41,0,4.2
0,1,1,4473.057055088071,1,1304,91,1,4.4
1,0,7,12774.154370064782,1,784,60,0,4.2
1,1,1,13792.71883946632,0,790,93,0,4.3
1,1,8,11718.856708337285,0,3616,66,0,4.2
1,1,9,11880.053998674432,1,3573,42,0,4.2
1,0,9,3421.5750646261517,1,853,10,0,4.2
1,0,3,19485.970335411697,0,1277,37,0,4.1
0,1,12,24756.923313774227,0,1686,78,0,4.2
1,0,10,9144.829846198212,1,1331,90,0,4.2
0,0,6,9829.68365795642,1,693,77,0,4.2
1,0,4,16178.187584166368,1,289,68,1,4.4
1,0,11,10164.452502261145,1,1149,110,0,4.2
0,1,3,2482.1508896624955,0,1375,95,0,4.3
0,1,2,22230.790491233813,0,2059,9,0,4.3
0,1,5,11603.787733368783,0,1758,65,0,4.2
0,0,5,3594.0556422188697,0,253,76,1,4.4
1,0,5,1321.5533484752161,0,204,86,0,4.2
0,1,8,12562.322887407685,0,1044,28,0,4.2
0,1,8,16292.648216950676,0,556,45,0,4.2
0,0,9,8247.070985139933,0,1341,14,0,4.2
0,1,12,8229.170972483655,0,1238,102,1,4.4
1,0,5,21252.000947859575,1,481,117,0,4.2
0,0,6,13229.74841490697,1,1092,38,0,4.2
1,1,1,492.78230530900447,0,4955,52,0,4.3
0,1,12,3296.1792610904263,0,4307,115,0,4.2
1,1,3,15976.898230161974,0,3002,46,0,4.3
0,1,12,5427.6470979358055,1,3353,117,0,4.2
0,1,9,17554.1443989952,1,2183,63,0,4.2
0,1,11,16329.82257418857,0,3419,14,0,4.2
1,1,8,4619.2909439439445,0,2456,35,0,4.1
0,0,8,7779.025339932137,1,876,42,0,4.2
1,0,1,11767.637128940962,0,1176,60,0,4.1
1,1,1,3503.7073547770033,0,1435,91,0,4.3
1,1,3,13696.547226617084,0,3394,19,0,4.3
0,1,2,5571.782474155299,0,3159,71,0,4.3
1,0,5,8153.341147523159,0,767,60,0,4.2
0,1,12,12843.97929622174,0,3758,80,0,4.2
1,0,11,23918.06782735724,0,464,46,0,4.2
1,1,7,24722.05705622433,0,4345,89,0,4.2
1,0,3,22416.0537269719,0,1034,22,1,4.4
1,0,9,4877.999987980573,0,237,34,0,4.2
0,1,4,2322.3188157509417,0,1356,36,0,4.2
0,0,8,588.843557552568,1,434,119,0,4.2
1,1,5,15971.032174295153,1,3109,87,1,4.4
0,1,12,16704.97923940192,1,3965,73,1,4.4
0,1,8,2832.1226510532906,0,4390,33,0,4.3
0,1,3,20067.81776717397,1,1187,100,1,4.4
1,0,8,13390.871566557402,0,720,46,0,4.2
0,1,7,17417.342544308027,0,4671,64,0,4.2
0,1,4,20534.817046686654,0,4952,21,1,4.4
0,0,8,2602.3195050698755,1,1466,44,0,4.2
1,1,12,16107.811973282198,0,2474,40,0,4.2
1,0,9,2063.340861208573,0,1031,111,0,4.2
1,0,10,18075.54839240837,1,1284,25,0,4.2
0,1,1,6099.895590803885,0,665,49,0,4.3
1,0,8,1621.9595956115952,1,1199,39,1,4.4
1,0,2,6729.084329304958,0,765,111,0,4.1
0,1,10,12148.147622236445,0,1897,42,0,4.2
0,1,8,19106.371121785232,0,1985,114,0,4.2
1,0,1,23042.79994120489,0,139,19,0,4.1
0,1,9,17421.41752527411,0,3060,88,0,4.2
0,1,10,18887.63035489656,1,3289,39,1,4.4
0,1,6,7981.550939929447,0,614,97,0,4.2
1,1,10,20948.517490556274,0,268,8,0,4.3
0,0,2,5609.973241282442,0,373,79,0,4.1
0,1,2,11754.715483607064,0,1130,73,0,4.3
0,1,10,9240.166273551362,0,1423,44,1,4.4
1,0,1,4412.77040592181,0,1198,57,0,4.1
1,1,4,15551.923965933065,0,1020,100,1,4.4
0,1,1,4123.528793775899,0,1410,7,0,4.3
1,1,6,18342.233554410257,0,924,94,0,4.2
1,0,1,19995.35824667373,1,624,54,0,4.1
1,0,5,12331.84552117999,0,426,47,0,4.2
1,1,1,17436.960534983275,0,3522,92,1,4.4
1,1,2,2604.582849255935,0,4996,41,1,4.4
0,1,6,12865.830440903575,0,1246,116,0,4.2
0,0,10,3806.534418353513,1,988,62,0,4.2
1,1,12,13959.935564174402,0,405,22,1,4.4
1,0,3,11429.774704443236,0,142,5,0,4.1
1,1,11,10328.349529154835,1,4554,111,0,4.2
0,1,11,16376.698374862672,1,3391,65,0,4.2
1,0,5,18274.791713429855,0,60,31,0,4.2
1,0,12,13221.38033905474,1,241,80,0,4.2
1,1,9,19888.760584333337,1,472,62,0,4.2
0,1,1,16532.114951950593,0,941,116,0,4.3
1,0,4,373.0513098055367,1,1396,82,0,4.2
0,1,8,19791.43435468297,0,911,90,0,4.2
1,1,9,21253.63961289764,0,3331,99,0,4.2
1,0,6,17819.032417365226,1,91,27,0,4.2
1,0,4,20037.250742826604,0,764,32,0,4.2
0,1,6,1716.5982121980437,0,685,96,0,4.2
0,1,12,7819.54397078095,0,4500,104,0,4.2
1,1,7,17696.690070528613,1,606,56,0,4.2
0,0,5,5066.620902142995,0,1244,7,1,4.4
0,0,12,15860.011245745325,1,531,69,0,4.2
1,0,3,12836.020553299955,0,517,29,0,4.1
0,0,4,713.9357871016329,1,888,18,0,4.2
0,1,4,24747.050410693664,0,2384,107,0,4.2
0,0,10,21933.142420764663,1,775,52,0,4.2
0,1,12,23979.27646043442,0,4570,107,0,4.2
0,1,10,18688.48948580757,0,475,86,0,4.2
1,0,7,6443.494000476149,0,158,42,0,4.2
1,1,5,11159.190635280978,0,3304,8,0,4.2
0,0,5,22803.619315128395,0,1142,86,0,4.2
1,0,8,24971.236196897316,0,1079,87,0,4.2
1,0,9,10503.764135644278,0,490,40,0,4.2
1,0,6,14055.789706120195,1,954,25,0,4.2
1,1,4,6868.963756206637,1,1225,110,0,4.2
1,0,10,12151.369683280243,1,1229,18,0,4.2
0,1,12,6399.693538744991,1,4650,49,0,4.2
1,0,3,8868.248240650066,0,979,57,1,4.4
0,1,3,20074.23467815936,1,568,69,0,4.3
1,1,10,13099.631921319595,0,3882,59,0,4.2
0,1,7,4351.6624061068405,1,2014,16,0,4.2
1,1,2,6654.212931391654,0,4875,74,0,4.3
1,1,1,8586.337544863425,1,866,83,0,4.1
1,1,1,23121.79847019967,0,2264,99,0,4.3
1,1,6,22880.471677372523,0,2943,108,0,4.2
1,0,10,22708.27169117416,0,1199,98,0,4.2
0,1,8,9748.684726367219,0,1918,81,1,4.4
1,1,8,4759.911283409431,0,1444,58,0,4.2
0,0,11,7712.502682650413,0,713,74,0,4.2
0,0,3,4728.952617751048,0,195,67,1,4.4
0,1,11,3792.713196712903,1,1762,93,1,4.4
1,1,11,7905.534719359129,0,982,21,0,4.2
1,0,9,11025.17929422558,0,609,60,0,4.2
1,0,2,3727.4949305012724,1,1016,46,0,4.1
1,1,12,24060.723697796333,0,3226,50,0,4.2
0,1,6,15853.389720078152,0,2639,76,1,4.4
0,0,12,1267.7661995346784,1,401,13,0,4.2
0,1,6,23971.57375999842,0,3537,16,1,4.4
0,1,8,10523.31453139693,1,3179,17,1,4.4
1,1,4,5959.606218897765,0,1237,12,1,4.4
1,0,2,23628.90752959837,1,404,94,0,4.1
0,1,8,8806.369173509718,0,3072,29,0,4.2
0,1,4,13571.654197664006,1,3442,66,0,4.2
1,0,4,5769.967805238805,0,1190,61,1,4.4
0,1,9,23200.032059399466,0,2033,39,0,4.2
0,1,8,4649.100836513431,0,4783,110,1,4.4
0,1,9,9879.479570113877,0,2706,77,0,4.2
0,1,3,13918.885837828448,0,4759,104,0,4.3
1,0,4,2649.775337476184,0,795,24,0,4.2
0,1,10,9597.88294442966,0,4875,81,0,4.2
1,1,7,21332.976135435834,0,3142,109,0,4.2
0,1,2,20346.6330200276,1,3576,68,0,4.3
1,1,1,7784.331272722372,0,2673,95,0,4.3
1,1,1,23456.90037137524,0,592,78,1,4.4
0,1,12,9198.612659448765,0,449,112,0,4.2
0,0,1,23791.783596029578,0,126,5,0,4.1
0,1,5,21986.908463190386,0,4982,17,0,4.2
0,1,5,19295.370267538183,0,4513,19,0,4.2
1,0,8,13063.49938276915,0,382,49,0,4.2
0,1,3,18264.7989989733,0,1728,74,0,4.3
0,1,10,20013.542028449694,0,1966,32,0,4.2
0,1,6,578.8694160733284,1,2671,12,1,4.4
1,1,8,14569.947758233484,0,4555,93,0,4.2
1,0,9,8412.667402150306,0,1170,29,1,4.4
1,0,3,15456.137036101658,0,1229,69,1,4.4
0,1,3,23619.55321965198,0,4540,11,0,4.3
0,0,5,23190.58211783288,1,213,109,0,4.2
1,0,2,23260.49977935113,0,452,48,0,4.1
1,0,7,1254.1964089135604,0,560,45,0,4.2
1,0,6,23566.484822702627,0,1456,68,0,4.2
0,1,12,24235.437085022095,1,2149,9,1,4.4
1,0,10,11778.45932076442,1,1424,5,0,4.2
0,1,1,21498.069596345253,0,3928,96,1,4.4
0,1,12,18998.762367042717,0,3135,78,0,4.2
0,1,11,20369.96632056903,1,1998,60,0,4.2
1,1,7,23344.7553866441,0,2947,80,0,4.2
0,1,8,22155.46618340422,0,1737,69,0,4.2
1,0,6,5952.216799241529,1,827,99,1,4.4
1,1,4,9047.446464742765,0,1060,42,0,4.2
0,0,1,3784.0729954718704,0,479,39,0,4.1
0,1,5,24995.436312130678,0,2536,88,1,4.4
1,0,1,7525.112723958143,1,243,30,0,4.1
1,0,12,24957.74857777556,0,892,52,1,4.4
0,1,11,15360.09850297644,0,4964,113,0,4.2
0,1,12,8947.374981701332,0,218,102,0,4.2
1,0,1,14043.107263931495,0,897,33,0,4.1
1,0,7,6317.058502049193,0,1259,110,0,4.2
1,0,5,21552.950677823916,0,800,82,0,4.2
0,1,9,22143.94787065269,0,1882,43,0,4.2
1,1,8,19879.37299826711,0,1848,66,1,4.4
1,1,1,8582.841587357005,0,2902,56,0,4.3
1,1,8,2839.5289504877683,0,3102,90,1,4.4
1,0,4,7845.028461807508,0,733,12,0,4.2
0,0,1,18727.945004882393,0,129,89,1,4.4
0,0,9,8571.60851390756,1,192,85,0,4.2
0,0,8,21792.141265828213,0,346,99,0,4.2
1,0,4,11292.055951005397,1,825,100,0,4.2
0,1,11,4899.582614987285,0,4483,5,0,4.2
0,0,5,1490.3716998242123,1,547,35,0,4.2
0,1,1,20373.851369733413,1,851,69,1,4.4
1,1,3,5264.2280739455,1,433,28,0,4.1
1,0,7,19642.857437659135,1,856,117,0,4.2
0,1,12,5066.520780515569,0,1877,118,1,4.4
1,0,12,19974.75644041359,0,1387,97,0,4.2
1,0,3,11666.886257986618,0,646,20,0,4.1
1,0,2,3120.4871436725743,0,58,20,0,4.1
1,1,3,965.0794334659408,0,2501,35,0,4.3
0,1,10,2978.7360159911273,0,615,87,0,4.4
1,0,7,10714.394565737917,0,653,52,1,4.4
0,0,9,2496.6395226193677,1,830,44,1,4.4
1,0,8,20839.252898332452,0,1274,9,0,4.2
1,1,8,7800.477150784809,0,3309,111,0,4.2
0,0,8,23780.719826240293,0,1468,12,0,4.2
0,1,10,543.1701183516371,1,1444,117,0,4.2
0,0,3,14958.797683219707,0,943,51,0,4.1
1,1,12,11328.513622188057,0,602,44,0,4.2
0,1,4,2802.3419848914214,0,837,57,1,4.4
1,0,1,18673.460775357617,1,515,100,1,4.4
1,1,10,16293.050745623397,0,2569,42,0,4.2
1,1,4,10790.635305932285,1,1794,105,0,4.2
1,0,7,10742.636492673964,1,1288,35,1,4.4
0,0,1,22937.66833458922,0,326,89,0,4.1
1,0,10,971.0486505522236,0,487,72,0,4.2
0,1,3,13676.369386306802,1,4528,119,0,4.3
1,0,10,9979.098052410081,0,1014,11,0,4.2
1,0,3,869.338352025753,0,412,71,0,4.1
1,1,12,22770.743491664973,0,2809,27,0,4.2
1,0,9,20018.70889248032,1,1164,110,0,4.2
1,0,11,580.6799762748794,1,1215,50,0,4.2
0,1,10,8767.579132946064,0,1384,110,0,4.2
0,0,1,19232.288318045754,0,1159,38,0,4.1
0,1,9,4823.439484768195,0,2996,42,0,4.2
1,1,5,8325.5927849483,0,2894,26,1,4.4
0,1,2,21039.0298752873,0,1860,87,0,4.3
0,0,9,11199.215358404395,0,709,57,0,4.2
0,0,4,14864.561395892342,0,1083,108,0,4.2
0,1,12,11427.883287756371,0,4148,21,0,4.4
1,1,8,17395.729529505537,0,1620,68,1,4.4
1,1,2,7331.231961341938,0,3914,72,0,4.3
1,0,5,20753.221330065444,0,1473,28,0,4.2
1,1,11,24650.445941595295,0,1522,35,0,4.2
1,1,8,6518.3705828693555,0,4566,41,0,4.2
1,0,1,11732.635920475917,1,891,90,0,4.1
0,1,6,18324.414555424493,0,3884,95,0,4.2
0,1,10,11689.430367948045,1,2458,61,0,4.2
0,1,9,22026.502833712068,0,3590,23,0,4.2
1,1,2,12459.472874411045,0,1266,61,1,4.4
1,0,4,22967.371037278062,0,1254,112,0,4.2
1,0,7,6520.963088345414,0,1352,44,1,4.4
0,1,3,5902.523028420983,1,4571,53,0,4.3
1,1,3,2333.813263720547,0,3115,82,0,4.3
1,0,12,19190.775813453714,1,1399,82,0,4.2
0,0,9,1066.2326483705342,1,969,23,0,4.2
1,0,9,21458.198049397073,0,152,117,1,4.4
0,1,2,318.4914010417539,0,2477,31,0,4.3
1,1,9,24399.744113607878,1,386,44,1,4.4
1,0,6,10890.837022551188,0,740,72,0,4.2
1,0,10,22274.723604359693,0,506,80,1,4.4
1,0,2,20813.460164822805,0,372,116,0,4.1
0,1,11,20890.36112959274,0,2913,26,1,4.4
0,1,11,13504.400298569593,0,3201,45,0,4.2
1,0,8,11291.533910275155,0,494,17,1,4.4
0,1,7,9416.860230430344,0,2680,54,0,4.2
0,1,2,11947.340693365566,1,3727,47,0,4.3
1,0,5,14138.079694504753,0,1012,15,0,4.2
0,1,4,651.1185613971397,1,1445,21,0,4.2
1,0,11,16610.041207029404,1,1436,5,0,4.2
0,1,6,12357.184518835717,1,3838,52,1,4.4
0,1,2,10645.749898295464,0,1195,20,0,4.3
1,1,8,20044.54812526992,0,2003,80,1,4.4
0,0,4,23614.36687844658,0,144,36,1,4.4
1,0,5,17692.587844349455,0,727,36,0,4.2
1,1,6,23397.81272229766,0,1356,115,0,4.2
0,0,9,18416.962346221135,0,589,75,0,4.2
1,0,8,887.2137806539286,1,1242,80,0,4.2
0,1,11,823.0656882283836,0,437,84,0,4.2
1,1,5,15364.995444150018,0,4144,49,0,4.2
1,0,10,2576.593776559527,0,90,112,0,4.4
1,1,2,22442.685054479036,0,1429,34,0,4.3
1,1,11,8573.903367024968,0,683,67,1,4.4
1,0,10,12465.932970172968,0,61,53,0,4.2
0,1,5,10332.451647194122,0,784,75,1,4.4
0,0,5,14668.987473770154,0,624,39,0,4.2
1,1,2,20151.44175467746,0,1063,89,0,4.3
1,1,3,24665.01445613892,1,3368,29,0,4.1
0,1,8,6186.542204695161,0,3232,30,1,4.4
0,1,2,22565.285134855316,0,3402,99,0,4.3
0,1,3,24753.172416256002,0,3282,106,0,4.3
1,0,1,3933.53741122087,1,657,89,1,4.4
0,0,5,10727.095157345535,0,1145,15,0,4.2
0,0,1,15988.927077978347,1,106,41,0,4.1
0,1,6,8453.052384447923,0,4943,28,0,4.2
0,1,12,6499.455182338563,0,832,28,0,4.2
1,0,8,3812.334744329369,1,518,108,0,4.2
0,1,6,8605.89629723255,0,591,67,0,4.2
1,1,11,16042.491974917253,1,683,21,0,4.2
0,0,9,18373.21320145015,1,487,96,0,4.2
1,0,1,9973.826766355654,1,128,101,0,4.1
1,0,7,15813.537876375636,0,1301,116,0,4.2
0,1,4,8845.068452821683,0,3265,16,0,4.2
1,1,12,11149.608506730354,0,389,109,0,4.2
1,0,12,16710.44267825508,0,626,58,0,4.2
0,0,12,16004.21287954345,0,1343,55,0,4.2
1,0,10,16051.476571536446,0,418,36,1,4.4
1,0,5,824.6261379421171,0,348,112,0,4.2
1,0,4,13437.228155896075,0,958,84,1,4.4
1,0,12,2803.222303099953,0,519,118,0,4.2
0,1,7,10171.558660754694,0,3016,79,0,4.2
1,1,12,16923.13141569764,0,4986,114,0,4.2
0,1,8,6807.276775547079,0,3495,76,1,4.2
1,1,1,12699.532835696746,0,2657,48,0,4.3
1,1,10,13386.699797983152,0,4632,36,1,4.4
1,0,10,9365.792880599914,0,357,33,0,4.2
1,1,2,24236.320121256344,0,4580,13,0,4.3
1,0,7,4784.893878809235,0,813,25,1,4.4
0,0,7,23806.72551564134,0,773,55,0,4.2
0,0,4,19320.11444349884,0,406,105,0,4.2
0,0,4,10020.786701612646,1,170,82,1,4.4
1,0,9,11854.738083532327,0,758,50,1,4.4
0,1,2,24227.306445017697,0,3306,6,1,4.4
1,0,5,7792.116704914741,1,217,67,0,4.2
0,1,9,4748.429755266486,0,1344,73,1,4.4
1,0,1,7328.407327796455,1,1482,90,1,4.4
1,1,2,24902.37030977998,0,4595,32,0,4.3
1,1,9,132.8647377098089,0,4221,53,0,4.2
