es_2_4,carga_ocupantes,ubicado_en_sotano,num_pisos,area_total_m2,evento_recurrente,horario_funcionamiento,subfuncion
1,116,0,5,1914.4227532871164,1,3,2.4
1,97,0,3,295.98470683483924,1,2,2.4
0,395,0,5,7428.904040051212,1,1,2.2
1,484,0,2,607.6546754027044,1,3,2.4
1,572,0,4,7129.354097901408,1,3,2.4
0,176,1,1,11589.302795240985,1,1,2.3
1,349,0,4,1508.356906395107,1,1,2.4
0,215,0,2,7967.141298030085,0,2,2.2
1,486,0,2,5424.5618937686995,1,2,2.4
0,280,1,4,590.4661024809299,0,1,2.3
1,226,0,4,3348.190225169393,1,1,2.4
0,530,0,4,3557.1836878805557,0,3,2.2
0,428,0,5,11119.29549823452,1,3,2.2
0,42,1,6,3935.9406982196274,1,2,2.3
0,471,0,5,6757.26251095548,1,3,2.2
1,24,1,4,1339.3025525699882,1,3,2.3
0,573,0,4,10895.419363416811,0,1,2.2
1,534,1,3,8352.679949824469,1,2,2.3
0,37,0,4,10716.080031955235,1,2,2.1
1,199,1,1,7789.89694046928,1,1,2.3
0,268,1,3,5038.061487627909,0,3,2.3
1,383,0,1,4875.842244143588,1,2,2.4
0,277,0,2,8561.633549597082,0,1,2.2
1,229,1,5,4173.601413918862,1,1,2.3
1,62,0,6,2942.56049456243,1,3,2.4
0,410,0,5,7606.054675593275,1,3,2.2
0,210,0,6,8364.963041151039,1,3,2.2
1,520,0,4,11289.253010650767,1,3,2.4
0,482,0,6,8364.623572173732,0,2,2.2
0,581,0,1,1162.5780752804956,1,1,2.2
0,242,0,3,10283.075287943204,1,1,2.2
0,429,0,4,6989.205126165633,0,1,2.2
0,347,0,3,7840.937051056077,0,1,2.2
1,286,0,3,7908.474062989103,1,1,2.4
1,479,0,6,7098.956628348499,1,2,2.4
1,292,0,5,6056.513262607045,1,3,2.4
1,525,1,1,571.0650724654834,1,2,2.3
0,527,0,1,11439.20857193624,0,2,2.2
0,125,0,5,2331.386822246635,0,3,2.2
1,575,0,6,1211.259100560684,1,3,2.4
0,164,0,2,8902.184982162744,1,3,2.2
0,547,0,1,7357.588844844882,0,3,2.2
1,29,0,6,9559.722399761407,1,3,2.1
1,60,0,6,3474.1679629329988,1,2,2.4
0,63,0,5,6290.806957654912,1,1,2.2
1,359,0,4,1636.3077958034892,1,2,2.4
1,129,0,4,8941.30958383943,1,2,2.4
1,136,0,5,745.4134663259011,1,2,2.4
1,105,0,1,7939.358651776889,1,1,2.4
0,456,0,5,5064.22074601209,0,3,2.2
0,294,1,5,1175.1760098092934,0,2,2.3
0,227,0,5,5707.98766082776,0,2,2.2
0,531,0,4,591.382916775932,0,2,2.2
0,334,0,2,366.8101609723807,1,3,2.2
0,389,1,5,6570.120632325423,1,3,2.3
0,52,0,5,2614.3399805150707,0,1,2.2
1,99,0,2,8195.283344224837,1,2,2.4
0,205,0,2,7565.8670190196135,1,1,2.2
0,403,0,3,11886.536446908045,1,2,2.2
1,378,0,1,2896.9220212275545,1,2,2.4
0,351,0,3,4700.960060873249,0,1,2.2
0,464,0,4,6902.582763073269,1,1,2.2
1,34,0,5,9040.875626780276,1,3,2.1
0,51,0,6,6616.8701437686395,1,3,2.2
1,597,0,2,7437.70585662932,1,1,2.4
0,177,1,2,10708.16805988248,0,1,2.3
1,505,0,6,9762.954828727155,1,3,2.4
0,141,0,4,1047.8335645490918,1,2,2.2
0,540,1,3,3081.501977784008,1,2,2.3
1,370,0,3,7021.256742911058,1,2,2.4
1,418,0,6,5264.213187698344,1,2,2.4
1,158,1,5,11915.929313625638,1,1,2.3
1,541,1,1,2640.86882370857,1,3,2.3
1,575,0,1,10987.28938294582,1,2,2.4
0,417,0,2,2298.0478586989475,1,2,2.2
1,50,0,3,8393.032482535955,1,1,2.1
1,470,0,5,1641.562246423809,1,3,2.4
0,265,0,1,5048.004283672895,1,2,2.2
0,128,0,6,9736.112302842903,1,1,2.2
1,470,1,1,5007.093052935099,1,1,2.3
1,485,0,5,11959.81020303317,1,1,2.4
0,467,0,5,5434.002416955617,0,3,2.2
1,455,0,2,4330.044480492444,1,3,2.4
0,447,0,3,3727.9380152640406,1,1,2.2
1,312,0,5,7462.699138673903,1,2,2.4
0,315,0,6,6680.046522079597,0,2,2.2
1,490,0,4,3610.615445926308,1,2,2.4
0,147,0,2,9238.567008719,0,1,2.2
0,459,0,3,6976.816716937274,0,3,2.2
1,104,0,4,2223.467008569781,1,1,2.4
0,102,0,5,2347.8537747636155,0,1,2.2
1,543,1,1,6436.36086960365,1,2,2.3
0,87,0,3,519.7800711011323,1,1,2.2
0,116,0,5,81.0105413845764,1,1,2.2
0,312,0,6,2871.592570752982,1,2,2.2
1,535,1,3,8574.527551320401,1,3,2.3
0,517,1,2,4282.052715977849,0,1,2.3
0,48,0,6,3963.59335852608,0,1,2.1
1,403,0,5,5781.00611596329,1,3,2.4
0,563,0,6,10800.786395882897,1,3,2.2
1,386,0,6,2742.7269326647124,1,2,2.4
1,359,0,6,9680.085396556664,1,3,2.4
0,252,1,5,11789.424472057846,0,2,2.3
0,13,1,6,3131.938783187031,0,3,2.3
0,401,0,5,9245.440551643645,0,2,2.2
0,234,0,4,1422.3000556334823,1,2,2.2
0,520,0,3,7146.903015816891,0,2,2.2
1,181,0,2,1100.0239293497489,1,3,2.4
0,559,0,6,1325.056038855561,1,2,2.2
1,146,0,3,844.630395032991,1,2,2.4
1,238,0,6,9910.335486478927,1,1,2.4
0,87,0,4,3828.5491584431106,1,2,2.2
0,431,0,1,2824.941707004467,1,3,2.2
1,113,0,3,5206.76131048049,1,3,2.4
0,457,0,5,5970.312335527389,1,3,2.2
0,450,0,5,9353.934671656476,0,2,2.2
0,127,0,4,5511.152620416056,1,3,2.2
0,166,0,4,9273.989668149028,0,3,2.2
0,292,0,3,11510.943795040132,0,2,2.2
1,355,0,4,10946.636285673429,1,2,2.4
1,469,1,4,9491.511413632836,1,1,2.3
0,387,1,3,8850.508615715438,1,2,2.3
0,414,0,4,1539.7190403790387,1,3,2.2
1,440,1,1,2506.6787100888682,1,1,2.3
1,584,0,2,11042.274616132489,1,2,2.4
1,356,0,3,442.51770940908824,1,3,2.4
1,189,0,1,4380.607094443766,1,3,2.4
1,478,0,1,11534.790293759988,1,1,2.4
0,485,0,1,3630.171145609401,0,2,2.2
0,327,0,5,7518.463045260075,0,3,2.2
1,380,0,2,6436.7479005241,1,1,2.4
1,273,0,3,4511.046329543047,1,2,2.4
0,389,0,4,10085.476870506018,1,1,2.2
0,452,0,6,4104.291388459482,1,3,2.2
0,105,0,6,9971.12738157555,0,1,2.2
1,16,0,1,2534.2407489950265,1,3,2.1
1,557,0,2,10717.42694736985,1,3,2.4
0,395,0,4,9976.321353454734,0,2,2.2
1,509,0,4,1724.3524504091079,1,2,2.4
0,137,0,2,318.5082344254029,0,2,2.2
0,287,0,4,1630.700722947698,1,2,2.2
1,155,0,2,6939.37188239533,1,2,2.4
1,162,0,4,2516.7341975392083,1,2,2.4
1,177,0,5,7997.188260827753,1,3,2.4
0,485,0,6,611.2433029619078,0,3,2.2
1,301,0,5,4702.082587801619,1,3,2.4
1,196,0,3,11394.2162248403,1,3,2.4
0,415,0,1,3275.439107586729,1,3,2.2
0,516,0,2,7498.823983314639,1,1,2.2
1,226,0,2,5543.1940774955165,1,3,2.4
0,117,0,6,112.78313177269973,0,1,2.2
1,26,0,1,2262.338499621505,1,2,2.1
0,90,0,6,7664.917378484368,1,2,2.2
1,580,0,5,8055.513701372968,1,2,2.4
0,95,0,6,1490.24481649825,1,3,2.2
0,486,0,6,705.8472450253754,1,3,2.2
0,535,0,3,6750.092468341993,1,3,2.2
0,192,0,1,6483.897810050411,1,1,2.2
0,435,0,2,341.58933960062933,1,2,2.2
1,150,0,3,886.8549836822788,1,2,2.4
1,486,1,4,7548.690285459523,1,3,2.3
1,349,0,6,89.98902641360172,1,1,2.4
1,333,0,5,553.0136161545245,1,1,2.4
0,408,0,4,2658.133959987517,1,1,2.2
1,449,0,3,10849.501407744483,1,2,2.4
1,580,0,5,7813.277455458803,1,1,2.4
0,339,1,1,2684.8101983885954,0,3,2.3
0,63,0,1,6243.211381782887,1,1,2.2
1,428,0,6,11956.212520890354,1,3,2.4
0,129,0,1,7135.632221358353,1,2,2.2
1,550,0,1,10233.712723496743,1,2,2.4
0,270,0,2,4931.015896194849,0,3,2.2
0,463,0,5,10739.035175068406,1,2,2.2
1,332,0,2,6548.1579505689215,1,1,2.4
1,225,0,4,10214.45166267619,1,3,2.4
1,372,0,5,8177.68222253559,1,3,2.4
0,16,0,5,10468.530156555522,0,3,2.1
1,446,0,2,9824.705938222793,1,2,2.4
0,304,0,5,7422.276674590119,1,1,2.2
1,457,0,3,1584.9621812136368,1,3,2.4
0,242,0,4,7609.83162295068,1,1,2.2
0,493,1,3,2038.2121638406545,1,1,2.3
0,31,0,3,10236.35517742384,1,3,2.1
0,236,0,4,343.813651682678,0,2,2.2
1,468,0,2,1949.3124851572404,1,2,2.4
0,108,0,5,8339.50259808879,0,2,2.2
0,31,1,3,11412.819568892404,0,1,2.3
0,93,0,1,5335.470210451877,0,2,2.2
0,172,1,1,8593.342280416859,1,3,2.3
0,318,0,3,10145.159575996808,1,3,2.2
0,545,0,3,2266.2335523860193,1,2,2.2
1,245,0,1,2446.270484069024,1,1,2.4
1,126,0,3,11812.999318464703,1,1,2.4
1,329,0,6,3535.3678155761736,1,1,2.4
0,111,0,3,5792.0580197310555,0,1,2.2
1,472,0,6,2563.6774800304797,1,1,2.4
0,11,0,1,4239.99182794971,0,2,2.1
1,175,0,6,8333.667592831038,1,3,2.4
1,314,0,5,8492.384931518469,1,2,2.4
0,368,0,1,8523.273207438451,1,2,2.2
0,327,0,3,10743.059039923306,1,2,2.2
0,136,0,2,5291.356237049984,1,3,2.2
0,310,0,3,11711.58980703862,0,1,2.2
0,558,0,1,5944.658319066405,0,3,2.2
0,216,0,4,2131.6103721101313,1,2,2.2
0,525,0,6,11852.412286645891,0,1,2.2
1,429,1,2,5865.693850025199,1,2,2.3
0,304,0,3,3442.061616873308,0,3,2.2
0,529,0,6,2197.2131509993915,0,2,2.2
1,562,0,4,4889.9985490098425,1,2,2.4
1,139,1,1,4723.42436298854,1,1,2.3
1,238,1,1,9293.003851954878,1,1,2.3
1,19,1,6,4004.1278877206046,1,1,2.3
1,266,0,3,11385.571090474634,1,1,2.4
1,293,1,5,4312.94803382802,1,1,2.3
0,165,0,6,2509.8024599393807,0,2,2.2
0,520,0,2,520.1553109886903,0,2,2.2
1,170,0,6,8274.083997105816,1,1,2.4
1,135,0,2,11678.51808944064,1,3,2.4
1,436,0,4,6410.327616474275,1,3,2.4
1,317,0,2,8808.142074179035,1,2,2.4
1,361,0,6,3100.912970504761,1,1,2.4
0,436,0,2,2967.5601205473727,1,3,2.2
0,354,0,1,7227.2840334275215,1,2,2.2
1,370,1,4,1953.4849706515213,1,2,2.3
1,98,0,1,1131.2562586802565,1,3,2.4
0,390,0,4,8027.740957484837,1,2,2.2
0,374,0,6,6556.644720632152,0,3,2.2
0,152,0,4,6604.571673735148,1,1,2.2
1,276,0,6,7728.782828918916,1,2,2.4
1,94,0,2,5776.223437675285,1,1,2.4
0,21,1,5,2990.532422636079,1,3,2.3
0,507,0,3,267.87936298252146,0,3,2.2
0,133,0,4,11128.062810315865,0,1,2.2
1,343,0,5,3454.231178444978,1,3,2.4
0,300,0,2,7343.488710565474,1,1,2.2
0,354,0,4,2218.188254962742,1,3,2.2
1,454,0,4,5123.102731096525,1,2,2.4
0,181,1,2,1392.036915714069,0,2,2.3
0,229,0,1,7776.940665403178,0,1,2.2
0,163,0,4,3333.9321248002266,1,3,2.2
0,448,0,1,8855.641252082976,1,3,2.2
1,428,0,3,2821.7677985859063,1,2,2.4
0,263,1,3,7184.710656903516,1,2,2.3
1,468,0,4,9833.549332574832,1,2,2.4
1,45,1,1,7169.221201858032,1,1,2.3
1,434,0,5,6252.764501353831,1,2,2.4
0,548,0,6,7134.103300258401,1,1,2.2
1,139,0,2,4387.184048559604,1,3,2.4
0,125,1,4,1110.7703595878331,1,1,2.3
0,320,0,6,5101.134905084465,1,1,2.2
1,524,0,5,1481.9565741108738,1,3,2.4
1,257,0,1,8075.123401175796,1,2,2.4
1,170,0,4,9395.235647661111,1,2,2.4
1,490,0,5,4353.6300692846535,1,1,2.4
1,458,0,4,3392.4572847341765,1,2,2.4
0,428,0,6,6820.575577948452,0,3,2.2
1,438,0,2,10423.277446784032,1,2,2.4
1,535,1,5,323.581208464637,1,3,2.3
0,215,0,2,9878.642735430614,0,2,2.2
1,119,0,6,2139.32159576193,1,3,2.4
0,34,0,2,864.6590971566482,0,1,2.1
1,21,0,4,3776.2027903688518,1,2,2.1
0,456,0,5,261.3693248784238,1,3,2.2
1,526,0,2,2580.4764404524662,1,2,2.4
0,65,0,3,2089.443864672481,0,2,2.2
1,89,0,1,6137.594431389987,1,3,2.4
1,368,0,5,7505.555243685079,1,2,2.4
1,583,0,3,4444.724242983611,1,2,2.4
0,519,0,6,5802.0626120421175,0,3,2.2
0,432,0,5,194.8432569945246,0,1,2.2
1,182,1,1,1361.347574196167,1,3,2.3
1,192,1,6,1843.0815430931118,1,2,2.3
1,445,0,2,9430.94769885283,1,1,2.4
1,129,0,1,9716.15736655412,1,1,2.4
1,241,0,3,5970.652636358733,1,3,2.4
1,88,0,5,1844.5195597636477,1,1,2.4
1,209,1,3,7925.474633733986,1,3,2.3
1,157,0,2,5570.265893217921,1,3,2.4
0,400,0,3,2130.606557242308,0,2,2.2
0,559,1,4,10791.864846874512,1,1,2.3
0,570,0,4,9306.873678621567,1,2,2.2
1,158,1,3,11760.645435838265,1,2,2.3
1,297,0,2,1580.7441690760902,1,3,2.4
1,192,1,3,6623.598688474965,1,2,2.3
0,423,0,4,2409.7723538262508,1,1,2.2
1,506,0,2,7651.045626571409,1,2,2.4
1,311,0,4,693.6055736264123,1,2,2.4
0,543,0,5,2019.5370479667736,0,3,2.2
1,472,0,4,8806.978459956694,1,3,2.4
0,524,0,3,1861.2539904726993,0,3,2.2
0,120,0,2,161.51285693376488,0,1,2.2
0,113,0,2,7907.845737697376,0,1,2.2
0,75,0,5,6487.413224749317,1,2,2.2
0,21,0,6,9007.068539403215,1,3,2.1
0,220,0,4,4655.241802415973,1,2,2.2
0,163,0,5,72.46460812268217,0,2,2.2
0,197,0,4,4857.809140004344,1,1,2.2
0,345,0,4,6749.888128273243,1,2,2.2
0,168,1,3,6004.155403048271,0,2,2.3
0,551,0,5,9473.948827835256,1,1,2.2
1,192,0,4,797.3796114235528,1,3,2.4
0,127,0,1,7668.7615104192455,1,3,2.2
1,568,0,3,8892.83732089306,1,2,2.4
0,509,0,2,2025.2646260935858,1,2,2.2
0,572,0,2,10240.099837514748,0,1,2.2
0,58,0,5,8486.927141585094,1,2,2.2
0,322,1,1,1948.952603648775,1,1,2.3
0,557,1,4,582.9091550568904,0,3,2.3
1,409,0,2,10145.233763617956,1,2,2.4
1,237,1,4,7455.408310383017,1,3,2.3
1,528,1,2,8802.762345465173,1,3,2.3
0,435,0,6,8783.31053151972,1,2,2.2
1,314,0,1,11367.080053477739,1,1,2.4
1,187,0,2,1111.6409287963943,1,2,2.4
0,582,0,4,8687.630923341381,0,2,2.2
1,503,0,1,5172.135036297185,1,1,2.4
0,75,1,3,7829.132932453902,1,3,2.3
1,252,0,5,2018.240923515936,1,3,2.4
0,223,1,5,7932.57092841717,0,2,2.3
1,67,0,1,374.6506836454398,1,1,2.4
1,53,0,4,9590.213049280723,1,3,2.4
0,388,0,3,5320.812291096865,0,2,2.2
1,173,0,1,4781.847148316336,1,2,2.4
1,477,0,2,3835.3020409569435,1,3,2.4
1,49,0,4,2464.0872374097553,1,1,2.1
0,269,0,6,1047.3958156231304,1,3,2.2
1,138,0,5,8031.643985703344,1,1,2.4
1,515,0,3,8257.988922216597,1,3,2.4
1,391,0,3,2289.5727319661073,1,1,2.4
1,443,1,4,3806.483852545793,1,3,2.3
0,466,0,2,9840.09850321396,1,2,2.2
1,165,0,6,8642.975495878574,1,3,2.4
1,316,0,2,7384.640154847603,1,3,2.4
0,282,0,3,10132.661050560355,0,1,2.2
1,75,0,4,8195.95031469936,1,2,2.4
0,10,0,3,8345.09935344248,1,2,2.1
1,236,0,5,7855.295346848832,1,2,2.4
0,560,0,4,7996.569596538144,0,1,2.2
0,416,0,2,5392.313748486784,1,1,2.2
1,551,0,3,5099.453718327738,1,1,2.4
1,163,0,6,10307.183037749495,1,3,2.4
0,435,0,4,265.17833942543126,1,3,2.2
0,384,0,3,10479.408382815229,0,2,2.2
1,474,0,1,5651.777187300845,1,1,2.4
0,343,0,4,820.670691427552,1,2,2.2
0,136,0,5,10065.918593445496,0,3,2.2
1,571,0,5,810.508865975376,1,1,2.4
0,210,0,4,10429.190500527451,0,1,2.2
1,433,0,4,5599.977172895236,1,3,2.4
0,415,0,3,5370.6910418032185,1,3,2.2
1,357,1,6,9451.666505095522,1,3,2.3
0,171,0,1,6099.879410967673,1,2,2.2
0,582,0,2,10893.19296831852,0,2,2.2
0,433,0,5,5717.746624153563,1,1,2.2
1,199,0,4,1340.9077618617619,1,2,2.4
1,327,0,6,11184.456947222156,1,1,2.4
0,562,0,5,4175.416556480221,1,1,2.2
1,503,0,5,11156.648998953713,1,1,2.4
1,28,0,5,8582.690101378934,1,1,2.1
1,112,0,5,68.7030070381012,1,3,2.4
1,440,1,4,8254.749466236652,1,2,2.3
0,429,0,3,7176.042150381401,1,1,2.2
1,50,0,5,8160.105982237149,1,2,2.1
0,275,0,3,10963.77902353603,1,3,2.2
0,523,0,3,6430.911296945777,0,1,2.2
0,428,0,5,4822.456543316557,1,2,2.2
0,288,0,6,10154.972137729386,1,2,2.2
1,384,0,6,9478.37266105348,1,2,2.4
1,165,0,1,5200.27338513389,1,3,2.4
0,127,0,1,6333.460556536219,1,1,2.2
0,577,0,4,4110.237484455859,1,2,2.2
0,488,0,3,3769.0490660075534,1,1,2.2
1,449,0,1,1307.847263104298,1,1,2.4
1,385,0,3,11570.008015056543,1,2,2.4
1,457,0,3,329.05755112182163,1,3,2.4
1,551,1,2,1437.860574396281,1,2,2.3
1,96,0,2,9929.152948910774,1,1,2.4
1,509,1,6,6519.820907803643,1,1,2.3
1,374,0,3,10070.663118088796,1,3,2.4
1,572,0,5,4142.253347074824,1,1,2.4
0,508,0,5,5356.322802966325,1,3,2.2
1,108,0,6,6854.059466128279,1,2,2.4
1,529,1,1,8545.072364353713,1,2,2.3
1,276,0,4,503.87968131374896,1,2,2.4
0,526,0,4,5628.045822912695,0,2,2.2
1,313,1,4,10369.392894048815,1,3,2.3
1,111,0,6,9153.488386963481,1,3,2.4
0,508,0,3,10738.708054049575,1,3,2.2
0,374,0,1,760.6852479640053,0,1,2.2
0,584,0,3,417.9410934423518,1,1,2.2
0,489,0,6,8686.34814449383,1,2,2.2
0,213,0,3,2567.9243182130776,1,3,2.2
0,273,0,6,221.06756812136675,1,1,2.2
0,150,0,5,9872.02329948216,1,1,2.2
0,113,0,2,977.9095493256805,1,2,2.2
1,364,0,6,9708.410759610204,1,1,2.4
0,582,1,6,3629.809851548793,0,3,2.3
0,367,1,2,8535.815174239395,1,3,2.3
1,460,0,6,1870.3385941011986,1,3,2.4
0,240,0,1,6610.31637082762,0,1,2.2
0,322,0,1,8651.507867588498,1,2,2.2
0,573,0,2,2941.0835797705786,1,1,2.2
0,39,0,5,11005.660703892905,1,3,2.1
1,363,0,1,8996.31054780809,1,3,2.4
1,163,0,6,8498.369025095808,1,3,2.4
0,399,0,1,1038.4497652160244,1,1,2.2
1,146,0,4,6883.119505105487,1,2,2.4
0,92,0,4,8117.923730738534,0,3,2.2
1,184,0,5,10512.359157303763,1,1,2.4
0,532,0,1,3611.7238932413456,0,3,2.2
0,110,0,4,10396.550974407144,1,2,2.2
0,245,1,1,2272.974850067704,1,3,2.3
0,338,0,6,10567.873018161747,0,1,2.2
0,171,0,4,8876.239624681351,0,1,2.2
0,447,0,5,3484.544677763678,0,1,2.2
0,574,0,5,8272.131103840366,0,2,2.2
1,407,0,1,8847.595079476107,1,2,2.4
1,545,0,1,11563.81592860668,1,2,2.4
0,128,0,1,6279.48776946696,1,3,2.2
0,184,0,2,2221.783328978083,1,1,2.2
1,21,1,3,7972.937786394223,1,1,2.3
0,466,0,1,7293.451450955083,0,1,2.2
1,204,0,5,2996.9134379873944,1,1,2.4
0,227,0,1,2907.9473944978045,1,2,2.2
0,287,0,3,8721.24504327927,1,1,2.2
0,516,0,3,11780.757220036752,1,3,2.2
1,500,0,4,4081.2146851534308,1,2,2.4
1,168,0,2,8296.65387094223,1,2,2.4
1,370,0,6,5016.924130896573,1,2,2.4
1,582,0,6,961.0586547840956,1,2,2.4
0,219,0,6,5222.151226403157,0,2,2.2
0,502,1,1,1687.138803491373,1,2,2.3
0,501,0,4,11419.586233823895,1,3,2.2
0,341,0,1,11036.679484643439,0,2,2.2
0,399,0,3,8798.865151773321,0,1,2.2
0,459,0,5,10257.951780773374,1,3,2.2
1,48,0,4,6802.769483810438,1,2,2.1
0,146,0,4,4316.500660441646,1,2,2.2
0,179,0,2,6200.4692246011955,1,2,2.2
1,182,1,1,1887.993944467213,1,3,2.3
0,138,1,5,5804.514616296458,1,1,2.3
1,368,0,6,7483.372770333376,1,1,2.4
1,100,0,1,2922.7670090774072,1,2,2.4
0,275,0,1,515.213061741726,0,1,2.2
1,589,0,3,6781.729472294907,1,1,2.4
1,412,1,2,10716.07081846337,1,1,2.3
0,93,0,4,2493.307588353806,0,3,2.2
0,503,1,4,3578.1395397512238,1,1,2.3
1,198,0,5,9264.917649430045,1,2,2.4
0,442,0,4,5131.476815980443,0,2,2.2
1,518,0,6,4378.006244844803,1,1,2.4
0,94,0,3,10598.675849047393,0,2,2.2
0,178,0,2,3670.024322403129,0,1,2.2
1,215,1,3,11994.549828693178,1,3,2.3
1,319,0,1,4599.241689872346,1,3,2.4
1,41,0,6,7026.084727143634,1,3,2.1
0,514,0,4,7604.306015278166,0,1,2.2
1,200,0,4,11670.418988529234,1,3,2.4
0,207,0,2,8761.323686787007,1,1,2.2
1,486,1,6,4060.5449285246204,1,1,2.3
0,85,0,5,11367.733471946804,1,3,2.2
1,553,0,4,4643.042710363412,1,3,2.4
0,497,0,1,11644.572461226382,1,3,2.2
1,177,1,1,3740.571366887723,1,2,2.3
1,492,0,3,10558.12519110951,1,1,2.4
1,437,0,6,8088.800780796331,1,1,2.4
1,384,0,3,7554.5209221189725,1,1,2.4
1,340,0,4,7474.444766142841,1,1,2.4
1,78,1,3,4302.464373147576,1,2,2.3
1,206,1,6,4518.356511803122,1,1,2.3
0,400,0,6,9382.900928699148,1,1,2.2
1,370,0,2,5428.892491373992,1,2,2.4
1,579,1,6,6688.170318065029,1,2,2.3
0,213,1,3,2503.7286175462577,1,2,2.3
1,175,0,3,7164.547952040319,1,3,2.4
1,29,0,6,8364.779857982567,1,3,2.1
0,423,0,6,11581.93366498094,0,2,2.2
1,335,0,4,3031.816183717071,1,2,2.4
0,163,0,5,11339.598292457802,1,1,2.2
1,423,0,4,7548.464532822139,1,1,2.4
0,146,0,1,2684.7801370059838,1,2,2.2
1,185,0,2,149.42330961494454,1,2,2.4
1,516,1,1,5236.550623869668,1,3,2.3
0,82,0,3,7093.975174342131,1,1,2.2
0,221,0,1,9829.516319451981,0,3,2.2
1,375,0,2,797.1892341270066,1,1,2.4
1,340,0,6,11420.313986612608,1,2,2.4
0,173,0,5,9451.895565117671,0,2,2.2
0,503,0,1,2514.297990755472,1,3,2.2
1,558,0,3,5479.427805658479,1,1,2.4
0,197,0,4,6443.554779957248,0,3,2.2
1,72,0,3,7206.202530949296,1,1,2.4
1,582,0,4,2559.850726719565,1,1,2.4
0,130,0,6,1386.97336776203,1,1,2.2
1,251,0,5,9926.532677839361,1,3,2.4
1,138,0,4,5347.512788730245,1,2,2.4
1,70,0,4,10477.997840434682,1,1,2.4
1,557,0,1,6092.328133392408,1,3,2.4
1,222,0,6,6662.785717509773,1,3,2.4
1,270,0,1,4170.137969868132,1,3,2.4
1,294,0,5,8677.05426881237,1,3,2.4
1,410,0,5,8638.938433349686,1,2,2.4
0,298,0,6,2030.6907147343875,1,2,2.2
1,124,0,1,2582.1372487593035,1,3,2.4
1,136,0,6,11520.36049242579,1,3,2.4
0,490,0,2,4971.7836479890775,1,1,2.2
1,150,0,2,314.59063189792204,1,3,2.4
1,254,1,5,5297.1920047474005,1,2,2.3
1,334,0,3,2491.580781617695,1,1,2.4
0,583,0,1,8095.294950286652,1,1,2.2
0,389,0,6,8695.151765141198,1,1,2.2
1,434,0,3,3461.829922416213,1,3,2.4
1,438,0,3,954.6117413519603,1,2,2.4
0,444,0,2,850.3346637019947,1,3,2.2
1,344,1,1,11781.40274312764,1,2,2.3
1,344,0,5,6730.758455111896,1,1,2.4
1,215,0,3,8494.279448437777,1,3,2.4
1,131,0,3,4581.757119306365,1,2,2.4
0,357,0,2,9285.074400819532,1,1,2.2
0,259,0,5,4234.925743534227,1,1,2.2
1,53,0,4,2379.953638808456,1,2,2.4
0,409,0,3,5226.299180216239,1,2,2.2
0,583,0,2,5008.9060240309345,1,3,2.2
1,395,0,4,8705.915655637998,1,3,2.4
1,523,1,3,9870.879811695044,1,2,2.3
0,393,0,1,3205.5407170899393,1,2,2.2
1,165,0,6,2663.651575325231,1,3,2.4
1,446,0,4,5565.198984683851,1,3,2.4
1,349,0,4,2645.9090931134792,1,1,2.4
1,414,0,5,7578.976547835788,1,2,2.4
0,226,0,3,6194.702428111604,1,3,2.2
0,267,0,1,6941.593666350188,0,3,2.2
0,100,0,2,118.33704726143199,1,3,2.2
1,468,0,3,4901.841030388022,1,2,2.4
1,510,0,6,254.93989388661748,1,2,2.4
0,216,0,2,6782.57444101605,1,1,2.2
1,546,1,5,9092.925496469388,1,3,2.3
0,285,0,3,11153.21726418478,0,1,2.2
0,572,0,2,7811.631710003996,1,2,2.2
0,297,0,2,4381.054305259157,1,3,2.2
0,352,0,1,7801.235533387346,0,3,2.2
0,202,0,4,555.9902313299868,1,1,2.2
0,443,1,1,7335.884230573761,1,2,2.3
0,165,0,6,10585.306896542072,1,1,2.2
1,447,0,4,4291.34969748027,1,2,2.4
0,305,0,1,7301.821118704663,1,2,2.2
0,248,0,3,8862.241724959593,0,3,2.2
1,221,0,1,7490.434876503964,1,3,2.4
0,375,0,5,11705.350445074893,1,2,2.2
0,503,0,2,5023.805803201924,0,3,2.2
1,573,0,4,11678.267735051964,1,2,2.4
1,305,1,3,3948.734320591704,1,1,2.3
1,48,0,4,8104.230787341478,1,1,2.1
1,232,0,6,10382.674116204775,1,3,2.4
1,40,0,4,7425.764730240914,1,2,2.1
1,275,0,6,3774.6934507547453,1,2,2.4
0,256,0,2,9877.455473664984,0,2,2.2
1,98,0,3,11901.68592770203,1,1,2.4
0,41,0,4,239.08690536200876,1,1,2.1
0,437,0,4,4368.775159852877,1,2,2.2
1,196,0,6,10844.41127178974,1,1,2.4
0,399,0,1,6179.119813449772,1,2,2.2
1,81,0,3,1737.6213433091361,1,2,2.4
0,460,0,5,4908.353566506846,1,1,2.2
0,194,0,3,11269.794772493236,1,1,2.2
0,264,0,4,8089.537142228977,0,2,2.2
1,496,0,4,57.80801959752968,1,3,2.4
0,285,0,1,1866.980380722677,1,3,2.2
1,118,0,3,2895.852511305071,1,3,2.4
0,506,0,5,1896.1818378588634,1,2,2.2
1,22,0,5,8512.055927062474,1,2,2.1
1,576,0,3,7400.793229467338,1,1,2.4
1,488,1,4,3377.72521068425,1,1,2.3
1,10,0,3,5416.013276765004,1,1,2.1
1,490,0,1,7319.418025092872,1,3,2.4
1,116,0,6,713.5241420693491,1,3,2.4
1,490,0,5,10285.096163012755,1,3,2.4
0,502,0,6,1096.2065351319782,0,3,2.2
1,158,0,3,7663.281674852088,1,3,2.4
0,193,0,2,7454.410326991821,1,2,2.2
1,67,0,2,8606.797180243626,1,1,2.4
1,92,0,3,1749.9501153329443,1,3,2.4
0,219,0,1,11229.039936653575,0,2,2.2
0,146,0,4,3311.75243704128,0,1,2.2
1,588,0,6,768.1521040191333,1,1,2.4
0,220,0,5,1421.8232806527972,1,1,2.2
1,114,0,2,8619.590793242713,1,3,2.4
0,149,0,1,5308.693655787315,1,3,2.2
1,442,0,5,8832.363876368985,1,1,2.4
1,259,1,6,7605.245902870938,1,1,2.3
1,121,0,4,6997.934411705145,1,1,2.4
0,201,0,2,6748.928717562531,1,3,2.2
1,246,1,5,1468.573691333882,1,1,2.3
0,594,0,2,8879.45679173974,0,2,2.2
0,454,0,4,11803.628117838272,0,3,2.2
0,256,1,1,8319.534508562523,1,1,2.3
0,200,0,2,9891.449108011237,1,2,2.2
0,538,0,5,1062.0256854099166,1,2,2.2
0,375,0,5,6938.845628815159,1,1,2.2
1,69,1,6,964.9906882807909,1,3,2.3
1,14,0,6,1976.5648031027144,1,2,2.1
0,258,0,5,2726.5914230877197,0,3,2.2
0,428,1,3,2816.1871461602095,1,2,2.3
0,390,0,3,11549.024286979422,1,1,2.2
1,472,0,4,6698.119686722098,1,2,2.4
1,203,0,6,3846.451635688588,1,3,2.4
0,496,0,4,11001.225507158191,1,1,2.2
1,239,0,5,9382.518170551002,1,3,2.4
0,391,1,5,146.3062849383315,1,1,2.3
1,102,0,2,10138.33728716941,1,2,2.4
1,211,0,3,6734.894837441916,1,2,2.4
1,105,0,4,2845.0683310928316,1,3,2.4
1,300,0,4,4617.914411130628,1,3,2.4
1,524,0,4,7931.096480733359,1,1,2.4
1,92,0,5,3721.236183404187,1,3,2.4
1,246,0,1,9576.672317316215,1,2,2.4
1,34,0,4,4060.698112086045,1,2,2.1
1,414,0,1,2816.1288044953126,1,2,2.4
0,63,0,1,165.75824875456448,1,3,2.2
0,373,0,2,7080.8090407486825,0,3,2.2
1,81,0,6,2373.649350958679,1,1,2.4
0,72,0,4,9816.798480948179,1,2,2.2
1,409,0,5,10454.074883727711,1,1,2.4
1,237,0,4,1978.3399327411782,1,2,2.4
1,36,0,5,1833.531163410613,1,2,2.1
1,233,0,5,9936.91083017244,1,2,2.4
1,436,0,5,4170.570412566729,1,3,2.4
1,559,0,1,1736.2357485551456,1,2,2.4
1,596,0,2,467.5239945515619,1,2,2.4
1,144,1,2,9536.126341701074,1,3,2.3
0,424,0,5,9227.664951992856,1,2,2.2
1,153,0,5,5183.993223567287,1,1,2.4
1,13,0,2,3080.3301981066115,1,1,2.1
0,330,0,5,9196.092198103586,0,3,2.2
1,180,0,3,3925.73605935064,1,2,2.4
0,325,1,4,3347.2761978475346,1,1,2.3
1,370,0,5,7822.581723445179,1,1,2.4
0,372,1,2,2242.25619374524,1,1,2.3
1,531,1,2,10112.08715500559,1,3,2.3
0,444,0,6,3586.387751767563,1,2,2.2
1,533,0,4,6788.838822729704,1,1,2.4
1,137,0,6,1762.213431496561,1,1,2.4
1,365,0,1,10058.493467208866,1,2,2.4
0,132,1,5,7958.923292112278,1,2,2.3
1,405,0,5,10055.29293530518,1,1,2.4
1,565,0,6,11024.850627874617,1,2,2.4
1,215,1,1,212.92658567456655,1,3,2.3
1,119,1,5,11493.698172957425,1,3,2.3
0,335,0,6,8011.90094467451,1,3,2.2
1,596,0,6,5357.037505034093,1,1,2.4
1,541,0,1,3874.3264329205836,1,1,2.4
1,335,0,3,4407.8145810003225,1,3,2.4
0,213,0,4,9053.991722382181,1,2,2.2
0,180,0,4,9221.61102555893,0,3,2.2
0,52,0,4,6635.0588918744415,1,3,2.2
1,86,0,4,7840.215343471405,1,3,2.4
0,51,0,6,6302.396006901955,0,2,2.2
1,378,0,1,11725.528534714853,1,3,2.4
1,385,1,5,11958.95959265334,1,2,2.3
0,572,0,6,8802.04193684078,1,1,2.2
0,575,0,6,7556.028398360683,1,3,2.2
1,357,0,5,1489.345712958957,1,3,2.4
0,63,0,1,6095.883269118724,0,2,2.2
1,423,0,5,1425.9968318226536,1,1,2.4
1,516,0,6,7796.38995225376,1,2,2.4
1,528,0,2,2411.788686064005,1,2,2.4
1,505,0,6,10424.623079151725,1,1,2.4
1,197,0,1,7458.624350246262,1,2,2.4
1,80,0,1,1228.201051391141,1,1,2.4
1,292,0,1,4785.935874703736,1,1,2.4
1,196,0,5,1013.3540917767409,1,2,2.4
0,551,1,3,9507.34651855836,1,2,2.3
1,262,1,2,11853.606992235302,1,2,2.3
1,53,1,6,5660.748050880323,1,2,2.3
0,551,0,1,1832.2328699798622,1,2,2.2
1,255,1,5,3400.0002929893794,1,2,2.3
1,496,0,6,1568.800070610349,1,3,2.4
0,431,0,1,10032.70173689674,0,3,2.2
0,205,0,5,863.9028454460944,0,3,2.2
0,512,0,3,11497.453026117344,1,3,2.2
0,438,0,5,7272.093870591514,1,3,2.2
1,132,0,3,8920.40778113464,1,1,2.4
1,405,0,5,11431.362906659891,1,3,2.4
1,184,0,5,358.42224471502175,1,3,2.4
1,505,0,6,11519.50269383796,1,1,2.4
0,235,0,1,7764.587568057765,0,3,2.2
0,315,0,1,9567.988452488491,1,2,2.2
1,143,0,3,611.3272436227705,1,2,2.4
1,324,1,1,712.2198668848209,1,3,2.3
0,241,0,4,4057.690694298676,0,2,2.2
1,527,0,6,5910.381804266883,1,1,2.4
1,376,0,2,6585.800068026449,1,2,2.4
1,504,0,1,7787.1223919092745,1,3,2.4
0,547,0,6,8776.407845576523,1,1,2.2
1,85,0,4,8792.16732875555,1,1,2.4
0,262,0,5,8320.00410882495,0,3,2.2
1,352,0,6,1665.846898868614,1,3,2.4
1,245,0,6,10561.237885705556,1,1,2.4
0,73,0,3,5049.754923871085,0,3,2.2
1,234,0,3,6864.928917840116,1,2,2.4
1,444,0,2,567.6175153890277,1,3,2.4
1,254,0,5,8833.55097496839,1,1,2.4
1,110,0,4,7211.626479726345,1,1,2.4
1,306,0,1,2948.8102795822106,1,2,2.4
1,177,1,5,5686.211414469614,1,3,2.3
0,353,0,6,7722.933762861168,0,1,2.2
0,491,0,2,7542.272792618162,1,1,2.2
0,51,0,2,2215.00361765774,1,2,2.2
1,30,0,1,1024.8203610558228,1,3,2.1
0,551,0,2,3435.248621736299,1,1,2.2
0,200,0,5,9593.936575261807,1,3,2.2
1,78,0,4,9702.227948778682,1,3,2.4
0,339,0,1,10563.041207417406,0,2,2.2
1,276,0,5,344.1849069028011,1,1,2.4
0,517,0,4,6170.965756740767,1,3,2.2
0,160,0,2,9393.596410312832,1,1,2.2
1,192,1,2,11584.255180621536,1,2,2.3
0,384,0,2,1809.3635392056779,0,1,2.2
1,376,0,1,4474.274618930692,1,1,2.4
1,192,1,3,11477.687984084667,1,3,2.3
1,153,0,3,3020.0508600827407,1,3,2.4
0,16,0,2,3320.696569256533,1,2,2.1
0,135,0,1,8048.815961676943,0,3,2.2
1,293,0,6,111.41854964744562,1,3,2.4
0,575,0,6,11325.711021220366,1,2,2.2
0,200,1,6,3065.161096815078,1,2,2.3
1,292,0,6,1103.4182897329013,1,3,2.4
1,307,0,2,4851.4279645576225,1,1,2.4
1,441,0,3,8527.196420801416,1,2,2.4
1,456,0,5,4387.644942826266,1,1,2.4
1,59,0,2,614.000585283679,1,2,2.4
1,256,0,3,7574.058722016182,1,1,2.4
1,361,0,6,10942.600974096917,1,1,2.4
0,88,0,1,2100.5765864290206,0,3,2.2
0,559,1,3,3037.1760458825147,0,2,2.3
0,102,0,5,9431.513856504853,0,2,2.2
0,282,0,2,11173.347696131863,1,2,2.2
0,334,0,3,704.0558477535814,0,1,2.2
0,274,0,6,10134.358964209601,1,3,2.2
0,539,0,1,8481.474404213808,0,1,2.2
1,68,0,4,2852.26875820542,1,3,2.4
1,327,0,2,2319.0101826962436,1,1,2.4
1,122,0,5,6131.284137335068,1,3,2.4
0,508,1,2,5555.766522888002,1,2,2.3
0,479,0,4,11906.020891769063,1,3,2.2
1,530,1,4,11450.805067683124,1,3,2.3
1,420,1,1,11419.192500650319,1,1,2.3
1,92,0,1,3531.7648204110465,1,3,2.4
1,221,0,3,3995.3636062714727,1,2,2.4
0,121,0,2,3611.89110398155,0,1,2.2
0,577,0,1,892.9008692358309,1,1,2.2
1,486,1,1,11467.605887684906,1,3,2.3
0,70,0,2,6165.776456005294,1,2,2.2
1,544,0,5,3446.002333755159,1,3,2.4
0,461,0,3,8426.177611965091,0,1,2.2
1,159,0,4,7977.182281475442,1,3,2.4
1,220,0,5,2272.2400153111416,1,3,2.4
1,53,0,1,565.0463019324725,1,1,2.4
0,194,0,2,9174.014331835137,0,3,2.2
0,163,0,3,2344.592212643439,0,1,2.2
1,524,0,2,11092.672216705912,1,1,2.4
1,189,0,2,1824.6560406419856,1,2,2.4
0,135,0,1,2400.4239578882357,0,2,2.2
0,65,0,6,9896.771939965742,0,2,2.2
1,301,0,5,4148.009469972391,1,3,2.4
1,83,0,3,1090.5009066488328,1,1,2.4
1,375,0,1,2817.6083459285924,1,1,2.4
1,346,1,2,11591.696220634074,1,2,2.3
0,161,1,1,2385.723104402379,0,1,2.3
0,82,0,5,4098.940614952548,1,3,2.2
0,214,0,4,2762.393546684676,1,2,2.2
1,101,0,5,2324.526852385818,1,1,2.4
0,597,0,3,5232.647259278541,1,3,2.2
0,55,0,5,8950.65965258246,1,1,2.2
1,153,0,5,5597.237189977914,1,2,2.4
0,343,0,2,7177.385757776637,1,1,2.2
1,445,0,2,11487.761248850564,1,2,2.4
0,149,0,1,8501.982997272722,0,2,2.2
0,587,1,5,7976.562978572823,1,2,2.3
1,192,0,2,10273.835925058676,1,2,2.4
0,565,0,6,5992.183944760992,0,2,2.2
1,60,0,3,4113.052413415711,1,3,2.4
0,452,0,3,2027.7223072306847,1,1,2.2
1,102,0,2,545.8930398433811,1,1,2.4
0,481,0,6,3217.7213478459425,1,2,2.2
1,555,1,2,1261.4891175148693,1,3,2.3
1,525,0,2,4587.861987618702,1,2,2.4
0,206,1,4,9158.434096854417,1,1,2.3
0,11,0,3,1679.6254132374117,1,1,2.1
0,486,0,5,7916.7739020974395,1,1,2.2
0,315,1,4,11075.609418262686,1,1,2.3
0,255,0,6,4069.0645615304857,1,2,2.2
1,251,1,3,1070.5662104445237,1,1,2.3
1,66,0,1,5178.336428901946,1,1,2.4
1,307,0,6,9944.318738851905,1,2,2.4
1,66,1,6,4625.453610045993,1,3,2.3
1,298,0,2,1251.72464839716,1,1,2.4
1,444,0,6,7862.751675937317,1,2,2.4
1,318,1,4,11919.519097335471,1,2,2.3
0,170,0,1,3458.209342030948,1,1,2.2
1,149,0,5,1403.930272559299,1,2,2.4
0,419,0,5,3842.796757833228,0,3,2.2
1,117,0,5,10334.980470377177,1,2,2.4
1,291,0,4,1557.0781023861562,1,2,2.4
0,406,0,2,8644.851307577554,0,2,2.2
1,49,0,3,3646.5475195978793,1,1,2.1
1,20,0,5,531.9895330545012,1,1,2.1
1,246,0,5,1607.7199040170233,1,2,2.4
0,345,0,2,461.4541374511089,1,1,2.2
1,530,0,6,7632.949789511221,1,3,2.4
1,235,0,2,5883.0046440331325,1,2,2.4
1,431,0,1,2621.109678407464,1,1,2.4
0,595,1,6,3758.1700337107845,0,2,2.3
1,13,0,4,11720.58076591436,1,2,2.1
0,530,0,2,8903.387757203353,1,1,2.2
1,434,1,2,8921.320748222894,1,2,2.3
0,78,0,1,2057.839623702509,0,3,2.2
1,179,0,2,7193.805760148092,1,2,2.4
0,442,0,4,6080.415591330347,0,3,2.2
0,389,0,1,9583.765942025817,1,2,2.2
1,223,0,2,10362.36749859057,1,3,2.4
1,320,1,4,10539.105388108368,1,3,2.3
1,93,1,4,3771.0141817163826,1,1,2.3
1,46,0,6,7400.022326800845,1,2,2.1
1,477,0,5,2456.805395099559,1,1,2.4
1,516,0,5,135.34787713052827,1,2,2.4
1,462,0,2,8530.572554879067,1,3,2.4
1,87,0,5,996.5971426000312,1,1,2.4
0,583,0,5,11233.122294163733,1,3,2.2
0,455,0,1,11840.916958823438,0,3,2.2
0,80,0,5,11347.191212896594,0,2,2.2
1,495,0,4,3189.5152755575687,1,1,2.4
0,66,0,1,11985.575582997071,0,1,2.2
1,332,0,5,6149.998569589973,1,3,2.4
1,118,0,6,4051.795567136971,1,1,2.4
1,518,0,3,8172.4721039931665,1,2,2.4
1,324,0,1,337.2927865289319,1,2,2.4
1,28,0,2,3485.7588326359205,1,3,2.1
1,557,1,4,11730.605930046919,1,1,2.3
1,294,0,3,1289.8883052534838,1,1,2.4
1,219,0,3,2087.0270134006223,1,1,2.4
0,274,0,4,9538.472680678255,1,3,2.2
1,330,0,5,6078.8099424552875,1,3,2.4
1,155,0,3,8498.128005996401,1,3,2.4
1,437,0,6,7936.921729117041,1,2,2.4
1,503,1,3,11499.750531663729,1,1,2.3
1,176,0,1,10673.695671825966,1,2,2.4
1,413,0,4,9869.941382975416,1,1,2.4
1,142,0,2,3748.161111608781,1,3,2.4
1,472,0,2,9446.663281970734,1,3,2.4
0,261,0,2,815.9317968822969,1,2,2.2
1,565,0,6,10133.563720716758,1,2,2.4
1,223,0,3,918.3537715948227,1,1,2.4
1,278,0,4,1120.3139905799126,1,1,2.4
1,334,0,1,2648.5625399959695,1,3,2.4
1,525,0,3,9611.644113887307,1,1,2.4
1,319,0,4,5215.161161078873,1,1,2.4
0,150,0,1,2235.231094720725,0,1,2.2
0,598,0,4,2153.4958227415486,1,2,2.2
1,236,0,4,8737.8713978189,1,3,2.4
0,502,0,2,1918.527592656257,1,1,2.2
1,532,0,5,6853.194563725814,1,2,2.4
0,552,0,5,3757.311640749222,0,1,2.2
1,405,1,1,5488.153844468594,1,2,2.3
0,79,0,6,7559.463143809828,1,1,2.2
0,58,0,6,9690.944157302769,0,2,2.2
0,487,0,2,3218.1033424610278,1,2,2.2
1,367,1,4,6314.1454392065225,1,1,2.3
1,384,0,5,8920.470142970635,1,1,2.4
1,137,0,5,1645.7340862709555,1,1,2.4
0,574,0,2,6108.645460713002,1,1,2.2
0,188,0,6,3199.440179986495,0,3,2.2
1,420,0,6,11708.442933921997,1,3,2.4
1,347,0,3,6493.333400187914,1,3,2.4
0,495,0,3,1209.367707933219,0,1,2.2
1,267,0,6,11146.238618084924,1,2,2.4
1,511,0,6,10970.821669345465,1,3,2.4
1,227,0,5,8409.43437850551,1,3,2.4
1,270,1,3,1275.2239188222266,1,1,2.3
1,534,0,3,969.7817369458074,1,2,2.4
0,367,0,3,4255.560760244733,1,3,2.2
1,209,0,5,9132.417076547928,1,2,2.4
0,258,0,1,1141.671250546492,1,1,2.2
0,93,0,5,731.1785312456111,1,1,2.2
1,168,0,1,6519.283528833777,1,1,2.4
0,550,0,3,10068.87567520167,1,1,2.2
0,292,0,2,8130.539168960644,1,1,2.2
1,134,0,5,3901.7816524096274,1,1,2.4
0,91,0,4,8090.338694549139,1,1,2.2
1,126,1,6,2558.5206466892155,1,3,2.3
0,225,0,4,624.54367341308,1,3,2.2
0,493,0,3,7768.83832162532,0,3,2.2
0,124,0,5,4895.386532148501,1,2,2.2
0,187,0,3,5520.768944082519,0,1,2.2
0,185,0,1,7383.514093358485,0,2,2.2
0,342,0,3,3679.633802389938,0,1,2.2
0,586,1,3,1607.3291764094138,1,1,2.3
1,77,0,5,2020.9616208901361,1,1,2.4
1,30,0,4,7563.371479966916,1,3,2.1
1,345,0,3,9997.0729483378,1,2,2.4
1,185,0,3,8243.538403719132,1,2,2.4
0,523,1,3,10292.308428338494,1,1,2.3
1,398,0,2,5418.830836131965,1,3,2.4
1,371,0,1,5715.211356088898,1,2,2.4
1,471,0,6,8646.688459119103,1,1,2.4
0,91,0,1,9884.89271464087,0,2,2.2
0,71,0,6,252.10795906320752,1,3,2.2
1,322,0,4,4993.787081324864,1,1,2.4
0,529,0,4,7580.592264400145,1,1,2.2
0,588,1,4,9391.661418606875,0,1,2.3
1,71,0,4,5023.123309553585,1,1,2.4
0,320,1,2,887.320913868214,0,3,2.3
0,361,0,6,5823.459014507718,0,2,2.2
0,392,0,5,6025.405291056815,0,2,2.2
1,524,0,6,10314.241574430494,1,2,2.4
0,493,0,2,5037.726154515656,0,2,2.2
0,500,0,4,7482.670441621795,1,3,2.2
0,497,0,5,4153.364585416142,0,3,2.2
1,35,0,3,6240.283419456811,1,2,2.1
0,178,1,5,8800.019515431057,0,3,2.3
1,81,0,4,878.2278878076232,1,1,2.4
1,278,1,3,5404.621573032764,1,3,2.3
0,153,0,1,5788.19300737956,1,2,2.2
1,567,0,2,8638.456228374913,1,3,2.4
0,455,0,6,9989.109344095821,1,2,2.2
1,287,0,2,11162.730349185324,1,1,2.4
1,260,1,4,4905.670160017025,1,1,2.3
0,43,1,3,1056.3454835663251,1,2,2.3
1,412,1,1,2138.680605206223,1,1,2.3
0,461,0,3,108.17747148326356,1,1,2.2
1,182,0,3,6423.034931381952,1,3,2.4
0,38,0,6,546.6401868534898,0,1,2.1
1,201,0,3,4095.1572091344005,1,3,2.4
0,241,1,3,7818.853019859603,1,1,2.3
1,402,0,5,9740.675552437697,1,1,2.4
0,207,0,4,5832.333311542896,1,3,2.2
0,85,0,2,2450.890509241993,1,2,2.2
1,276,0,3,1841.4155763033189,1,3,2.4
0,183,1,4,6460.821174702254,1,1,2.3
1,548,0,5,9880.756748341106,1,1,2.4
0,29,0,6,8024.615603528935,0,1,2.1
0,332,0,3,10326.29153449174,0,1,2.2
1,341,0,2,7540.653207760053,1,1,2.4
1,477,0,6,10404.090205826047,1,2,2.4
0,341,0,2,10281.03578283619,0,2,2.2
1,181,1,2,240.24719379044333,1,2,2.3
0,536,0,5,2866.406288181825,1,2,2.2
1,525,0,4,3505.1837851041937,1,3,2.4
1,550,0,6,6996.786185714387,1,1,2.4
0,288,0,1,4336.78788357588,1,2,2.2
0,475,0,6,712.4242178477442,1,1,2.2
1,540,0,3,7274.660617585993,1,2,2.4
1,211,0,3,3695.9412574933426,1,2,2.4
1,16,0,2,3519.8245301318375,1,2,2.1
1,30,0,4,3373.440402267951,1,1,2.1
1,75,1,5,302.7403890255246,1,3,2.3
1,576,0,6,11009.067514664268,1,3,2.4
1,515,0,6,9859.984602675353,1,3,2.4
1,282,0,4,1029.1643465058462,1,1,2.4
0,34,0,4,6560.654874297509,0,2,2.1
1,329,1,6,8081.111056807738,1,3,2.3
1,244,0,1,9451.340026065813,1,2,2.4
1,536,0,5,2448.518472819817,1,1,2.4
1,139,0,4,4955.459628683683,1,2,2.4
1,513,0,5,1460.1720181015296,1,2,2.4
1,127,0,1,11356.933383195572,1,3,2.4
0,87,0,3,438.02572171639196,1,3,2.2
0,158,0,4,239.4295146709218,1,1,2.2
1,530,0,3,718.3198840322967,1,2,2.4
1,252,0,1,10045.454861644674,1,2,2.4
0,76,0,4,2412.399122218126,0,3,2.2
1,231,0,4,2930.718932988003,1,2,2.4
1,292,1,5,1256.2524253989664,1,2,2.3
0,223,0,1,11051.506233693772,0,3,2.2
1,479,0,4,11376.885978681246,1,3,2.4
1,289,0,6,1523.6559683497424,1,3,2.4
0,314,0,2,1859.3548050362162,1,3,2.2
1,199,0,6,2158.4552571206864,1,2,2.4
0,373,0,6,10940.534703786085,1,3,2.2
1,249,0,3,4718.787768356338,1,3,2.4
0,299,0,2,6028.471698204246,1,1,2.2
1,599,1,3,10707.883903600497,1,3,2.3
1,83,0,3,494.79936960348346,1,1,2.4
0,403,0,6,1921.5231379671661,1,3,2.2
0,230,0,2,11144.051996170463,0,1,2.2
0,192,0,6,4406.56880886238,1,3,2.2
0,489,0,3,4638.166756404655,1,1,2.2
1,578,1,1,1756.288358181222,1,3,2.3
0,319,0,1,3560.843924319214,1,2,2.2
0,287,0,3,7592.6975328178505,0,2,2.2
1,555,0,4,10190.848295190419,1,1,2.4
1,383,0,1,4139.127548815956,1,1,2.4
0,206,1,3,6138.631035029212,1,1,2.3
1,531,0,1,4933.959769137661,1,2,2.4
1,226,0,6,3243.741287507388,1,1,2.4
1,369,0,6,5555.510447611892,1,2,2.4
0,189,0,3,9678.878823605308,1,3,2.2
1,449,0,5,11992.068545802877,1,3,2.4
1,583,0,1,5525.547422763981,1,1,2.4
1,354,0,1,6522.083227441919,1,3,2.4
1,232,0,1,9970.924467931856,1,1,2.4
1,279,0,5,8631.315768574468,1,1,2.4
0,372,1,5,6384.125453587951,0,3,2.3
0,489,0,5,3229.990076223125,1,2,2.2
1,61,0,6,1729.0622721476896,1,2,2.4
1,145,0,2,5312.471965151268,1,3,2.4
0,29,0,3,6296.377976107832,0,2,2.1
1,453,0,1,1551.1065772170193,1,3,2.4
1,112,0,6,11861.028272322774,1,3,2.4
1,239,0,1,1924.9863585461353,1,2,2.4
1,95,0,2,10585.542422646156,1,1,2.4
0,142,0,2,1557.3450132930172,1,2,2.2
0,343,0,2,11993.641335720833,1,1,2.2
1,43,1,2,5192.6009255844165,1,2,2.3
1,127,0,3,2803.2211045990443,1,2,2.4
0,167,0,2,5866.675027810171,1,1,2.2
1,237,0,2,5416.546542479556,1,2,2.4
0,299,0,1,1448.9197351332587,1,1,2.2
0,190,0,3,11646.740659164963,0,2,2.2
1,304,0,1,7265.32344956911,1,2,2.4
0,58,0,5,10701.201530497145,1,3,2.2
1,103,0,2,10101.232341819497,1,1,2.4
1,229,0,3,8213.947980715826,1,3,2.4
1,405,1,3,6126.324471930911,1,2,2.3
0,368,0,3,8859.769721677092,1,1,2.2
0,414,1,3,1006.2183236042681,0,1,2.3
0,582,0,1,3041.786818371723,1,1,2.2
1,333,0,1,6729.491221231005,1,1,2.4
1,162,0,1,6058.262130067833,1,2,2.4
0,490,0,5,7048.569308374151,0,2,2.2
1,448,1,4,11464.343167713683,1,1,2.3
0,162,0,6,1900.3546660370866,0,1,2.2
0,477,0,4,7660.016498198016,1,2,2.2
0,422,0,3,10586.422187181088,1,3,2.2
0,567,0,5,637.3232646248656,0,3,2.2
1,161,0,3,10260.07418424188,1,2,2.4
1,21,0,5,10827.81938239922,1,1,2.1
0,457,0,1,5722.9174691821445,0,2,2.2
0,564,0,3,9180.942259617608,0,2,2.2
0,31,0,1,4486.687500039456,1,3,2.1
1,262,0,3,6512.8834144598995,1,2,2.4
1,277,0,3,9822.571745543562,1,3,2.4
0,434,0,1,10887.055599211038,1,1,2.2
1,239,0,3,5960.434780526917,1,3,2.4
1,147,0,1,10314.81753811053,1,3,2.4
1,381,0,2,2910.4695442874536,1,2,2.4
1,142,0,2,4340.059178547202,1,3,2.4
1,582,0,4,4017.408390306266,1,2,2.4
1,295,0,6,10486.064935429853,1,3,2.4
1,217,0,6,6685.785112671767,1,2,2.4
0,596,0,3,6228.225084356019,1,2,2.2
1,396,1,3,9646.294071171287,1,3,2.3
1,425,0,1,4298.581075966491,1,2,2.4
1,385,0,4,2765.1317500924533,1,2,2.4
1,594,0,3,7954.521153617639,1,1,2.4
1,159,0,2,10291.496888550406,1,1,2.4
1,248,0,5,7116.048729632774,1,3,2.4
1,174,1,2,9449.672476436503,1,1,2.3
1,248,0,2,181.60963211050915,1,2,2.4
1,46,0,1,2175.663555754512,1,1,2.1
1,185,0,3,9490.195275200434,1,3,2.4
0,403,0,5,5234.962179401479,1,3,2.2
1,515,0,1,7068.806105354184,1,3,2.4
0,171,0,4,805.0999373304686,1,2,2.2
1,178,0,2,11702.291678006792,1,1,2.4
0,557,1,4,9689.895964424775,0,3,2.3
1,110,0,2,7078.3172954186975,1,3,2.4
1,286,0,4,3329.220065954483,1,2,2.4
0,389,0,1,6629.016342408946,1,2,2.2
1,522,0,1,3093.2071528677393,1,3,2.4
1,378,1,6,1370.990837387537,1,2,2.3
1,504,0,5,6799.855168773248,1,2,2.4
0,488,1,4,9700.058252006018,1,1,2.3
1,274,0,4,6267.86733298706,1,3,2.4
0,139,1,2,1536.9887849637246,1,2,2.3
1,529,0,5,1920.5241003181077,1,3,2.4
1,308,0,5,7116.652863435853,1,2,2.4
1,124,0,4,6114.733678908511,1,2,2.4
1,368,0,5,7249.17126284424,1,2,2.4
1,423,0,3,7624.979068897681,1,2,2.4
1,168,1,1,2447.553477251553,1,3,2.3
1,153,0,5,6061.717573245728,1,1,2.4
0,491,0,1,5765.489826756964,0,2,2.2
0,430,0,1,947.7187763463852,1,2,2.2
0,279,0,5,10111.703160295805,1,3,2.2
1,294,0,6,5926.268419076924,1,2,2.4
1,195,0,6,5804.990225621384,1,1,2.4
1,232,0,4,675.5487822541915,1,1,2.4
1,508,0,6,5022.0445113837995,1,1,2.4
1,300,0,6,2114.4499534589936,1,3,2.4
1,56,0,3,2562.800325927243,1,3,2.4
1,525,0,5,8677.698606072156,1,2,2.4
1,560,0,3,688.831615627577,1,1,2.4
1,587,0,6,3702.4995371923924,1,1,2.4
0,377,1,1,9171.374198367515,0,1,2.3
0,233,0,4,134.80356331390175,1,2,2.2
1,186,0,3,6131.85428306097,1,2,2.4
1,536,0,4,1561.2477325726752,1,2,2.4
0,472,0,4,953.7828478228661,1,2,2.2
1,596,0,6,9943.703206816484,1,2,2.4
1,75,0,1,11221.123383303424,1,2,2.4
1,64,1,6,421.26415642125295,1,1,2.3
1,111,0,4,6977.858523530275,1,1,2.4
1,58,0,1,513.6534840102051,1,3,2.4
1,592,0,5,4185.9965769646715,1,3,2.4
1,167,0,3,235.20398982297417,1,1,2.4
1,32,0,5,485.2840474555558,1,1,2.1
1,61,0,4,9810.680766413452,1,3,2.4
0,309,0,1,84.79502811377546,0,1,2.2
1,374,0,4,11007.685301574738,1,2,2.4
1,584,0,4,7110.249705001317,1,3,2.4
0,315,0,1,8274.216086922443,1,2,2.2
1,398,0,3,5831.372914164416,1,2,2.4
1,298,0,6,10800.369247999166,1,2,2.4
1,181,0,5,1615.6246928730639,1,3,2.4
1,427,0,2,2235.9289652469124,1,1,2.4
1,456,0,5,2232.3703065245586,1,3,2.4
0,355,0,4,5221.566626412914,1,3,2.2
1,196,0,2,1075.2417045488994,1,1,2.4
0,586,1,4,3749.7289037717255,0,1,2.3
1,591,1,5,11978.896608653207,1,3,2.3
0,344,1,2,7986.003020217297,1,1,2.3
1,76,0,5,6229.559273740188,1,3,2.4
1,390,0,5,1513.652931361052,1,2,2.4
0,227,0,6,3373.816503364484,0,3,2.2
0,593,0,6,8875.541521737096,1,1,2.2
0,278,0,3,1634.2602259395642,1,2,2.2
0,105,0,5,971.875270328429,0,3,2.2
1,127,0,6,6126.902809694191,1,2,2.4
1,594,0,2,887.712689195932,1,2,2.4
0,82,0,5,10323.98627793655,1,2,2.2
1,308,0,3,9702.484553748538,1,2,2.4
1,165,0,2,2565.8154368653254,1,2,2.4
1,53,1,3,9266.136542720324,1,2,2.3
1,120,0,1,6048.130190331285,1,2,2.4
0,155,0,5,9726.756326572284,1,1,2.2
1,529,0,3,4459.761902313514,1,2,2.4
0,343,0,3,2243.7765468939947,0,3,2.2
0,481,0,5,6133.904952990888,0,3,2.2
0,253,1,1,11682.061782660718,1,1,2.3
0,230,0,4,6855.244350222978,0,3,2.2
1,133,0,3,4095.720627872763,1,1,2.4
0,451,0,2,9842.162851360863,1,3,2.2
0,174,1,3,5787.288544029821,1,1,2.3
0,315,0,3,3881.9199191003654,1,3,2.2
0,150,0,3,2325.4412774976768,1,1,2.2
1,440,0,2,11568.796344274602,1,2,2.4
1,569,1,1,3652.401427607482,1,1,2.3
0,47,1,5,1728.963167056432,1,3,2.3
0,442,0,1,11383.68060872084,1,1,2.2
0,458,0,2,11740.272289177215,0,3,2.2
1,154,0,4,4513.806540955831,1,1,2.4
1,443,0,1,5786.22119264322,1,1,2.4
1,179,0,3,4382.869390506391,1,2,2.4
0,89,0,1,3882.760453518843,1,1,2.2
0,582,0,3,2365.7801037790905,0,2,2.2
1,424,0,1,2301.2008615517325,1,3,2.4
1,350,0,4,3258.57591056007,1,3,2.4
0,121,0,6,8341.666940824314,1,1,2.2
1,495,0,3,9339.12354328221,1,3,2.4
1,556,0,5,2062.8645860263873,1,3,2.4
0,384,0,4,5473.466437492593,1,1,2.2
1,175,0,1,6970.601158218837,1,1,2.4
1,373,0,6,7269.878561162472,1,1,2.4
1,284,0,3,5200.247601024738,1,2,2.4
0,187,0,1,10743.686948430961,0,2,2.2
1,135,0,6,3374.6953854724247,1,3,2.4
0,132,1,3,3036.3255735608336,0,3,2.3
1,244,0,4,5973.504704233131,1,3,2.4
1,99,0,5,3087.059997527382,1,1,2.4
1,347,0,3,2222.6111647200496,1,2,2.4
0,77,0,5,1824.3740369131485,1,3,2.2
1,595,0,2,2632.7056802677084,1,1,2.4
1,522,0,5,10336.689809106512,1,1,2.4
1,250,1,3,11469.891567594888,1,3,2.3
0,461,0,3,2381.55039928931,1,2,2.2
1,550,0,4,11805.595655264222,1,1,2.4
1,343,0,3,4451.130838485729,1,1,2.4
1,405,0,6,8393.177635543116,1,1,2.4
0,89,1,6,8401.062361830092,1,2,2.3
1,396,1,4,1702.0345093269823,1,3,2.3
1,257,0,3,10610.95608472348,1,3,2.4
1,295,0,5,917.2688366342938,1,1,2.4
0,465,0,4,10003.078458902392,0,1,2.2
0,48,0,2,6759.661427653288,0,1,2.1
1,71,0,2,2908.572502008914,1,2,2.4
0,124,0,2,6746.166658486365,1,2,2.2
0,490,0,1,7703.775353049436,0,3,2.2
1,212,0,5,9479.035220214464,1,2,2.4
0,482,0,3,7111.4473092853605,1,2,2.2
0,98,0,6,7264.744248330915,0,2,2.2
1,273,0,5,5422.706926792461,1,1,2.4
1,481,1,5,1404.9757918532418,1,1,2.3
1,20,0,1,9856.66664623602,1,2,2.1
1,193,1,2,3611.570018528689,1,2,2.3
1,68,0,3,4762.376698890438,1,1,2.4
0,282,0,5,5038.506992562727,1,3,2.2
0,527,0,5,8712.707322162052,1,2,2.2
0,454,0,2,11969.204121689972,0,3,2.2
1,104,0,2,10095.560105588547,1,3,2.4
1,504,0,6,3792.5255059084398,1,3,2.4
0,550,0,1,11119.045544088467,1,1,2.2
0,277,0,3,4200.0876105244615,1,1,2.2
1,38,0,4,539.3708091862833,1,2,2.1
0,32,0,2,7498.607483420737,0,2,2.1
0,562,0,5,2018.377075968622,1,3,2.2
1,210,0,2,1812.0634607308457,1,2,2.4
0,474,0,5,8049.155812854937,1,3,2.2
0,78,0,1,8071.097598338496,0,1,2.2
0,216,0,5,3901.011706142842,1,2,2.2
1,424,0,5,929.0820828783995,1,3,2.4
0,464,0,3,1169.20655865932,1,3,2.2
1,458,0,4,10579.206522860963,1,3,2.4
0,152,1,3,5002.436258981087,1,1,2.3
1,526,0,3,6746.767498148316,1,3,2.4
1,575,0,3,239.44986721412542,1,1,2.4
1,512,0,6,7003.289934731259,1,3,2.4
0,79,0,5,7695.3136587665485,0,3,2.2
1,459,1,3,8505.048481058053,1,3,2.3
1,95,1,1,9731.174084408261,1,3,2.3
0,580,0,6,1992.061954847528,1,2,2.2
0,443,0,1,604.882183019607,0,2,2.2
0,597,0,1,10677.359181143418,1,2,2.2
0,354,0,6,6735.729350503338,0,1,2.2
1,538,0,6,4567.398145741104,1,1,2.4
0,447,0,1,3617.6477154868594,1,3,2.2
1,110,0,3,5276.303490569508,1,2,2.4
1,237,0,4,3477.4481791240228,1,3,2.4
1,311,0,5,8162.865064650979,1,3,2.4
1,269,0,3,8739.217802739035,1,3,2.4
1,448,0,6,3268.8484229292762,1,3,2.4
1,184,1,5,11889.015075546105,1,2,2.3
1,386,0,3,1285.569492728996,1,1,2.4
1,68,0,1,7856.810013771283,1,3,2.4
0,592,0,5,10264.150392174146,1,3,2.2
1,34,0,4,4990.915912186413,1,2,2.1
0,95,0,1,5679.450567332908,1,3,2.2
1,564,0,5,7393.76516774472,1,3,2.4
0,400,0,1,3673.4735832871647,1,3,2.2
0,244,1,2,4955.7472729995625,0,1,2.3
0,390,0,1,3830.6861182828106,1,2,2.2
1,466,1,3,9002.435986959554,1,3,2.3
0,230,0,4,2730.067347990768,0,2,2.2
1,483,0,4,6792.127761995007,1,1,2.4
0,155,0,6,1848.4212019673973,1,3,2.2
1,511,0,5,11793.026582233088,1,3,2.4
1,316,0,5,5769.806203078772,1,1,2.4
0,512,0,3,8046.744643779759,1,3,2.2
1,570,0,5,5388.899521895613,1,1,2.4
1,490,0,6,1001.0783610959073,1,3,2.4
1,490,1,4,9242.544182936961,1,1,2.3
0,448,1,5,7043.867462342666,0,3,2.3
0,114,0,1,4607.835278342325,0,2,2.2
0,320,0,2,11405.02391009189,0,3,2.2
0,264,0,4,11996.908203484207,0,2,2.2
0,545,1,4,10779.882352052313,0,3,2.3
1,302,0,3,3147.6232385752382,1,3,2.4
0,390,0,1,9101.75515614108,1,3,2.2
0,230,0,3,2675.6868638192427,1,2,2.2
1,70,0,5,1686.9375565988576,1,2,2.4
1,523,0,2,3314.257463420844,1,3,2.4
1,221,0,2,8263.031902736877,1,1,2.4
0,288,0,4,3125.517227899527,1,3,2.2
1,250,0,3,6289.411596514514,1,3,2.4
1,552,0,4,10734.391862631253,1,2,2.4
1,38,0,3,4902.681484089263,1,1,2.1
1,80,0,4,7724.405162182234,1,2,2.4
0,542,1,2,3265.1741334688472,1,3,2.3
0,458,0,2,10659.919229339856,0,1,2.2
1,44,0,4,1706.8977229039795,1,1,2.1
1,328,0,1,4332.432301111051,1,1,2.4
1,333,0,6,4790.894825597211,1,1,2.4
0,587,0,1,9852.30847423542,0,3,2.2
1,587,0,1,3037.009825811972,1,2,2.4
0,51,0,3,1745.0405515229731,0,1,2.2
0,106,0,6,671.9477731357708,1,2,2.2
1,230,0,3,3876.2253218784613,1,3,2.4
1,341,0,3,9623.999464379132,1,3,2.4
0,237,0,5,8233.039241436421,0,2,2.2
0,287,0,2,8786.680646892568,0,2,2.2
1,416,0,3,11820.156280521647,1,1,2.4
1,70,1,2,9351.54425931862,1,2,2.3
0,189,0,5,3761.3953358319086,1,1,2.2
1,217,1,2,4863.174805462581,1,2,2.3
1,387,1,3,11056.780361279998,1,3,2.3
1,141,1,3,2215.9405538410456,1,2,2.3
0,180,0,3,11555.27845536975,0,3,2.2
0,184,1,6,674.6105773610786,1,3,2.3
0,589,0,2,5862.379955662281,0,1,2.2
1,572,1,1,10426.149367027869,1,1,2.3
1,403,0,1,6306.322046592126,1,1,2.4
0,19,1,6,4770.133733060938,0,2,2.3
1,425,0,3,8218.929481401334,1,3,2.4
1,174,0,5,9263.908524426015,1,1,2.4
1,275,0,5,10782.5798248189,1,1,2.4
1,387,0,5,8814.152099552124,1,2,2.4
0,374,0,1,2060.7123098391494,1,3,2.2
1,189,0,5,6344.773487921972,1,1,2.4
0,318,0,5,1265.966615587138,0,3,2.2
0,193,1,5,5466.477116411591,1,3,2.3
1,456,0,4,9645.922063985066,1,2,2.4
1,429,0,2,1285.3671860634206,1,1,2.4
0,529,0,6,2242.321722868437,1,3,2.2
0,176,0,5,7357.363489994429,1,2,2.2
0,38,0,1,7808.283915514514,0,3,2.1
1,362,0,1,350.41972278795447,1,3,2.4
1,508,0,4,10844.448472295675,1,2,2.4
1,467,0,4,897.448487690906,1,1,2.4
1,575,1,1,292.34976299024083,1,2,2.3
1,14,1,4,9182.85530458849,1,3,2.3
1,352,0,2,7697.478802119116,1,2,2.4
0,261,0,1,8973.58252818801,1,3,2.2
1,530,0,6,2570.5816664728177,1,1,2.4
1,49,0,6,2166.601418348913,1,1,2.1
0,179,0,4,11294.541164721386,1,2,2.2
0,473,0,5,10563.734706850239,0,2,2.2
1,427,0,6,11549.520648932606,1,1,2.4
1,137,0,3,10711.227356596033,1,1,2.4
1,143,0,4,9175.145231389195,1,2,2.4
0,407,0,3,1918.160688794421,1,2,2.2
0,108,0,2,2090.5853872321086,0,3,2.2
1,539,0,3,846.8534893381437,1,1,2.4
1,201,0,4,1127.8386173929202,1,3,2.4
0,380,0,3,6953.05416879998,0,1,2.2
0,446,0,5,10163.133671013198,0,1,2.2
1,558,0,4,4590.521429504043,1,1,2.4
1,556,0,4,11465.151081033757,1,3,2.4
0,217,0,5,5704.413186989929,1,2,2.2
1,60,0,5,3738.1601498612104,1,1,2.4
1,17,0,4,2998.6316769752016,1,3,2.1
1,216,0,5,683.8982803044888,1,1,2.4
1,151,0,6,2941.429596310227,1,2,2.4
0,392,0,5,11342.568187392324,0,1,2.2
1,17,0,5,10822.755920653952,1,1,2.1
1,254,0,3,7355.71630652567,1,3,2.4
1,309,0,4,676.2479532113258,1,3,2.4
0,287,0,5,1909.99351350101,0,1,2.2
1,33,0,5,475.2066422318785,1,1,2.1
1,498,0,4,1082.7743577444871,1,1,2.4
1,486,0,1,11737.021413671904,1,1,2.4
1,268,0,6,11127.512274072655,1,2,2.4
1,382,0,5,11079.014433302249,1,3,2.4
0,48,0,5,11473.229659546429,1,3,2.1
0,583,0,5,5145.552375079075,1,1,2.2
1,158,0,5,4710.69192593335,1,3,2.4
0,563,0,5,3460.068562674363,1,2,2.2
0,495,0,3,7158.2509309556735,0,3,2.2
1,230,1,5,1137.8839635980287,1,2,2.3
1,23,0,2,7144.784106269643,1,3,2.1
1,318,0,1,7890.945797576935,1,3,2.4
1,269,0,3,2464.893821844688,1,1,2.4
1,264,0,3,11991.829404867067,1,2,2.4
0,462,0,4,3276.1849604227714,1,1,2.2
1,72,1,2,9165.448681865875,1,1,2.3
1,421,1,4,7236.574482482342,1,1,2.3
0,340,0,1,4433.3303274230675,1,3,2.2
1,337,0,6,8265.204408394251,1,1,2.4
1,56,0,5,11918.306680255067,1,2,2.4
0,593,0,2,1217.601940871764,0,1,2.2
1,229,0,3,7655.323487846546,1,2,2.4
0,240,0,6,8106.924607746393,0,1,2.2
1,137,0,2,6083.25404038892,1,3,2.4
0,289,0,5,6582.1764690217915,1,1,2.2
1,10,0,4,7831.5646808862375,1,3,2.1
0,87,1,1,5414.4950849838415,1,3,2.3
1,118,0,3,4974.518635108843,1,3,2.4
0,273,0,3,8499.022473408468,0,3,2.2
1,549,0,4,6573.53558323835,1,3,2.4
1,552,1,4,1823.4002730102736,1,3,2.3
1,278,0,3,10586.010397928125,1,1,2.4
1,269,0,5,7294.116930643467,1,1,2.4
1,362,0,3,3553.2135099269562,1,2,2.4
0,464,0,4,5017.36757719628,1,1,2.2
0,490,0,5,10876.385278935662,1,2,2.2
1,373,0,2,10003.533198295332,1,3,2.4
0,53,0,5,10812.959705098108,1,1,2.2
0,295,0,4,7499.515124973218,1,2,2.2
1,209,0,4,4661.020389691504,1,3,2.4
1,52,1,5,3486.2638042300523,1,3,2.3
1,582,0,1,1837.1143567554873,1,3,2.4
1,523,0,6,9338.682131276928,1,3,2.4
1,429,0,1,5040.786120130998,1,3,2.4
1,167,0,1,3024.701403189395,1,3,2.4
0,598,0,1,2083.324061676977,0,3,2.2
1,512,0,2,1377.2064742157736,1,2,2.4
0,456,1,4,3868.2813490993362,0,1,2.3
0,428,0,3,8034.758910396967,1,1,2.2
1,29,0,2,6028.987185328468,1,2,2.1
1,241,0,2,6648.321882303599,1,2,2.4
1,43,1,5,7283.856353933554,1,3,2.3
0,181,0,4,1083.0267504221124,1,3,2.2
0,432,1,6,3652.7865634845953,1,3,2.3
0,212,0,5,4727.87853599393,0,3,2.2
1,327,0,5,550.4707063733674,1,3,2.4
1,254,1,4,3622.4253505533748,1,2,2.3
1,411,0,2,7903.512056598744,1,1,2.4
0,46,0,5,396.5110948145787,1,2,2.1
1,540,0,6,7483.2522770615105,1,3,2.4
1,55,0,6,8697.13278120752,1,1,2.4
1,37,0,2,11009.327136802942,1,1,2.1
1,398,0,2,1394.4243921951934,1,3,2.4
0,343,0,2,11263.421123537408,1,3,2.2
0,385,0,4,5174.626232803818,0,2,2.2
0,240,0,1,669.990827248207,1,1,2.2
0,443,0,3,10468.80163791879,1,1,2.2
1,267,0,6,9669.927817410939,1,2,2.4
1,250,0,4,6348.497715235827,1,3,2.4
0,281,0,3,7152.26422042282,1,2,2.2
0,500,0,4,8738.898166249157,0,2,2.2
0,189,1,5,8254.708700267474,0,3,2.3
0,492,0,5,10374.03289914646,1,3,2.2
0,93,0,6,9897.929161288272,0,3,2.2
0,589,1,6,10225.239169302227,1,3,2.3
0,210,0,5,6703.905110531845,1,1,2.2
1,159,1,1,8157.110057978862,1,3,2.3
1,298,0,4,7762.514158034196,1,1,2.4
0,182,0,1,9295.086370911242,1,3,2.2
1,444,0,2,6175.362390823281,1,3,2.4
1,585,0,4,3587.982844965418,1,1,2.4
1,177,1,2,615.5281351302351,1,2,2.3
1,130,0,6,4119.882452182368,1,1,2.4
1,324,1,1,3475.5939463799245,1,2,2.3
1,394,0,3,9257.253364772407,1,2,2.4
0,492,0,3,9547.833170108279,0,3,2.2
1,205,0,6,11964.036508609985,1,1,2.4
1,35,0,3,10007.627945093654,1,2,2.1
0,90,0,4,2580.0155026204898,0,1,2.2
0,181,0,6,4796.868978316479,1,2,2.2
1,575,0,1,4325.529863809106,1,2,2.4
0,62,0,4,8857.105925137917,0,2,2.2
1,456,0,3,6198.596892157773,1,3,2.4
1,299,0,1,2493.8268473789103,1,3,2.4
0,379,0,2,8816.780859990964,1,2,2.2
0,542,0,4,898.7435834094532,1,3,2.2
1,66,1,6,4569.446376862217,1,2,2.3
0,176,0,6,4243.51903483987,1,1,2.2
0,256,0,4,6503.348847515218,1,1,2.2
0,309,0,4,3044.4498403006037,0,2,2.2
0,169,0,5,8644.177387421156,1,2,2.2
0,26,0,4,6273.746254421782,0,2,2.1
0,163,0,5,4350.597043166929,1,2,2.2
1,379,0,6,4962.013962994894,1,3,2.4
1,134,0,1,2264.980009876102,1,2,2.4
1,77,0,3,7890.528248214097,1,3,2.4
0,133,0,1,1343.3084288483058,1,2,2.2
1,102,0,3,2107.7214957377637,1,1,2.4
1,33,1,3,7480.803546855469,1,3,2.3
1,316,0,5,118.95940245096752,1,1,2.4
1,127,0,2,5540.825447549476,1,3,2.4
1,98,0,4,236.9373789238379,1,2,2.4
0,143,1,4,6476.381270743939,0,2,2.3
0,407,0,6,11197.512345255574,0,2,2.2
0,469,0,2,11306.797790262266,0,3,2.2
0,545,0,6,10166.324153461564,0,2,2.2
1,554,0,4,10798.464360418331,1,3,2.4
1,591,0,3,8854.961140364916,1,2,2.4
1,165,0,3,8827.120131852724,1,3,2.4
1,389,1,4,4050.087152622385,1,1,2.3
0,421,0,2,5403.303546055394,0,1,2.2
1,288,0,4,2634.796236539136,1,2,2.4
1,559,0,1,3187.7398386596865,1,3,2.4
0,268,0,1,584.7796354185459,0,1,2.2
0,535,0,5,9112.98325755647,0,2,2.2
0,141,0,1,333.4105056541978,0,1,2.2
1,327,1,2,10099.039933092849,1,1,2.3
0,577,0,4,9552.838209038075,1,3,2.2
1,473,0,1,7577.5500235320515,1,2,2.4
0,493,1,1,5965.918550572289,1,1,2.3
1,405,0,3,3260.9737922635054,1,1,2.4
1,522,0,4,7245.9167941971555,1,3,2.4
0,17,0,3,3036.020711477458,1,2,2.1
0,228,1,6,10130.863999842804,0,2,2.3
0,564,0,1,4460.221104134558,1,1,2.2
0,436,0,5,10616.277854360358,1,3,2.2
1,484,0,1,3929.702142863069,1,2,2.4
0,227,0,1,3582.4472161754447,1,1,2.2
0,34,0,4,879.2740135394778,1,2,2.1
0,105,0,2,648.2710987648674,1,3,2.2
1,119,0,5,3610.858546214121,1,1,2.4
1,512,0,2,612.1166883062374,1,3,2.4
0,502,0,5,11391.893859814552,1,3,2.2
1,258,0,6,5553.7637903689565,1,3,2.4
1,90,0,1,4915.7261762565595,1,2,2.4
1,318,0,4,1930.6732526829674,1,1,2.4
1,550,0,5,7198.280224226929,1,2,2.4
1,142,0,2,7016.831832633872,1,1,2.4
0,325,0,4,6726.548585423353,0,1,2.2
0,66,0,6,3605.0374064123853,0,1,2.2
0,383,1,6,4660.459635023508,1,3,2.3
0,312,0,2,1659.852983893223,0,1,2.2
1,223,1,3,4292.190740408325,1,1,2.3
1,298,0,2,7958.399030083525,1,1,2.4
1,530,0,5,10915.717269291323,1,1,2.4
0,593,1,1,2523.4863208514284,1,1,2.3
0,74,0,5,8280.771815711862,1,2,2.2
1,172,1,1,82.27954116825343,1,1,2.3
1,248,0,6,9992.28113466865,1,2,2.4
1,395,1,6,2616.0847452026806,1,1,2.3
1,21,0,6,5590.9258789894775,1,3,2.1
1,86,1,2,8393.67466925895,1,1,2.3
1,531,0,2,6376.757099468255,1,2,2.4
1,437,0,3,3451.092661494117,1,2,2.4
1,565,1,5,4321.923086728,1,2,2.3
1,502,0,3,5049.680885673594,1,3,2.4
0,313,0,3,2564.1193262047823,0,2,2.2
1,224,0,2,5669.476569678614,1,3,2.4
1,484,0,6,11193.89035672746,1,1,2.4
0,477,0,5,9446.20006652552,1,1,2.2
0,483,0,2,10126.981411720084,1,3,2.2
1,64,1,4,4592.794196394156,1,2,2.3
0,295,1,2,11437.27824708394,1,3,2.3
1,539,0,4,2208.826079989485,1,2,2.4
1,118,0,6,8880.955154717114,1,1,2.4
0,295,0,6,707.7006212679586,0,1,2.2
1,70,0,2,320.1230503427582,1,2,2.4
1,378,0,5,10845.722682560376,1,3,2.4
0,366,0,6,2023.8173442454508,1,1,2.2
1,130,0,3,6773.559917114789,1,3,2.4
0,346,1,5,11481.021746553308,1,2,2.3
1,566,0,3,9619.673461388149,1,2,2.4
1,187,0,1,8031.697459473212,1,2,2.4
1,203,0,3,6392.469698538301,1,3,2.4
1,362,0,6,5769.075602571644,1,3,2.4
1,304,0,2,3281.8319163835454,1,1,2.4
1,242,0,1,8948.013964090393,1,1,2.4
1,479,0,3,6205.258295252831,1,3,2.4
1,237,0,4,871.573877459694,1,3,2.4
1,346,1,6,9847.42436294771,1,1,2.3
0,233,0,3,170.35006124578388,0,3,2.2
1,440,0,5,2522.6484387860974,1,3,2.4
1,504,0,5,6101.118364943897,1,3,2.4
0,95,0,4,5438.29865446312,0,1,2.2
1,187,0,5,8820.049682250139,1,3,2.4
1,309,0,5,6247.7323534588495,1,1,2.4
1,387,0,1,6924.591158514262,1,3,2.4
0,457,0,6,5171.347120591416,1,3,2.2
1,135,0,6,444.07447700699123,1,3,2.4
0,191,0,5,11175.680346762467,1,2,2.2
1,565,0,6,3270.4060990936923,1,2,2.4
1,281,0,5,11106.912467800723,1,3,2.4
0,408,0,3,9854.932513661368,0,1,2.2
0,593,0,3,3292.7404705340873,0,3,2.2
1,305,0,4,4819.356129711241,1,3,2.4
1,437,1,4,11257.749364333857,1,2,2.3
0,382,0,1,289.1400973638588,0,1,2.2
0,274,0,6,10433.969165479635,1,1,2.2
1,330,0,6,11659.236369755612,1,2,2.4
0,211,0,2,7145.321491265796,0,1,2.2
1,593,1,2,10539.767343377369,1,3,2.3
0,99,0,4,7801.315625791653,1,1,2.2
0,125,0,2,6462.648192839151,1,2,2.2
1,293,0,2,11001.245160552027,1,2,2.4
1,512,0,3,9457.641116898887,1,2,2.4
1,584,1,1,9791.716211909516,1,1,2.3
1,80,0,2,716.0395416917554,1,3,2.4
0,158,1,5,1896.194172662156,1,1,2.3
1,253,0,1,7742.794962692933,1,1,2.4
1,406,0,4,2502.999692605431,1,1,2.4
1,470,0,4,4498.331277473553,1,1,2.4
0,474,0,6,4417.1452416066195,1,3,2.2
0,40,0,5,2444.1926748084506,1,3,2.1
0,86,0,1,2681.9143349641836,1,1,2.2
1,471,1,5,11162.8088147366,1,2,2.3
0,319,0,6,413.5612988663231,0,1,2.2
1,258,1,6,1514.1037533182714,1,1,2.3
1,379,0,5,10445.375909989334,1,1,2.4
0,236,0,2,11994.087017016773,1,3,2.2
1,170,0,2,87.30373370909504,1,3,2.4
1,89,0,5,8141.3602524705075,1,1,2.4
1,278,0,5,1660.834049612751,1,2,2.4
1,258,0,2,6386.645546378266,1,2,2.4
1,596,0,5,9629.187835525865,1,1,2.4
1,347,0,6,10296.94878214783,1,2,2.4
1,502,0,2,9008.027738180834,1,1,2.4
1,68,0,1,5346.878625625798,1,2,2.4
1,480,1,4,7998.33767919552,1,2,2.3
0,383,0,6,8121.083023766763,0,3,2.2
1,51,0,6,1539.1397821048781,1,1,2.4
1,494,0,4,2199.7610088813235,1,2,2.4
0,168,0,6,7744.221734283759,1,1,2.2
0,474,0,3,434.37498035544513,1,2,2.2
0,30,0,2,2165.667369614349,0,3,2.1
0,228,0,1,6080.4606185795,1,2,2.2
0,229,0,5,3533.6272914067486,1,2,2.2
0,330,0,2,7496.7829572477285,1,2,2.2
1,48,0,4,10718.273388806445,1,1,2.1
1,285,0,2,4125.154262774477,1,2,2.4
0,398,0,4,1501.5040123401734,1,3,2.2
1,281,0,5,8927.759203446984,1,3,2.4
0,438,0,6,1086.6358252574903,0,3,2.2
1,272,1,1,10910.447170077123,1,1,2.3
1,104,1,6,252.07226841358673,1,1,2.3
1,474,0,4,4208.960324863622,1,1,2.4
0,106,0,1,3665.9762243361833,0,2,2.2
0,337,0,1,2574.8561989607565,1,3,2.2
1,588,0,6,3191.4243887724456,1,3,2.4
1,87,0,1,1275.287730446096,1,2,2.4
0,433,1,2,3030.040666550911,1,3,2.3
1,391,0,6,235.97242779165623,1,1,2.4
0,193,0,4,1523.504373591026,1,1,2.2
1,55,0,2,3491.34436479338,1,3,2.4
0,599,0,2,6255.396984623492,1,1,2.2
0,441,1,4,5033.810072980832,0,3,2.3
0,475,0,6,10989.948730559061,0,3,2.2
1,223,0,3,2768.5161458852954,1,1,2.4
1,446,0,2,5658.413399669467,1,2,2.4
0,48,0,1,4542.720920205931,1,3,2.1
0,104,0,5,7583.291066130194,0,2,2.2
0,564,0,5,9163.709204442237,0,3,2.2
0,108,0,3,3891.4766114762633,0,1,2.2
0,445,0,6,8187.096012889859,1,2,2.2
0,134,0,1,8479.297687786637,0,2,2.2
0,11,0,3,7306.391931065769,1,1,2.1
1,132,0,4,6988.406137764127,1,3,2.4
1,290,0,4,3320.8335102154683,1,3,2.4
1,271,0,1,1962.885560566431,1,1,2.4
1,507,0,5,9526.447501514333,1,2,2.4
0,321,0,6,10486.940764234017,0,1,2.2
0,54,0,6,1106.8291686592543,1,1,2.2
1,455,0,3,5216.39010355005,1,1,2.4
0,37,0,4,630.3715040585869,1,2,2.1
1,346,0,1,1352.5498788625644,1,1,2.4
0,32,0,6,1767.1147067777201,1,2,2.1
0,459,0,4,6552.976743064044,0,2,2.2
0,520,1,6,977.701028735052,1,1,2.3
0,360,0,2,5037.776176021531,0,1,2.2
0,449,0,2,6678.589543482341,0,1,2.2
1,58,0,1,9449.259789561873,1,3,2.4
1,425,0,4,10475.963002939541,1,2,2.4
0,417,0,3,2038.6506975157313,1,2,2.2
0,352,0,6,8887.066286127689,1,1,2.2
0,25,0,2,145.98077331369407,1,1,2.1
0,177,0,1,914.5646932749521,1,2,2.2
0,487,0,3,11494.07852396723,1,1,2.2
1,450,0,4,7238.504651237488,1,1,2.4
1,15,0,4,11970.289260659656,1,3,2.1
0,166,0,3,9333.480906434463,1,2,2.2
1,542,1,6,1755.5261549240302,1,1,2.3
0,240,0,2,5672.928320743784,1,2,2.2
0,161,0,1,11632.527208928977,1,3,2.2
1,360,0,4,7107.54640997609,1,2,2.4
1,184,0,5,2885.9465652364984,1,1,2.4
0,32,0,3,6458.765471276379,0,3,2.1
0,47,0,3,10071.952996184862,0,1,2.1
1,345,0,3,11880.26834912071,1,2,2.4
1,547,0,5,8340.208519445026,1,2,2.4
0,363,0,6,8607.31711575504,0,2,2.2
1,533,0,5,10572.552690950535,1,2,2.4
0,503,0,5,6999.289167611471,0,3,2.2
1,82,1,6,8367.61505013813,1,3,2.3
1,540,0,2,7496.6110396646845,1,2,2.4
0,519,0,3,10928.638838388431,0,3,2.2
1,156,0,5,5005.642513746281,1,1,2.4
1,195,0,4,7550.057494093336,1,2,2.4
1,509,0,5,8545.609159137206,1,3,2.4
1,159,0,3,9487.25272860515,1,3,2.4
1,416,1,1,5209.207244922048,1,1,2.3
0,72,0,1,6694.885155537965,0,1,2.2
0,586,0,1,6553.1900252578525,1,2,2.2
0,36,0,3,1562.4175312557709,1,3,2.1
0,39,1,5,6908.70755476944,1,2,2.3
1,453,0,1,1129.3067955739227,1,1,2.4
0,175,0,4,2091.7793826682546,0,2,2.2
1,32,0,3,1953.4322963260288,1,3,2.1
1,228,0,4,6143.184881057042,1,3,2.4
0,232,0,4,155.54052890167685,0,3,2.2
1,50,0,1,6550.040126868706,1,1,2.1
0,483,0,6,2344.3038052579413,0,2,2.2
1,245,1,4,2245.5536670801766,1,3,2.3
0,61,0,2,1974.5022687801268,0,3,2.2
0,271,0,5,4939.268265615587,0,2,2.2
1,267,1,5,2567.0490811778964,1,1,2.3
0,571,0,2,5037.3076476344895,1,2,2.2
0,584,0,1,4211.881653590138,0,1,2.2
0,381,1,1,5996.022972641919,0,2,2.3
0,280,0,1,10066.002456742986,1,2,2.2
0,25,0,4,11515.30316910692,1,3,2.1
0,56,0,2,10736.919575157845,1,2,2.2
1,562,0,1,11911.449017409444,1,1,2.4
1,595,0,4,4619.256945104695,1,3,2.4
1,355,0,1,10590.475822792,1,2,2.4
0,592,1,6,8469.803083993536,0,1,2.3
1,208,1,4,10506.66264838084,1,3,2.3
0,290,1,5,3005.8488932220266,1,1,2.3
1,71,0,5,9594.314082617831,1,2,2.4
1,356,0,5,9723.204854904441,1,3,2.4
0,525,0,2,645.2041371218913,0,2,2.2
1,375,0,1,1172.2240797308095,1,2,2.4
0,498,0,2,10779.70636428556,0,2,2.2
1,91,0,1,1183.7050164683983,1,2,2.4
1,454,0,1,2165.6452206658814,1,3,2.4
1,416,0,1,10285.989948054294,1,1,2.4
0,573,0,5,4757.633963052486,1,1,2.2
1,321,0,3,270.5638452023335,1,3,2.4
1,51,0,2,8709.079863380392,1,1,2.4
0,446,0,3,4102.096978489026,1,1,2.2
1,201,0,3,3163.1834729598295,1,1,2.4
0,163,0,1,5974.018853864402,1,3,2.2
1,152,0,4,9540.244370609435,1,2,2.4
1,73,0,1,8495.845118246492,1,1,2.4
0,82,1,5,10360.323120773119,1,1,2.3
1,212,0,2,4123.474648028041,1,2,2.4
1,415,0,6,6331.948368238098,1,3,2.4
0,552,0,4,3646.3797031184786,1,1,2.2
1,448,0,3,1913.0198603023646,1,1,2.4
1,525,1,4,1325.738149408237,1,1,2.3
0,546,1,3,2251.781220208479,0,3,2.3
1,408,0,5,6609.973309226034,1,2,2.4
1,407,0,4,509.18646538675017,1,1,2.4
0,231,1,2,8116.807136364542,1,3,2.3
1,535,0,5,3403.0530808937087,1,3,2.4
1,88,0,6,11396.972373508139,1,1,2.4
1,485,0,2,512.2852511734388,1,1,2.4
0,67,0,1,11883.67439476069,1,1,2.2
1,53,0,6,11189.332544602907,1,3,2.4
1,303,0,3,8349.776589745425,1,3,2.4
0,75,0,2,10273.057158616693,0,2,2.2
0,42,0,2,2630.4615380406144,0,1,2.1
0,189,0,6,3634.6882024466636,0,3,2.2
1,448,1,6,9692.447207640284,1,1,2.3
0,124,1,2,769.6333551205734,0,2,2.3
1,39,0,4,5798.174418615518,1,1,2.1
1,106,0,3,3108.9700681738163,1,3,2.4
1,324,0,5,2344.901823030099,1,1,2.4
0,557,1,2,2951.4779229239884,0,3,2.3
1,20,1,3,10875.223244049597,1,3,2.3
0,421,0,4,1016.119279636885,1,1,2.2
1,563,0,4,7948.953570909193,1,1,2.4
1,459,0,6,4577.252862470159,1,2,2.4
0,549,0,1,11361.437923595988,0,2,2.2
1,317,0,6,6853.555661224323,1,2,2.4
0,582,0,4,1612.1818729789318,1,1,2.2
0,17,0,4,7176.805749918589,1,3,2.1
0,92,0,3,6419.715209784654,0,2,2.2
1,344,1,3,8126.908070064106,1,2,2.3
1,358,0,1,3081.350036504273,1,2,2.4
0,509,0,2,421.1867942552502,1,3,2.2
1,122,0,5,455.9572899287631,1,1,2.4
1,207,0,4,3311.360065876237,1,3,2.4
1,21,0,4,3244.5881029339885,1,2,2.1
1,175,0,4,3147.744571384641,1,1,2.4
0,50,0,5,4667.665963875445,1,1,2.1
1,219,1,2,4189.043862146506,1,1,2.3
0,43,0,1,3299.983037948087,1,3,2.1
1,507,1,5,3644.633624970938,1,2,2.3
1,461,0,2,594.3243637859624,1,2,2.4
0,429,0,6,2642.471543617664,0,3,2.2
1,274,0,6,4734.752940902916,1,3,2.4
0,32,0,5,8912.846673242,1,2,2.1
1,316,0,6,9923.916340857844,1,2,2.4
1,417,0,1,11633.340579068574,1,3,2.4
1,396,1,2,7886.538756320952,1,3,2.3
1,149,0,5,9797.725776524772,1,1,2.4
1,494,1,5,2497.378223023045,1,3,2.3
0,30,0,5,10034.649240154593,0,2,2.1
1,351,0,3,3921.5144734103906,1,2,2.4
0,414,0,2,8273.684518831047,1,2,2.2
1,39,0,5,7459.377711754905,1,1,2.1
1,508,0,1,316.5053735387908,1,3,2.4
1,216,0,5,619.0019694680929,1,1,2.4
1,119,0,2,3982.6957697613766,1,2,2.4
0,60,0,2,10127.821640958653,1,3,2.2
1,243,0,5,7222.612402190534,1,2,2.4
1,248,0,1,7624.09410444784,1,3,2.4
0,376,0,2,3436.602450118596,1,2,2.2
0,430,0,4,3218.911457807358,1,3,2.2
0,349,0,5,7297.17041774537,1,2,2.2
1,449,0,4,4636.0984677497045,1,1,2.4
1,446,0,5,3022.482032179628,1,1,2.4
1,391,0,1,5154.534284377473,1,2,2.4
0,165,0,6,3595.700136917783,1,2,2.2
1,186,0,5,7551.406189969075,1,3,2.4
1,276,0,3,280.85492223536835,1,2,2.4
0,521,0,3,2776.723719693595,0,1,2.2
1,463,0,3,8628.520821018601,1,1,2.4
0,414,1,3,10754.796347230656,0,3,2.3
0,501,0,6,8734.481294422443,1,3,2.2
1,447,0,5,1125.1089823884827,1,3,2.4
1,384,1,4,9810.106089698544,1,2,2.3
1,311,0,6,7623.09746043876,1,2,2.4
1,59,0,6,2745.680332725086,1,1,2.4
1,329,0,1,1625.4475827519946,1,1,2.4
1,141,1,4,6604.378849702038,1,2,2.3
0,570,1,6,861.7181404627737,0,3,2.3
1,115,1,1,9366.323278382459,1,1,2.3
0,90,0,1,6969.916705847634,0,1,2.2
1,43,0,3,1419.9473258491967,1,2,2.1
1,121,0,5,4110.932944847715,1,2,2.4
1,27,0,3,11006.65420563964,1,2,2.1
1,21,0,3,11421.662571872468,1,3,2.1
1,318,0,5,4743.492981150394,1,1,2.4
0,100,0,4,1571.4651839507314,1,3,2.2
0,323,0,2,258.74415683408137,0,3,2.2
1,47,0,1,4226.347928581807,1,2,2.1
1,307,0,4,11014.42049040266,1,1,2.4
1,294,0,2,2432.2340408890013,1,2,2.4
1,67,0,5,580.5234163834576,1,2,2.4
0,467,0,5,5369.076864905532,1,3,2.2
0,157,0,1,11648.102552876962,1,1,2.2
